dataset_role,event_id,method,candidate_budget_k,oracle_v2_hard_feasible,oracle_v2_usable_feasible,hard_valid_recovered,usable_valid_recovered,selected_or_constructed_candidate_count,validator_execution_count,unique_path_count,hard_valid_candidate_count,usable_valid_candidate_count,frozen_artifact_candidate_parity,frozen_artifact_candidate_parity_count,best_hard_path_digest,best_usable_path_digest
DEVELOPMENT,DVE001,PRODUCTION,PRODUCTION,True,True,False,False,2,2,2,0,0,,,,
DEVELOPMENT,DVE001,H3_FIXED_BOUNDED,24,True,True,True,True,24,24,24,10,10,True,24,7c9db0501ba86a94,7c9db0501ba86a94
DEVELOPMENT,DVE001,H4A_GEOMETRY_TRANSITION,24,True,True,True,True,24,24,24,6,6,True,24,f6eed4417b88de36,f6eed4417b88de36
DEVELOPMENT,DVE001,H4B_GEOMETRY_LATERAL_TRANSITION,12,True,True,True,True,12,12,12,4,4,True,12,ebc38246c261ee30,ebc38246c261ee30
DEVELOPMENT,DVE002,PRODUCTION,PRODUCTION,True,True,False,False,2,2,1,0,0,,,,
DEVELOPMENT,DVE002,H3_FIXED_BOUNDED,24,True,True,False,False,24,16,8,0,0,True,24,,
DEVELOPMENT,DVE002,H4A_GEOMETRY_TRANSITION,24,True,True,False,False,24,14,9,0,0,True,24,,
DEVELOPMENT,DVE002,H4B_GEOMETRY_LATERAL_TRANSITION,12,True,True,False,False,12,8,8,0,0,True,12,,
DEVELOPMENT,DVE003,PRODUCTION,PRODUCTION,False,False,False,False,3,3,3,0,0,,,,
DEVELOPMENT,DVE003,H3_FIXED_BOUNDED,24,False,False,False,False,24,24,24,0,0,True,24,,
DEVELOPMENT,DVE003,H4A_GEOMETRY_TRANSITION,24,False,False,False,False,24,24,24,0,0,True,24,,
DEVELOPMENT,DVE003,H4B_GEOMETRY_LATERAL_TRANSITION,12,False,False,False,False,12,12,12,0,0,True,12,,
DEVELOPMENT,DVE004,PRODUCTION,PRODUCTION,True,False,False,False,1,1,1,0,0,,,,
DEVELOPMENT,DVE004,H3_FIXED_BOUNDED,24,True,False,True,False,23,5,5,1,0,True,23,02ad20ab80135e1b,
DEVELOPMENT,DVE004,H4A_GEOMETRY_TRANSITION,24,True,False,True,False,23,5,5,1,0,True,23,02ad20ab80135e1b,
DEVELOPMENT,DVE004,H4B_GEOMETRY_LATERAL_TRANSITION,12,True,False,True,False,12,5,5,1,0,True,12,02ad20ab80135e1b,
DEVELOPMENT,DVE005,PRODUCTION,PRODUCTION,True,True,False,False,7,7,7,0,0,,,,
DEVELOPMENT,DVE005,H3_FIXED_BOUNDED,24,True,True,False,False,24,21,21,0,0,True,24,,
DEVELOPMENT,DVE005,H4A_GEOMETRY_TRANSITION,24,True,True,False,False,24,14,14,0,0,True,24,,
DEVELOPMENT,DVE005,H4B_GEOMETRY_LATERAL_TRANSITION,12,True,True,False,False,12,5,5,0,0,True,12,,
DEVELOPMENT,DVE006,PRODUCTION,PRODUCTION,True,False,False,False,2,2,2,0,0,,,,
DEVELOPMENT,DVE006,H3_FIXED_BOUNDED,24,True,False,True,False,24,23,23,2,0,True,24,237444ab00c11840,
DEVELOPMENT,DVE006,H4A_GEOMETRY_TRANSITION,24,True,False,True,False,24,20,20,1,0,True,24,b4238ca654427877,
DEVELOPMENT,DVE006,H4B_GEOMETRY_LATERAL_TRANSITION,12,True,False,True,False,12,12,12,1,0,True,12,b4238ca654427877,
DEVELOPMENT,DVE007,PRODUCTION,PRODUCTION,True,False,False,False,1,1,1,0,0,,,,
DEVELOPMENT,DVE007,H3_FIXED_BOUNDED,24,True,False,True,False,23,5,5,1,0,True,23,19d0c38394f7bb60,
DEVELOPMENT,DVE007,H4A_GEOMETRY_TRANSITION,24,True,False,True,False,23,5,5,1,0,True,23,19d0c38394f7bb60,
DEVELOPMENT,DVE007,H4B_GEOMETRY_LATERAL_TRANSITION,12,True,False,True,False,12,5,5,1,0,True,12,19d0c38394f7bb60,
DEVELOPMENT,DVE008,PRODUCTION,PRODUCTION,False,False,False,False,2,2,1,0,0,,,,
DEVELOPMENT,DVE008,H3_FIXED_BOUNDED,24,False,False,False,False,24,8,4,0,0,True,24,,
DEVELOPMENT,DVE008,H4A_GEOMETRY_TRANSITION,24,False,False,False,False,24,8,4,0,0,True,24,,
DEVELOPMENT,DVE008,H4B_GEOMETRY_LATERAL_TRANSITION,12,False,False,False,False,12,4,4,0,0,True,12,,
DEVELOPMENT,DVE009,PRODUCTION,PRODUCTION,False,False,False,False,3,3,2,0,0,,,,
DEVELOPMENT,DVE009,H3_FIXED_BOUNDED,24,False,False,False,False,24,22,14,0,0,True,24,,
DEVELOPMENT,DVE009,H4A_GEOMETRY_TRANSITION,24,False,False,False,False,24,21,16,0,0,True,24,,
DEVELOPMENT,DVE009,H4B_GEOMETRY_LATERAL_TRANSITION,12,False,False,False,False,12,11,9,0,0,True,12,,
DEVELOPMENT,DVE010,PRODUCTION,PRODUCTION,False,False,False,False,2,2,1,0,0,,,,
DEVELOPMENT,DVE010,H3_FIXED_BOUNDED,24,False,False,False,False,24,16,8,0,0,True,24,,
DEVELOPMENT,DVE010,H4A_GEOMETRY_TRANSITION,24,False,False,False,False,24,14,9,0,0,True,24,,
DEVELOPMENT,DVE010,H4B_GEOMETRY_LATERAL_TRANSITION,12,False,False,False,False,12,7,7,0,0,True,12,,
DEVELOPMENT,DVE011,PRODUCTION,PRODUCTION,False,False,False,False,2,2,1,0,0,,,,
DEVELOPMENT,DVE011,H3_FIXED_BOUNDED,24,False,False,False,False,24,16,8,0,0,True,24,,
DEVELOPMENT,DVE011,H4A_GEOMETRY_TRANSITION,24,False,False,False,False,24,14,9,0,0,True,24,,
DEVELOPMENT,DVE011,H4B_GEOMETRY_LATERAL_TRANSITION,12,False,False,False,False,12,8,8,0,0,True,12,,
DEVELOPMENT,DVE012,PRODUCTION,PRODUCTION,True,True,False,False,30,30,30,0,0,,,,
DEVELOPMENT,DVE012,H3_FIXED_BOUNDED,24,True,True,False,False,24,24,24,0,0,True,24,,
DEVELOPMENT,DVE012,H4A_GEOMETRY_TRANSITION,24,True,True,True,True,24,24,24,2,2,True,24,a0feee5ff0eec82b,a0feee5ff0eec82b
DEVELOPMENT,DVE012,H4B_GEOMETRY_LATERAL_TRANSITION,12,True,True,True,True,12,11,11,2,2,True,12,a0feee5ff0eec82b,a0feee5ff0eec82b
DEVELOPMENT,DVE013,PRODUCTION,PRODUCTION,False,False,False,False,4,4,2,0,0,,,,
DEVELOPMENT,DVE013,H3_FIXED_BOUNDED,24,False,False,False,False,24,19,11,0,0,True,24,,
DEVELOPMENT,DVE013,H4A_GEOMETRY_TRANSITION,24,False,False,False,False,24,15,15,0,0,True,24,,
DEVELOPMENT,DVE013,H4B_GEOMETRY_LATERAL_TRANSITION,12,False,False,False,False,12,2,2,0,0,True,12,,
DEVELOPMENT,DVE014,PRODUCTION,PRODUCTION,True,True,False,False,9,9,8,0,0,,,,
DEVELOPMENT,DVE014,H3_FIXED_BOUNDED,24,True,True,False,False,24,24,20,0,0,True,24,,
DEVELOPMENT,DVE014,H4A_GEOMETRY_TRANSITION,24,True,True,True,True,24,20,20,2,2,True,24,688f323ac5b5281a,688f323ac5b5281a
DEVELOPMENT,DVE014,H4B_GEOMETRY_LATERAL_TRANSITION,12,True,True,True,True,12,10,10,1,1,True,12,688f323ac5b5281a,688f323ac5b5281a
DEVELOPMENT,DVE015,PRODUCTION,PRODUCTION,True,True,False,False,2,2,1,0,0,,,,
DEVELOPMENT,DVE015,H3_FIXED_BOUNDED,24,True,True,True,True,24,8,4,2,2,True,24,602d3be1ba00d3cb,602d3be1ba00d3cb
DEVELOPMENT,DVE015,H4A_GEOMETRY_TRANSITION,24,True,True,True,True,24,8,4,2,2,True,24,602d3be1ba00d3cb,602d3be1ba00d3cb
DEVELOPMENT,DVE015,H4B_GEOMETRY_LATERAL_TRANSITION,12,True,True,True,True,12,4,4,2,2,True,12,602d3be1ba00d3cb,602d3be1ba00d3cb
DEVELOPMENT,DVE016,PRODUCTION,PRODUCTION,False,False,False,False,7,7,4,0,0,,,,
DEVELOPMENT,DVE016,H3_FIXED_BOUNDED,24,False,False,False,False,24,23,14,0,0,True,24,,
DEVELOPMENT,DVE016,H4A_GEOMETRY_TRANSITION,24,False,False,False,False,24,18,17,0,0,True,24,,
DEVELOPMENT,DVE016,H4B_GEOMETRY_LATERAL_TRANSITION,12,False,False,False,False,12,8,8,0,0,True,12,,
DEVELOPMENT,DVE017,PRODUCTION,PRODUCTION,True,True,False,False,2,2,1,0,0,,,,
DEVELOPMENT,DVE017,H3_FIXED_BOUNDED,24,True,True,True,True,24,24,13,4,4,True,24,bc6cb2885e4141a3,bc6cb2885e4141a3
DEVELOPMENT,DVE017,H4A_GEOMETRY_TRANSITION,24,True,True,True,True,24,24,17,4,4,True,24,bc6cb2885e4141a3,bc6cb2885e4141a3
DEVELOPMENT,DVE017,H4B_GEOMETRY_LATERAL_TRANSITION,12,True,True,True,True,12,12,12,4,4,True,12,bc6cb2885e4141a3,bc6cb2885e4141a3
DEVELOPMENT,DVE018,PRODUCTION,PRODUCTION,True,True,False,False,9,9,9,0,0,,,,
DEVELOPMENT,DVE018,H3_FIXED_BOUNDED,24,True,True,True,True,24,24,24,6,6,True,24,4ec7525c20ab9ded,4ec7525c20ab9ded
DEVELOPMENT,DVE018,H4A_GEOMETRY_TRANSITION,24,True,True,True,True,24,20,20,5,5,True,24,a0699a49449cddb1,a0699a49449cddb1
DEVELOPMENT,DVE018,H4B_GEOMETRY_LATERAL_TRANSITION,12,True,True,True,True,12,10,10,2,2,True,12,17cd9e6e8b2a381c,17cd9e6e8b2a381c
DEVELOPMENT,DVE019,PRODUCTION,PRODUCTION,True,False,False,False,5,5,4,0,0,,,,
DEVELOPMENT,DVE019,H3_FIXED_BOUNDED,24,True,False,True,False,24,23,21,2,0,True,24,4d1da368290ee309,
DEVELOPMENT,DVE019,H4A_GEOMETRY_TRANSITION,24,True,False,True,False,24,21,21,2,0,True,24,4c2be52d52210533,
DEVELOPMENT,DVE019,H4B_GEOMETRY_LATERAL_TRANSITION,12,True,False,True,False,12,11,11,2,0,True,12,4c2be52d52210533,
DEVELOPMENT,DVE020,PRODUCTION,PRODUCTION,True,True,False,False,3,3,3,0,0,,,,
DEVELOPMENT,DVE020,H3_FIXED_BOUNDED,24,True,True,True,True,24,24,24,2,2,True,24,086e59b74469eabb,086e59b74469eabb
DEVELOPMENT,DVE020,H4A_GEOMETRY_TRANSITION,24,True,True,True,True,24,24,24,3,3,True,24,086e59b74469eabb,086e59b74469eabb
DEVELOPMENT,DVE020,H4B_GEOMETRY_LATERAL_TRANSITION,12,True,True,True,True,12,12,12,3,3,True,12,086e59b74469eabb,086e59b74469eabb
DEVELOPMENT,DVE021,PRODUCTION,PRODUCTION,False,False,False,False,2,2,1,0,0,,,,
DEVELOPMENT,DVE021,H3_FIXED_BOUNDED,24,False,False,False,False,24,8,4,0,0,True,24,,
DEVELOPMENT,DVE021,H4A_GEOMETRY_TRANSITION,24,False,False,False,False,24,8,4,0,0,True,24,,
DEVELOPMENT,DVE021,H4B_GEOMETRY_LATERAL_TRANSITION,12,False,False,False,False,12,4,4,0,0,True,12,,
DEVELOPMENT,DVE022,PRODUCTION,PRODUCTION,True,True,False,False,2,2,2,0,0,,,,
DEVELOPMENT,DVE022,H3_FIXED_BOUNDED,24,True,True,True,True,24,23,22,10,10,True,24,ff71459bd19cc5b9,ff71459bd19cc5b9
DEVELOPMENT,DVE022,H4A_GEOMETRY_TRANSITION,24,True,True,True,True,24,20,20,7,7,True,24,4691d3fd870f4b55,4691d3fd870f4b55
DEVELOPMENT,DVE022,H4B_GEOMETRY_LATERAL_TRANSITION,12,True,True,True,True,12,12,12,5,5,True,12,4691d3fd870f4b55,4691d3fd870f4b55
DEVELOPMENT,DVE023,PRODUCTION,PRODUCTION,True,False,False,False,2,2,1,0,0,,,,
DEVELOPMENT,DVE023,H3_FIXED_BOUNDED,24,True,False,True,False,24,24,14,6,0,True,24,89fac2212ef110e6,
DEVELOPMENT,DVE023,H4A_GEOMETRY_TRANSITION,24,True,False,True,False,24,24,22,6,0,True,24,89fac2212ef110e6,
DEVELOPMENT,DVE023,H4B_GEOMETRY_LATERAL_TRANSITION,12,True,False,True,False,12,12,12,6,0,True,12,89fac2212ef110e6,
DEVELOPMENT,DVE024,PRODUCTION,PRODUCTION,True,True,False,False,30,30,30,0,0,,,,
DEVELOPMENT,DVE024,H3_FIXED_BOUNDED,24,True,True,False,False,24,24,24,0,0,True,24,,
DEVELOPMENT,DVE024,H4A_GEOMETRY_TRANSITION,24,True,True,True,True,24,24,24,2,2,True,24,1b49ddcbf14a7f6e,1b49ddcbf14a7f6e
DEVELOPMENT,DVE024,H4B_GEOMETRY_LATERAL_TRANSITION,12,True,True,False,False,12,10,10,0,0,True,12,,
DEVELOPMENT,DVE025,PRODUCTION,PRODUCTION,False,False,False,False,7,7,4,0,0,,,,
DEVELOPMENT,DVE025,H3_FIXED_BOUNDED,24,False,False,False,False,24,17,10,0,0,True,24,,
DEVELOPMENT,DVE025,H4A_GEOMETRY_TRANSITION,24,False,False,False,False,24,12,11,0,0,True,24,,
DEVELOPMENT,DVE025,H4B_GEOMETRY_LATERAL_TRANSITION,12,False,False,False,False,12,4,4,0,0,True,12,,
DEVELOPMENT,DVE026,PRODUCTION,PRODUCTION,False,False,False,False,2,2,1,0,0,,,,
DEVELOPMENT,DVE026,H3_FIXED_BOUNDED,24,False,False,False,False,24,15,8,0,0,True,24,,
DEVELOPMENT,DVE026,H4A_GEOMETRY_TRANSITION,24,False,False,False,False,24,11,9,0,0,True,24,,
DEVELOPMENT,DVE026,H4B_GEOMETRY_LATERAL_TRANSITION,12,False,False,False,False,12,6,6,0,0,True,12,,
DEVELOPMENT,DVE027,PRODUCTION,PRODUCTION,False,False,False,False,8,8,8,0,0,,,,
DEVELOPMENT,DVE027,H3_FIXED_BOUNDED,24,False,False,False,False,24,24,24,0,0,True,24,,
DEVELOPMENT,DVE027,H4A_GEOMETRY_TRANSITION,24,False,False,False,False,24,24,24,0,0,True,24,,
DEVELOPMENT,DVE027,H4B_GEOMETRY_LATERAL_TRANSITION,12,False,False,False,False,12,12,12,0,0,True,12,,
DEVELOPMENT,DVE028,PRODUCTION,PRODUCTION,False,False,False,False,2,2,1,0,0,,,,
DEVELOPMENT,DVE028,H3_FIXED_BOUNDED,24,False,False,False,False,24,8,4,0,0,True,24,,
DEVELOPMENT,DVE028,H4A_GEOMETRY_TRANSITION,24,False,False,False,False,24,8,4,0,0,True,24,,
DEVELOPMENT,DVE028,H4B_GEOMETRY_LATERAL_TRANSITION,12,False,False,False,False,12,4,4,0,0,True,12,,
DEVELOPMENT,DVE029,PRODUCTION,PRODUCTION,True,True,False,False,30,30,30,0,0,,,,
DEVELOPMENT,DVE029,H3_FIXED_BOUNDED,24,True,True,False,False,24,24,24,0,0,True,24,,
DEVELOPMENT,DVE029,H4A_GEOMETRY_TRANSITION,24,True,True,False,False,24,24,24,0,0,True,24,,
DEVELOPMENT,DVE029,H4B_GEOMETRY_LATERAL_TRANSITION,12,True,True,False,False,12,10,10,0,0,True,12,,
DEVELOPMENT,DVE030,PRODUCTION,PRODUCTION,True,True,False,False,2,2,1,0,0,,,,
DEVELOPMENT,DVE030,H3_FIXED_BOUNDED,24,True,True,False,False,24,20,11,0,0,True,24,,
DEVELOPMENT,DVE030,H4A_GEOMETRY_TRANSITION,24,True,True,False,False,24,16,14,0,0,True,24,,
DEVELOPMENT,DVE030,H4B_GEOMETRY_LATERAL_TRANSITION,12,True,True,False,False,12,9,9,0,0,True,12,,
DEVELOPMENT,DVE031,PRODUCTION,PRODUCTION,True,True,False,False,9,9,9,0,0,,,,
DEVELOPMENT,DVE031,H3_FIXED_BOUNDED,24,True,True,True,True,24,24,24,1,1,True,24,cc1e01e52052979e,cc1e01e52052979e
DEVELOPMENT,DVE031,H4A_GEOMETRY_TRANSITION,24,True,True,True,True,24,19,19,4,4,True,24,6cec8ddcb47093e3,6cec8ddcb47093e3
DEVELOPMENT,DVE031,H4B_GEOMETRY_LATERAL_TRANSITION,12,True,True,True,True,12,10,10,2,2,True,12,b8d1d5e5f8fcef93,b8d1d5e5f8fcef93
DEVELOPMENT,DVE032,PRODUCTION,PRODUCTION,True,False,False,False,2,2,1,0,0,,,,
DEVELOPMENT,DVE032,H3_FIXED_BOUNDED,24,True,False,False,False,24,16,8,0,0,True,24,,
DEVELOPMENT,DVE032,H4A_GEOMETRY_TRANSITION,24,True,False,False,False,24,14,9,0,0,True,24,,
DEVELOPMENT,DVE032,H4B_GEOMETRY_LATERAL_TRANSITION,12,True,False,False,False,12,7,7,0,0,True,12,,
DEVELOPMENT,DVE033,PRODUCTION,PRODUCTION,False,False,False,False,2,2,1,0,0,,,,
DEVELOPMENT,DVE033,H3_FIXED_BOUNDED,24,False,False,False,False,24,15,8,0,0,True,24,,
DEVELOPMENT,DVE033,H4A_GEOMETRY_TRANSITION,24,False,False,False,False,24,11,9,0,0,True,24,,
DEVELOPMENT,DVE033,H4B_GEOMETRY_LATERAL_TRANSITION,12,False,False,False,False,12,6,6,0,0,True,12,,
DEVELOPMENT,DVE034,PRODUCTION,PRODUCTION,False,False,False,False,6,6,5,0,0,,,,
DEVELOPMENT,DVE034,H3_FIXED_BOUNDED,24,False,False,False,False,24,24,18,0,0,True,24,,
DEVELOPMENT,DVE034,H4A_GEOMETRY_TRANSITION,24,False,False,False,False,24,24,24,0,0,True,24,,
DEVELOPMENT,DVE034,H4B_GEOMETRY_LATERAL_TRANSITION,12,False,False,False,False,12,12,12,0,0,True,12,,
DEVELOPMENT,DVE035,PRODUCTION,PRODUCTION,False,False,False,False,8,8,4,0,0,,,,
DEVELOPMENT,DVE035,H3_FIXED_BOUNDED,24,False,False,False,False,24,24,14,0,0,True,24,,
DEVELOPMENT,DVE035,H4A_GEOMETRY_TRANSITION,24,False,False,False,False,24,18,17,0,0,True,24,,
DEVELOPMENT,DVE035,H4B_GEOMETRY_LATERAL_TRANSITION,12,False,False,False,False,12,8,8,0,0,True,12,,
DEVELOPMENT,DVE036,PRODUCTION,PRODUCTION,False,False,False,False,7,7,7,0,0,,,,
DEVELOPMENT,DVE036,H3_FIXED_BOUNDED,24,False,False,False,False,24,21,21,0,0,True,24,,
DEVELOPMENT,DVE036,H4A_GEOMETRY_TRANSITION,24,False,False,False,False,24,14,14,0,0,True,24,,
DEVELOPMENT,DVE036,H4B_GEOMETRY_LATERAL_TRANSITION,12,False,False,False,False,12,6,6,0,0,True,12,,
DEVELOPMENT,DVE037,PRODUCTION,PRODUCTION,True,True,False,False,3,3,3,0,0,,,,
DEVELOPMENT,DVE037,H3_FIXED_BOUNDED,24,True,True,False,False,24,24,24,0,0,True,24,,
DEVELOPMENT,DVE037,H4A_GEOMETRY_TRANSITION,24,True,True,False,False,24,24,24,0,0,True,24,,
DEVELOPMENT,DVE037,H4B_GEOMETRY_LATERAL_TRANSITION,12,True,True,False,False,12,12,12,0,0,True,12,,
DEVELOPMENT,DVE038,PRODUCTION,PRODUCTION,True,True,False,False,2,2,2,0,0,,,,
DEVELOPMENT,DVE038,H3_FIXED_BOUNDED,24,True,True,True,True,24,24,24,11,11,True,24,934f4d084c7f8e9a,934f4d084c7f8e9a
DEVELOPMENT,DVE038,H4A_GEOMETRY_TRANSITION,24,True,True,True,True,24,24,24,7,7,True,24,4e9b9331456c45de,4e9b9331456c45de
DEVELOPMENT,DVE038,H4B_GEOMETRY_LATERAL_TRANSITION,12,True,True,True,True,12,12,12,5,5,True,12,4e9b9331456c45de,4e9b9331456c45de
DEVELOPMENT,DVE039,PRODUCTION,PRODUCTION,True,True,False,False,18,18,18,0,0,,,,
DEVELOPMENT,DVE039,H3_FIXED_BOUNDED,24,True,True,False,False,24,24,24,0,0,True,24,,
DEVELOPMENT,DVE039,H4A_GEOMETRY_TRANSITION,24,True,True,False,False,24,24,24,0,0,True,24,,
DEVELOPMENT,DVE039,H4B_GEOMETRY_LATERAL_TRANSITION,12,True,True,True,True,12,12,12,1,1,True,12,41b950d6ba58d712,41b950d6ba58d712
DEVELOPMENT,DVE040,PRODUCTION,PRODUCTION,False,False,False,False,7,7,4,0,0,,,,
DEVELOPMENT,DVE040,H3_FIXED_BOUNDED,24,False,False,False,False,24,17,10,0,0,True,24,,
DEVELOPMENT,DVE040,H4A_GEOMETRY_TRANSITION,24,False,False,False,False,24,12,11,0,0,True,24,,
DEVELOPMENT,DVE040,H4B_GEOMETRY_LATERAL_TRANSITION,12,False,False,False,False,12,4,4,0,0,True,12,,
VALIDATION_SEEN_AFTER_V1,VUE001,PRODUCTION,PRODUCTION,False,False,False,False,12,12,8,0,0,,,,
VALIDATION_SEEN_AFTER_V1,VUE001,H3_FIXED_BOUNDED,24,False,False,False,False,24,24,17,0,0,True,24,,
VALIDATION_SEEN_AFTER_V1,VUE001,H4A_GEOMETRY_TRANSITION,24,False,False,False,False,24,24,24,0,0,True,24,,
VALIDATION_SEEN_AFTER_V1,VUE001,H4B_GEOMETRY_LATERAL_TRANSITION,12,False,False,False,False,12,12,12,0,0,True,12,,
VALIDATION_SEEN_AFTER_V1,VUE002,PRODUCTION,PRODUCTION,False,False,False,False,2,2,1,0,0,,,,
VALIDATION_SEEN_AFTER_V1,VUE002,H3_FIXED_BOUNDED,24,False,False,False,False,24,17,9,0,0,True,24,,
VALIDATION_SEEN_AFTER_V1,VUE002,H4A_GEOMETRY_TRANSITION,24,False,False,False,False,24,15,9,0,0,True,24,,
VALIDATION_SEEN_AFTER_V1,VUE002,H4B_GEOMETRY_LATERAL_TRANSITION,12,False,False,False,False,12,7,7,0,0,True,12,,
VALIDATION_SEEN_AFTER_V1,VUE003,PRODUCTION,PRODUCTION,False,False,False,False,8,8,4,0,0,,,,
VALIDATION_SEEN_AFTER_V1,VUE003,H3_FIXED_BOUNDED,24,False,False,False,False,24,24,14,0,0,True,24,,
VALIDATION_SEEN_AFTER_V1,VUE003,H4A_GEOMETRY_TRANSITION,24,False,False,False,False,24,18,17,0,0,True,24,,
VALIDATION_SEEN_AFTER_V1,VUE003,H4B_GEOMETRY_LATERAL_TRANSITION,12,False,False,False,False,12,8,8,0,0,True,12,,
VALIDATION_SEEN_AFTER_V1,VUE004,PRODUCTION,PRODUCTION,True,True,False,False,7,7,7,0,0,,,,
VALIDATION_SEEN_AFTER_V1,VUE004,H3_FIXED_BOUNDED,24,True,True,False,False,24,21,21,0,0,True,24,,
VALIDATION_SEEN_AFTER_V1,VUE004,H4A_GEOMETRY_TRANSITION,24,True,True,False,False,24,14,14,0,0,True,24,,
VALIDATION_SEEN_AFTER_V1,VUE004,H4B_GEOMETRY_LATERAL_TRANSITION,12,True,True,False,False,12,6,6,0,0,True,12,,
VALIDATION_SEEN_AFTER_V1,VUE005,PRODUCTION,PRODUCTION,True,True,False,False,9,9,9,0,0,,,,
VALIDATION_SEEN_AFTER_V1,VUE005,H3_FIXED_BOUNDED,24,True,True,True,True,24,24,24,1,1,True,24,1828424ed9c54d8c,1828424ed9c54d8c
VALIDATION_SEEN_AFTER_V1,VUE005,H4A_GEOMETRY_TRANSITION,24,True,True,True,True,24,20,20,4,4,True,24,1fe5aee2e5533c11,1fe5aee2e5533c11
VALIDATION_SEEN_AFTER_V1,VUE005,H4B_GEOMETRY_LATERAL_TRANSITION,12,True,True,True,True,12,10,10,2,2,True,12,afc15f0517858f16,afc15f0517858f16
VALIDATION_SEEN_AFTER_V1,VUE006,PRODUCTION,PRODUCTION,True,True,False,False,9,9,9,0,0,,,,
VALIDATION_SEEN_AFTER_V1,VUE006,H3_FIXED_BOUNDED,24,True,True,True,True,24,24,24,6,6,True,24,e8f4445e672d8753,e8f4445e672d8753
VALIDATION_SEEN_AFTER_V1,VUE006,H4A_GEOMETRY_TRANSITION,24,True,True,True,True,24,20,20,5,5,True,24,527c46d70c16e157,527c46d70c16e157
VALIDATION_SEEN_AFTER_V1,VUE006,H4B_GEOMETRY_LATERAL_TRANSITION,12,True,True,True,True,12,10,10,2,2,True,12,9e60565bd5c195f6,9e60565bd5c195f6
VALIDATION_SEEN_AFTER_V1,VUE007,PRODUCTION,PRODUCTION,True,True,False,False,9,9,9,0,0,,,,
VALIDATION_SEEN_AFTER_V1,VUE007,H3_FIXED_BOUNDED,24,True,True,True,True,24,24,24,6,6,True,24,39ed71e62309df7e,39ed71e62309df7e
VALIDATION_SEEN_AFTER_V1,VUE007,H4A_GEOMETRY_TRANSITION,24,True,True,True,True,24,20,20,5,5,True,24,27f98bf62a6b2b58,27f98bf62a6b2b58
VALIDATION_SEEN_AFTER_V1,VUE007,H4B_GEOMETRY_LATERAL_TRANSITION,12,True,True,True,True,12,10,10,2,2,True,12,b223371edefdb5a6,b223371edefdb5a6
VALIDATION_SEEN_AFTER_V1,VUE008,PRODUCTION,PRODUCTION,True,True,False,False,7,7,7,0,0,,,,
VALIDATION_SEEN_AFTER_V1,VUE008,H3_FIXED_BOUNDED,24,True,True,False,False,24,21,21,0,0,True,24,,
VALIDATION_SEEN_AFTER_V1,VUE008,H4A_GEOMETRY_TRANSITION,24,True,True,False,False,24,14,14,0,0,True,24,,
VALIDATION_SEEN_AFTER_V1,VUE008,H4B_GEOMETRY_LATERAL_TRANSITION,12,True,True,False,False,12,6,6,0,0,True,12,,
VALIDATION_SEEN_AFTER_V1,VUE009,PRODUCTION,PRODUCTION,True,False,False,False,2,2,1,0,0,,,,
VALIDATION_SEEN_AFTER_V1,VUE009,H3_FIXED_BOUNDED,24,True,False,True,False,24,15,8,2,0,True,24,9523042cb797ab83,
VALIDATION_SEEN_AFTER_V1,VUE009,H4A_GEOMETRY_TRANSITION,24,True,False,True,False,24,11,9,2,0,True,24,9523042cb797ab83,
VALIDATION_SEEN_AFTER_V1,VUE009,H4B_GEOMETRY_LATERAL_TRANSITION,12,True,False,True,False,12,6,6,2,0,True,12,9523042cb797ab83,
VALIDATION_SEEN_AFTER_V1,VUE010,PRODUCTION,PRODUCTION,True,False,False,False,2,2,1,0,0,,,,
VALIDATION_SEEN_AFTER_V1,VUE010,H3_FIXED_BOUNDED,24,True,False,False,False,24,16,8,0,0,True,24,,
VALIDATION_SEEN_AFTER_V1,VUE010,H4A_GEOMETRY_TRANSITION,24,True,False,False,False,24,14,9,0,0,True,24,,
VALIDATION_SEEN_AFTER_V1,VUE010,H4B_GEOMETRY_LATERAL_TRANSITION,12,True,False,False,False,12,7,7,0,0,True,12,,
VALIDATION_SEEN_AFTER_V1,VUE011,PRODUCTION,PRODUCTION,True,False,False,False,2,2,2,0,0,,,,
VALIDATION_SEEN_AFTER_V1,VUE011,H3_FIXED_BOUNDED,24,True,False,True,False,24,24,24,9,0,True,24,d363fc443e01abf3,
VALIDATION_SEEN_AFTER_V1,VUE011,H4A_GEOMETRY_TRANSITION,24,True,False,True,False,24,24,24,7,0,True,24,7a20a7b22008774e,
VALIDATION_SEEN_AFTER_V1,VUE011,H4B_GEOMETRY_LATERAL_TRANSITION,12,True,False,True,False,12,12,12,4,0,True,12,7a20a7b22008774e,
VALIDATION_SEEN_AFTER_V1,VUE012,PRODUCTION,PRODUCTION,True,False,False,False,2,2,1,0,0,,,,
VALIDATION_SEEN_AFTER_V1,VUE012,H3_FIXED_BOUNDED,24,True,False,False,False,24,16,8,0,0,True,24,,
VALIDATION_SEEN_AFTER_V1,VUE012,H4A_GEOMETRY_TRANSITION,24,True,False,False,False,24,14,9,0,0,True,24,,
VALIDATION_SEEN_AFTER_V1,VUE012,H4B_GEOMETRY_LATERAL_TRANSITION,12,True,False,False,False,12,7,7,0,0,True,12,,
VALIDATION_SEEN_AFTER_V1,VUE013,PRODUCTION,PRODUCTION,True,False,False,False,8,8,4,0,0,,,,
VALIDATION_SEEN_AFTER_V1,VUE013,H3_FIXED_BOUNDED,24,True,False,True,False,24,24,14,1,0,True,24,37b63f7febd7e276,
VALIDATION_SEEN_AFTER_V1,VUE013,H4A_GEOMETRY_TRANSITION,24,True,False,False,False,24,23,22,0,0,True,24,,
VALIDATION_SEEN_AFTER_V1,VUE013,H4B_GEOMETRY_LATERAL_TRANSITION,12,True,False,False,False,12,12,12,0,0,True,12,,
VALIDATION_SEEN_AFTER_V1,VUE014,PRODUCTION,PRODUCTION,True,False,False,False,2,2,1,0,0,,,,
VALIDATION_SEEN_AFTER_V1,VUE014,H3_FIXED_BOUNDED,24,True,False,True,False,24,16,8,1,0,True,24,64569fd84dd9a375,
VALIDATION_SEEN_AFTER_V1,VUE014,H4A_GEOMETRY_TRANSITION,24,True,False,True,False,24,14,9,1,0,True,24,64569fd84dd9a375,
VALIDATION_SEEN_AFTER_V1,VUE014,H4B_GEOMETRY_LATERAL_TRANSITION,12,True,False,True,False,12,8,8,1,0,True,12,64569fd84dd9a375,
VALIDATION_SEEN_AFTER_V1,VUE015,PRODUCTION,PRODUCTION,False,False,False,False,2,2,2,0,0,,,,
VALIDATION_SEEN_AFTER_V1,VUE015,H3_FIXED_BOUNDED,24,False,False,False,False,24,24,24,0,0,True,24,,
VALIDATION_SEEN_AFTER_V1,VUE015,H4A_GEOMETRY_TRANSITION,24,False,False,False,False,24,24,24,0,0,True,24,,
VALIDATION_SEEN_AFTER_V1,VUE015,H4B_GEOMETRY_LATERAL_TRANSITION,12,False,False,False,False,12,12,12,0,0,True,12,,
VALIDATION_SEEN_AFTER_V1,VUE016,PRODUCTION,PRODUCTION,False,False,False,False,3,3,3,0,0,,,,
VALIDATION_SEEN_AFTER_V1,VUE016,H3_FIXED_BOUNDED,24,False,False,False,False,24,24,23,0,0,True,24,,
VALIDATION_SEEN_AFTER_V1,VUE016,H4A_GEOMETRY_TRANSITION,24,False,False,False,False,24,24,24,0,0,True,24,,
VALIDATION_SEEN_AFTER_V1,VUE016,H4B_GEOMETRY_LATERAL_TRANSITION,12,False,False,False,False,12,12,12,0,0,True,12,,
VALIDATION_SEEN_AFTER_V1,VUE017,PRODUCTION,PRODUCTION,False,False,False,False,2,2,1,0,0,,,,
VALIDATION_SEEN_AFTER_V1,VUE017,H3_FIXED_BOUNDED,24,False,False,False,False,24,24,13,0,0,True,24,,
VALIDATION_SEEN_AFTER_V1,VUE017,H4A_GEOMETRY_TRANSITION,24,False,False,False,False,24,24,17,0,0,True,24,,
VALIDATION_SEEN_AFTER_V1,VUE017,H4B_GEOMETRY_LATERAL_TRANSITION,12,False,False,False,False,12,12,9,0,0,True,12,,
VALIDATION_SEEN_AFTER_V1,VUE018,PRODUCTION,PRODUCTION,True,True,False,False,9,9,9,0,0,,,,
VALIDATION_SEEN_AFTER_V1,VUE018,H3_FIXED_BOUNDED,24,True,True,False,False,24,24,24,0,0,True,24,,
VALIDATION_SEEN_AFTER_V1,VUE018,H4A_GEOMETRY_TRANSITION,24,True,True,False,False,24,20,20,0,0,True,24,,
VALIDATION_SEEN_AFTER_V1,VUE018,H4B_GEOMETRY_LATERAL_TRANSITION,12,True,True,False,False,12,9,9,0,0,True,12,,
VALIDATION_SEEN_AFTER_V1,VUE019,PRODUCTION,PRODUCTION,False,False,False,False,30,30,30,0,0,,,,
VALIDATION_SEEN_AFTER_V1,VUE019,H3_FIXED_BOUNDED,24,False,False,False,False,24,24,24,0,0,True,24,,
VALIDATION_SEEN_AFTER_V1,VUE019,H4A_GEOMETRY_TRANSITION,24,False,False,False,False,24,24,24,0,0,True,24,,
VALIDATION_SEEN_AFTER_V1,VUE019,H4B_GEOMETRY_LATERAL_TRANSITION,12,False,False,False,False,12,12,12,0,0,True,12,,
VALIDATION_SEEN_AFTER_V1,VUE020,PRODUCTION,PRODUCTION,True,True,False,False,2,2,1,0,0,,,,
VALIDATION_SEEN_AFTER_V1,VUE020,H3_FIXED_BOUNDED,24,True,True,False,False,24,8,4,0,0,True,24,,
VALIDATION_SEEN_AFTER_V1,VUE020,H4A_GEOMETRY_TRANSITION,24,True,True,False,False,24,8,4,0,0,True,24,,
VALIDATION_SEEN_AFTER_V1,VUE020,H4B_GEOMETRY_LATERAL_TRANSITION,12,True,True,False,False,12,4,4,0,0,True,12,,
VALIDATION_SEEN_AFTER_V1,VUE021,PRODUCTION,PRODUCTION,False,False,False,False,21,21,21,0,0,,,,
VALIDATION_SEEN_AFTER_V1,VUE021,H3_FIXED_BOUNDED,24,False,False,False,False,24,24,24,0,0,True,24,,
VALIDATION_SEEN_AFTER_V1,VUE021,H4A_GEOMETRY_TRANSITION,24,False,False,False,False,24,24,24,0,0,True,24,,
VALIDATION_SEEN_AFTER_V1,VUE021,H4B_GEOMETRY_LATERAL_TRANSITION,12,False,False,False,False,12,12,12,0,0,True,12,,
VALIDATION_SEEN_AFTER_V1,VUE022,PRODUCTION,PRODUCTION,False,False,False,False,6,6,6,0,0,,,,
VALIDATION_SEEN_AFTER_V1,VUE022,H3_FIXED_BOUNDED,24,False,False,False,False,24,24,24,0,0,True,24,,
VALIDATION_SEEN_AFTER_V1,VUE022,H4A_GEOMETRY_TRANSITION,24,False,False,False,False,24,24,24,0,0,True,24,,
VALIDATION_SEEN_AFTER_V1,VUE022,H4B_GEOMETRY_LATERAL_TRANSITION,12,False,False,False,False,12,12,12,0,0,True,12,,
VALIDATION_SEEN_AFTER_V1,VUE023,PRODUCTION,PRODUCTION,True,True,False,False,2,2,1,0,0,,,,
VALIDATION_SEEN_AFTER_V1,VUE023,H3_FIXED_BOUNDED,24,True,True,True,True,24,8,4,2,2,True,24,70d9bf8e9f3bc2ba,70d9bf8e9f3bc2ba
VALIDATION_SEEN_AFTER_V1,VUE023,H4A_GEOMETRY_TRANSITION,24,True,True,True,True,24,8,4,2,2,True,24,70d9bf8e9f3bc2ba,70d9bf8e9f3bc2ba
VALIDATION_SEEN_AFTER_V1,VUE023,H4B_GEOMETRY_LATERAL_TRANSITION,12,True,True,True,True,12,4,4,2,2,True,12,70d9bf8e9f3bc2ba,70d9bf8e9f3bc2ba
VALIDATION_SEEN_AFTER_V1,VUE024,PRODUCTION,PRODUCTION,True,True,False,False,2,2,1,0,0,,,,
VALIDATION_SEEN_AFTER_V1,VUE024,H3_FIXED_BOUNDED,24,True,True,True,True,24,24,13,3,3,True,24,5a8e03ae6705b64c,5a8e03ae6705b64c
VALIDATION_SEEN_AFTER_V1,VUE024,H4A_GEOMETRY_TRANSITION,24,True,True,True,True,24,24,17,3,3,True,24,5a8e03ae6705b64c,5a8e03ae6705b64c
VALIDATION_SEEN_AFTER_V1,VUE024,H4B_GEOMETRY_LATERAL_TRANSITION,12,True,True,True,True,12,12,12,3,3,True,12,5a8e03ae6705b64c,5a8e03ae6705b64c
VALIDATION_SEEN_AFTER_V1,VUE025,PRODUCTION,PRODUCTION,True,True,False,False,20,20,19,0,0,,,,
VALIDATION_SEEN_AFTER_V1,VUE025,H3_FIXED_BOUNDED,24,True,True,False,False,24,24,22,0,0,True,24,,
VALIDATION_SEEN_AFTER_V1,VUE025,H4A_GEOMETRY_TRANSITION,24,True,True,False,False,24,24,24,0,0,True,24,,
VALIDATION_SEEN_AFTER_V1,VUE025,H4B_GEOMETRY_LATERAL_TRANSITION,12,True,True,False,False,12,12,12,0,0,True,12,,
VALIDATION_SEEN_AFTER_V1,VUE026,PRODUCTION,PRODUCTION,True,True,False,False,7,7,7,0,0,,,,
VALIDATION_SEEN_AFTER_V1,VUE026,H3_FIXED_BOUNDED,24,True,True,False,False,24,21,21,0,0,True,24,,
VALIDATION_SEEN_AFTER_V1,VUE026,H4A_GEOMETRY_TRANSITION,24,True,True,False,False,24,14,14,0,0,True,24,,
VALIDATION_SEEN_AFTER_V1,VUE026,H4B_GEOMETRY_LATERAL_TRANSITION,12,True,True,False,False,12,5,5,0,0,True,12,,
VALIDATION_SEEN_AFTER_V1,VUE027,PRODUCTION,PRODUCTION,True,True,False,False,30,30,25,0,0,,,,
VALIDATION_SEEN_AFTER_V1,VUE027,H3_FIXED_BOUNDED,24,True,True,False,False,24,24,24,0,0,True,24,,
VALIDATION_SEEN_AFTER_V1,VUE027,H4A_GEOMETRY_TRANSITION,24,True,True,True,True,24,24,23,2,2,True,24,2851ceb5f5b66049,2851ceb5f5b66049
VALIDATION_SEEN_AFTER_V1,VUE027,H4B_GEOMETRY_LATERAL_TRANSITION,12,True,True,True,True,12,11,11,2,2,True,12,2851ceb5f5b66049,2851ceb5f5b66049
VALIDATION_SEEN_AFTER_V1,VUE028,PRODUCTION,PRODUCTION,True,True,False,False,9,9,9,0,0,,,,
VALIDATION_SEEN_AFTER_V1,VUE028,H3_FIXED_BOUNDED,24,True,True,True,True,24,24,24,2,2,True,24,18e7e5bc5a494f6e,18e7e5bc5a494f6e
VALIDATION_SEEN_AFTER_V1,VUE028,H4A_GEOMETRY_TRANSITION,24,True,True,True,True,24,20,20,5,5,True,24,c5befcfebed2d72d,c5befcfebed2d72d
VALIDATION_SEEN_AFTER_V1,VUE028,H4B_GEOMETRY_LATERAL_TRANSITION,12,True,True,True,True,12,10,10,2,2,True,12,1bdae01dd086a301,1bdae01dd086a301
VALIDATION_SEEN_AFTER_V1,VUE029,PRODUCTION,PRODUCTION,False,False,False,False,7,7,7,0,0,,,,
VALIDATION_SEEN_AFTER_V1,VUE029,H3_FIXED_BOUNDED,24,False,False,False,False,24,24,24,0,0,True,24,,
VALIDATION_SEEN_AFTER_V1,VUE029,H4A_GEOMETRY_TRANSITION,24,False,False,False,False,24,19,19,0,0,True,24,,
VALIDATION_SEEN_AFTER_V1,VUE029,H4B_GEOMETRY_LATERAL_TRANSITION,12,False,False,False,False,12,10,10,0,0,True,12,,
VALIDATION_SEEN_AFTER_V1,VUE030,PRODUCTION,PRODUCTION,True,True,False,False,9,9,9,0,0,,,,
VALIDATION_SEEN_AFTER_V1,VUE030,H3_FIXED_BOUNDED,24,True,True,True,True,24,24,24,1,1,True,24,ecd584f47ac02ae8,ecd584f47ac02ae8
VALIDATION_SEEN_AFTER_V1,VUE030,H4A_GEOMETRY_TRANSITION,24,True,True,True,True,24,20,20,4,4,True,24,b8731f9e01f2fd83,b8731f9e01f2fd83
VALIDATION_SEEN_AFTER_V1,VUE030,H4B_GEOMETRY_LATERAL_TRANSITION,12,True,True,True,True,12,10,10,2,2,True,12,b8731f9e01f2fd83,b8731f9e01f2fd83
VALIDATION_SEEN_AFTER_V1,VUE031,PRODUCTION,PRODUCTION,False,False,False,False,7,7,4,0,0,,,,
VALIDATION_SEEN_AFTER_V1,VUE031,H3_FIXED_BOUNDED,24,False,False,False,False,24,24,14,0,0,True,24,,
VALIDATION_SEEN_AFTER_V1,VUE031,H4A_GEOMETRY_TRANSITION,24,False,False,False,False,24,19,17,0,0,True,24,,
VALIDATION_SEEN_AFTER_V1,VUE031,H4B_GEOMETRY_LATERAL_TRANSITION,12,False,False,False,False,12,8,8,0,0,True,12,,
VALIDATION_SEEN_AFTER_V1,VUE032,PRODUCTION,PRODUCTION,True,True,False,False,12,12,12,0,0,,,,
VALIDATION_SEEN_AFTER_V1,VUE032,H3_FIXED_BOUNDED,24,True,True,False,False,24,24,24,0,0,True,24,,
VALIDATION_SEEN_AFTER_V1,VUE032,H4A_GEOMETRY_TRANSITION,24,True,True,False,False,24,24,24,0,0,True,24,,
VALIDATION_SEEN_AFTER_V1,VUE032,H4B_GEOMETRY_LATERAL_TRANSITION,12,True,True,False,False,12,12,12,0,0,True,12,,
VALIDATION_SEEN_AFTER_V1,VUE033,PRODUCTION,PRODUCTION,True,True,False,False,2,2,2,0,0,,,,
VALIDATION_SEEN_AFTER_V1,VUE033,H3_FIXED_BOUNDED,24,True,True,True,True,24,24,24,1,1,True,24,5958b5389aef261a,5958b5389aef261a
VALIDATION_SEEN_AFTER_V1,VUE033,H4A_GEOMETRY_TRANSITION,24,True,True,True,True,24,24,24,3,3,True,24,390a1197471bddf2,390a1197471bddf2
VALIDATION_SEEN_AFTER_V1,VUE033,H4B_GEOMETRY_LATERAL_TRANSITION,12,True,True,True,True,12,12,12,2,2,True,12,390a1197471bddf2,390a1197471bddf2
VALIDATION_SEEN_AFTER_V1,VUE034,PRODUCTION,PRODUCTION,True,True,False,False,2,2,2,0,0,,,,
VALIDATION_SEEN_AFTER_V1,VUE034,H3_FIXED_BOUNDED,24,True,True,True,True,24,24,24,8,8,True,24,b0295f09c3d2ba25,b0295f09c3d2ba25
VALIDATION_SEEN_AFTER_V1,VUE034,H4A_GEOMETRY_TRANSITION,24,True,True,True,True,24,24,24,5,5,True,24,6bc9726784cf254c,6bc9726784cf254c
VALIDATION_SEEN_AFTER_V1,VUE034,H4B_GEOMETRY_LATERAL_TRANSITION,12,True,True,True,True,12,12,12,4,4,True,12,6bc9726784cf254c,6bc9726784cf254c
VALIDATION_SEEN_AFTER_V1,VUE035,PRODUCTION,PRODUCTION,True,True,False,False,3,3,3,0,0,,,,
VALIDATION_SEEN_AFTER_V1,VUE035,H3_FIXED_BOUNDED,24,True,True,False,False,24,24,24,0,0,True,24,,
VALIDATION_SEEN_AFTER_V1,VUE035,H4A_GEOMETRY_TRANSITION,24,True,True,False,False,24,24,24,0,0,True,24,,
VALIDATION_SEEN_AFTER_V1,VUE035,H4B_GEOMETRY_LATERAL_TRANSITION,12,True,True,False,False,12,12,12,0,0,True,12,,
VALIDATION_SEEN_AFTER_V1,VUE036,PRODUCTION,PRODUCTION,True,True,False,False,3,3,3,0,0,,,,
VALIDATION_SEEN_AFTER_V1,VUE036,H3_FIXED_BOUNDED,24,True,True,True,True,24,24,24,1,1,True,24,95a7394f79189d58,95a7394f79189d58
VALIDATION_SEEN_AFTER_V1,VUE036,H4A_GEOMETRY_TRANSITION,24,True,True,True,True,24,24,24,1,1,True,24,95a7394f79189d58,95a7394f79189d58
VALIDATION_SEEN_AFTER_V1,VUE036,H4B_GEOMETRY_LATERAL_TRANSITION,12,True,True,True,True,12,12,12,1,1,True,12,95a7394f79189d58,95a7394f79189d58
VALIDATION_SEEN_AFTER_V1,VUE037,PRODUCTION,PRODUCTION,False,False,False,False,17,17,9,0,0,,,,
VALIDATION_SEEN_AFTER_V1,VUE037,H3_FIXED_BOUNDED,24,False,False,False,False,24,24,21,0,0,True,24,,
VALIDATION_SEEN_AFTER_V1,VUE037,H4A_GEOMETRY_TRANSITION,24,False,False,False,False,24,24,24,0,0,True,24,,
VALIDATION_SEEN_AFTER_V1,VUE037,H4B_GEOMETRY_LATERAL_TRANSITION,12,False,False,False,False,12,12,12,0,0,True,12,,
