event_id,lateral_factors,transition_factors,raw_combinations,production_configurations_excluded,unique_configurations,unique_exact_profiles,full_proxy_evaluations_after,exact_profile_reuses,evaluation_reduction_fraction,exact_skip_reason,station_basis_builds,station_basis_reuses,r3_total_ms_after
DVE001,1248,2,2496,2,2494,2048,2048,446,0.178829,EXACT_PROFILE_EQUIVALENCE_REUSE,18,2030,10.640
DVE002,1981,2,3962,2,3960,1980,1980,1980,0.500000,EXACT_PROFILE_EQUIVALENCE_REUSE,42,1938,14.013
DVE003,1202,2,2404,3,2401,1949,1949,452,0.188255,EXACT_PROFILE_EQUIVALENCE_REUSE,19,1930,9.605
DVE004,1038,1,1038,1,1037,1037,1037,0,0.000000,NONE_ALL_PROFILES_UNIQUE,29,1008,21.620
DVE005,1042,6,6252,7,6245,3209,3209,3036,0.486149,EXACT_PROFILE_EQUIVALENCE_REUSE,87,3122,17.246
DVE006,1400,2,2800,2,2798,1962,1962,836,0.298785,EXACT_PROFILE_EQUIVALENCE_REUSE,27,1935,11.630
DVE007,1013,1,1013,1,1012,1012,1012,0,0.000000,NONE_ALL_PROFILES_UNIQUE,32,980,13.512
DVE008,587,2,1174,2,1172,586,586,586,0.500000,EXACT_PROFILE_EQUIVALENCE_REUSE,22,564,6.975
DVE009,1571,3,4713,3,4710,3140,3140,1570,0.333333,EXACT_PROFILE_EQUIVALENCE_REUSE,94,3046,27.562
DVE010,1940,2,3880,2,3878,1939,1939,1939,0.500000,EXACT_PROFILE_EQUIVALENCE_REUSE,41,1898,13.901
DVE011,1004,2,2008,2,2006,1003,1003,1003,0.500000,EXACT_PROFILE_EQUIVALENCE_REUSE,25,978,8.948
DVE012,1249,29,36221,30,36191,8191,8191,28000,0.773673,EXACT_PROFILE_EQUIVALENCE_REUSE,153,8038,54.503
DVE013,1307,2,2614,4,2610,1305,1305,1305,0.500000,EXACT_PROFILE_EQUIVALENCE_REUSE,44,1261,10.872
DVE014,1204,8,9632,9,9623,5359,5359,4264,0.443105,EXACT_PROFILE_EQUIVALENCE_REUSE,132,5227,21.988
DVE015,1012,2,2024,2,2022,1199,1199,823,0.407023,EXACT_PROFILE_EQUIVALENCE_REUSE,26,1173,8.434
DVE016,614,6,3684,7,3677,1839,1839,1838,0.499864,EXACT_PROFILE_EQUIVALENCE_REUSE,69,1770,12.661
DVE017,1012,2,2024,2,2022,1462,1462,560,0.276954,EXACT_PROFILE_EQUIVALENCE_REUSE,23,1439,8.690
DVE018,1231,8,9848,9,9839,5359,5359,4480,0.455331,EXACT_PROFILE_EQUIVALENCE_REUSE,136,5223,25.082
DVE019,1945,2,3890,5,3885,3084,3084,801,0.206178,EXACT_PROFILE_EQUIVALENCE_REUSE,26,3058,13.730
DVE020,1202,2,2404,3,2401,1949,1949,452,0.188255,EXACT_PROFILE_EQUIVALENCE_REUSE,19,1930,11.158
DVE021,1039,2,2078,2,2076,1038,1038,1038,0.500000,EXACT_PROFILE_EQUIVALENCE_REUSE,39,999,9.409
DVE022,1178,2,2356,2,2354,1554,1554,800,0.339847,EXACT_PROFILE_EQUIVALENCE_REUSE,28,1526,10.034
DVE023,1400,2,2800,2,2798,1467,1467,1331,0.475697,EXACT_PROFILE_EQUIVALENCE_REUSE,21,1446,10.402
DVE024,1217,29,35293,30,35263,11313,11313,23950,0.679182,EXACT_PROFILE_EQUIVALENCE_REUSE,121,11192,55.132
DVE025,589,6,3534,7,3527,1764,1764,1763,0.499858,EXACT_PROFILE_EQUIVALENCE_REUSE,66,1698,11.972
DVE026,1400,2,2800,2,2798,1399,1399,1399,0.500000,EXACT_PROFILE_EQUIVALENCE_REUSE,42,1357,10.992
DVE027,1403,6,8418,8,8410,8006,8006,404,0.048038,EXACT_PROFILE_EQUIVALENCE_REUSE,44,7962,29.769
DVE028,1012,2,2024,2,2022,1011,1011,1011,0.500000,EXACT_PROFILE_EQUIVALENCE_REUSE,38,973,9.901
DVE029,1221,29,35409,30,35379,9404,9404,25975,0.734193,EXACT_PROFILE_EQUIVALENCE_REUSE,173,9231,60.317
DVE030,1086,2,2172,2,2170,1085,1085,1085,0.500000,EXACT_PROFILE_EQUIVALENCE_REUSE,27,1058,9.279
DVE031,1230,8,9840,9,9831,5351,5351,4480,0.455701,EXACT_PROFILE_EQUIVALENCE_REUSE,140,5211,24.558
DVE032,1138,2,2276,2,2274,1137,1137,1137,0.500000,EXACT_PROFILE_EQUIVALENCE_REUSE,24,1113,9.336
DVE033,1366,2,2732,2,2730,1365,1365,1365,0.500000,EXACT_PROFILE_EQUIVALENCE_REUSE,41,1324,11.078
DVE034,1129,5,5645,6,5639,4511,4511,1128,0.200035,EXACT_PROFILE_EQUIVALENCE_REUSE,136,4375,18.299
DVE035,750,8,6000,8,5992,2996,2996,2996,0.500000,EXACT_PROFILE_EQUIVALENCE_REUSE,112,2884,17.262
DVE036,1198,6,7188,7,7181,3758,3758,3423,0.476675,EXACT_PROFILE_EQUIVALENCE_REUSE,120,3638,20.150
DVE037,1724,2,3448,3,3445,2728,2728,717,0.208128,EXACT_PROFILE_EQUIVALENCE_REUSE,20,2708,13.597
DVE038,1248,2,2496,2,2494,2048,2048,446,0.178829,EXACT_PROFILE_EQUIVALENCE_REUSE,18,2030,10.572
DVE039,2648,12,31776,18,31758,31758,31758,0,0.000000,NONE_ALL_PROFILES_UNIQUE,24,31734,82.899
DVE040,589,6,3534,7,3527,1764,1764,1763,0.499858,EXACT_PROFILE_EQUIVALENCE_REUSE,66,1698,11.949
V2E01,1204,8,9632,9,9623,5251,5251,4372,0.454328,EXACT_PROFILE_EQUIVALENCE_REUSE,124,5127,22.392
V2E02,1227,3,3681,3,3678,2720,2720,958,0.260468,EXACT_PROFILE_EQUIVALENCE_REUSE,63,2657,31.008
V2E03,779,8,6232,9,6223,3444,3444,2779,0.446569,EXACT_PROFILE_EQUIVALENCE_REUSE,112,3332,23.302
V2E04,1686,5,8430,6,8424,8424,8424,0,0.000000,NONE_ALL_PROFILES_UNIQUE,5,8419,28.588
V2E05,1400,2,2800,2,2798,1759,1759,1039,0.371337,EXACT_PROFILE_EQUIVALENCE_REUSE,33,1726,10.371
V2E06,2995,12,35940,22,35918,35918,35918,0,0.000000,NONE_ALL_PROFILES_UNIQUE,24,35894,85.949
V2E07,1227,2,2454,2,2452,1226,1226,1226,0.500000,EXACT_PROFILE_EQUIVALENCE_REUSE,26,1200,9.762
V2E08,1211,8,9688,9,9679,4840,4840,4839,0.499948,EXACT_PROFILE_EQUIVALENCE_REUSE,88,4752,25.134
V2E09,1400,2,2800,2,2798,1670,1670,1128,0.403145,EXACT_PROFILE_EQUIVALENCE_REUSE,36,1634,10.428
VUE001,1378,9,12402,12,12390,6885,6885,5505,0.444310,EXACT_PROFILE_EQUIVALENCE_REUSE,255,6630,34.235
VUE002,1124,2,2248,2,2246,1123,1123,1123,0.500000,EXACT_PROFILE_EQUIVALENCE_REUSE,38,1085,10.337
VUE003,750,8,6000,8,5992,2996,2996,2996,0.500000,EXACT_PROFILE_EQUIVALENCE_REUSE,112,2884,15.355
VUE004,1177,6,7062,7,7055,3695,3695,3360,0.476258,EXACT_PROFILE_EQUIVALENCE_REUSE,102,3593,17.545
VUE005,1231,8,9848,9,9839,5467,5467,4372,0.444354,EXACT_PROFILE_EQUIVALENCE_REUSE,132,5335,24.096
VUE006,1414,8,11312,9,11303,6199,6199,5104,0.451562,EXACT_PROFILE_EQUIVALENCE_REUSE,140,6059,27.205
VUE007,1231,8,9848,9,9839,5359,5359,4480,0.455331,EXACT_PROFILE_EQUIVALENCE_REUSE,132,5227,24.665
VUE008,1177,6,7062,7,7055,3695,3695,3360,0.476258,EXACT_PROFILE_EQUIVALENCE_REUSE,96,3599,19.415
VUE009,1366,2,2732,2,2730,1365,1365,1365,0.500000,EXACT_PROFILE_EQUIVALENCE_REUSE,41,1324,12.485
VUE010,1097,2,2194,2,2192,1096,1096,1096,0.500000,EXACT_PROFILE_EQUIVALENCE_REUSE,23,1073,9.031
VUE011,1400,2,2800,2,2798,1962,1962,836,0.298785,EXACT_PROFILE_EQUIVALENCE_REUSE,27,1935,11.398
VUE012,1179,2,2358,2,2356,1178,1178,1178,0.500000,EXACT_PROFILE_EQUIVALENCE_REUSE,25,1153,9.692
VUE013,1292,8,10336,8,10328,5164,5164,5164,0.500000,EXACT_PROFILE_EQUIVALENCE_REUSE,128,5036,26.415
VUE014,1227,2,2454,2,2452,1226,1226,1226,0.500000,EXACT_PROFILE_EQUIVALENCE_REUSE,26,1200,10.217
VUE015,1373,2,2746,2,2744,1935,1935,809,0.294825,EXACT_PROFILE_EQUIVALENCE_REUSE,26,1909,11.127
VUE016,1073,3,3219,3,3216,2584,2584,632,0.196517,EXACT_PROFILE_EQUIVALENCE_REUSE,41,2543,22.756
VUE017,1077,2,2154,2,2152,1076,1076,1076,0.500000,EXACT_PROFILE_EQUIVALENCE_REUSE,19,1057,9.134
VUE018,1204,8,9632,9,9623,5467,5467,4156,0.431882,EXACT_PROFILE_EQUIVALENCE_REUSE,156,5311,22.948
VUE019,4471,16,71536,30,71506,71506,71506,0,0.000000,NONE_ALL_PROFILES_UNIQUE,32,71474,166.174
VUE020,1033,2,2066,2,2064,1032,1032,1032,0.500000,EXACT_PROFILE_EQUIVALENCE_REUSE,39,993,9.877
VUE021,4145,12,49740,21,49719,41065,41065,8654,0.174058,EXACT_PROFILE_EQUIVALENCE_REUSE,392,40673,111.443
VUE022,1522,5,7610,6,7604,7604,7604,0,0.000000,NONE_ALL_PROFILES_UNIQUE,5,7599,19.841
VUE023,1012,2,2024,2,2022,1226,1226,796,0.393670,EXACT_PROFILE_EQUIVALENCE_REUSE,26,1200,8.402
VUE024,1012,2,2024,2,2022,1166,1166,856,0.423343,EXACT_PROFILE_EQUIVALENCE_REUSE,20,1146,9.239
VUE025,3238,12,38856,20,38836,28523,28523,10313,0.265553,EXACT_PROFILE_EQUIVALENCE_REUSE,524,27999,87.549
VUE026,1042,6,6252,7,6245,3209,3209,3036,0.486149,EXACT_PROFILE_EQUIVALENCE_REUSE,90,3119,17.534
VUE027,1220,29,35380,30,35350,8700,8700,26650,0.753890,EXACT_PROFILE_EQUIVALENCE_REUSE,137,8563,50.549
VUE028,1360,8,10880,9,10871,6631,6631,4240,0.390029,EXACT_PROFILE_EQUIVALENCE_REUSE,128,6503,27.975
VUE029,1201,6,7206,7,7199,3767,3767,3432,0.476733,EXACT_PROFILE_EQUIVALENCE_REUSE,120,3647,18.853
VUE030,1204,8,9632,9,9623,5143,5143,4480,0.465551,EXACT_PROFILE_EQUIVALENCE_REUSE,132,5011,23.688
VUE031,616,6,3696,7,3689,1845,1845,1844,0.499864,EXACT_PROFILE_EQUIVALENCE_REUSE,69,1776,13.052
VUE032,2724,9,24516,12,24504,24504,24504,0,0.000000,NONE_ALL_PROFILES_UNIQUE,9,24495,53.022
VUE033,1227,2,2454,2,2452,2027,2027,425,0.173328,EXACT_PROFILE_EQUIVALENCE_REUSE,18,2009,10.193
VUE034,1227,2,2454,2,2452,2027,2027,425,0.173328,EXACT_PROFILE_EQUIVALENCE_REUSE,18,2009,10.191
VUE035,1314,2,2628,3,2625,2061,2061,564,0.214857,EXACT_PROFILE_EQUIVALENCE_REUSE,19,2042,10.154
VUE036,1202,2,2404,3,2401,1949,1949,452,0.188255,EXACT_PROFILE_EQUIVALENCE_REUSE,19,1930,9.898
VUE037,2248,14,31472,17,31455,15728,15728,15727,0.499984,EXACT_PROFILE_EQUIVALENCE_REUSE,427,15301,58.966
