case_id,corpus,obstacle_count_setting,sample_index,ego_s_m,ego_d_m,ego_speed_mps,conservative_corridor_width_m,actual_in_horizon_obstacle_count,obstacle_summary,geometry_summary,gqsc_failure,gqsc_invoked,lateral_count,transition_count,b128_pair_count,constructed_count,validator_count,hard_valid_count,legacy_would_recover,legacy_result,same_p3_exact_witness_found,primary_taxonomy,mechanism_detail,witness_side,witness_d_target,witness_d_mid,witness_entry_scale,witness_exit_scale,witness_path_digest,evidence_limit
RP2_2,RULE_PROPERTY_CONSERVATIVE_CORRIDOR_538,2,2,21.215716668920841,0.005908189201982994,3,1.2045696611104582,1,"id=1:s=[22.83734143781707,23.33734143781707]:d=[-1.7800378408399311,-1.2800378408399311]",,GQSC_V3_FROZEN_ENTRY,1,0,0,0,0,0,0,0,no static obstacle blocks the global race line,0,OTHER,NON_BLOCKING_RESULT_SEMANTICS_REGRESSION,,,,,,,Nonblocking event; no avoidance witness is required.
RP2_3,RULE_PROPERTY_CONSERVATIVE_CORRIDOR_538,2,3,0.28127823672934049,0.57675532978881394,3,0.51663213642775307,2,"id=1:s=[10.158499214126838,10.658499214126838]:d=[0.35795893863128414,0.85795893863128414];id=2:s=[2.600377745912263,3.100377745912263]:d=[-0.44210031615722567,0.05789968384277433]","LEFT:domain=[0.53690764785339706,0.98150000000000004]:b=0.68644984192138725",GQSC_V3_FROZEN_ENTRY,1,32,7,128,12,12,0,1,NONE,1,TOP12_RANKING_DISPLACEMENT,HARD_VALID_PAIR_IN_B128_BUT_OUTSIDE_TOP12,LEFT,0.53690764785339706,0.53690764785339706,0.51458109301505117,0.49716841625749453,d2fda08adcd0bf96,
RP2_6,RULE_PROPERTY_CONSERVATIVE_CORRIDOR_538,2,6,5.1655302613667331,-0.70913309198590868,3,0.62543928846510521,1,"id=1:s=[14.404992285158425,14.904992285158425]:d=[-1.1009074681945781,-0.60090746819457808]",,GQSC_V3_FROZEN_ENTRY,1,0,0,0,0,0,0,0,no static obstacle blocks the global race line,0,OTHER,NON_BLOCKING_RESULT_SEMANTICS_REGRESSION,,,,,,,Nonblocking event; no avoidance witness is required.
RP2_8,RULE_PROPERTY_CONSERVATIVE_CORRIDOR_538,2,8,11.910488442665622,-0.20435623295597471,3,0.64495010497572824,1,"id=1:s=[16.597683025632701,17.097683025632701]:d=[-1.0454182847052012,-0.54541828470520115]",,GQSC_V3_FROZEN_ENTRY,1,0,0,0,0,0,0,0,no static obstacle blocks the global race line,0,OTHER,NON_BLOCKING_RESULT_SEMANTICS_REGRESSION,,,,,,,Nonblocking event; no avoidance witness is required.
RP2_10,RULE_PROPERTY_CONSERVATIVE_CORRIDOR_538,2,10,7.2751532179438669,-0.24250819103557447,3,0.85957316786181648,1,"id=1:s=[8.2543157319812046,8.7543157319812046]:d=[-1.5100413475912893,-1.0100413475912893]",,GQSC_V3_FROZEN_ENTRY,1,0,0,0,0,0,0,0,no static obstacle blocks the global race line,0,OTHER,NON_BLOCKING_RESULT_SEMANTICS_REGRESSION,,,,,,,Nonblocking event; no avoidance witness is required.
RP2_17,RULE_PROPERTY_CONSERVATIVE_CORRIDOR_538,2,17,42.915054534505444,0.55790634663630545,3,0.47453182027052693,2,"id=1:s=[6.2540746209871356,6.7540746209871356]:d=[-0.70000000000000007,-0.22499999999999976];id=2:s=[3.0821663018722476,3.5821663018722476]:d=[-0.55546614517594994,-0.055466145175949944]","LEFT:domain=[0.42755190379703245,0.90650000000000008]:b=0.60476692741202509",GQSC_V3_FROZEN_ENTRY,1,32,7,128,12,12,0,0,NO_HARD_VALID_M1_CANDIDATE,0,OTHER,CORRIDOR_ORACLE_ONLY_NO_EXACT_P3_WITNESS,,,,,,,"The conservative oracle is a 1D reachable corridor, not an exact five-knot P3 witness."
RP2_20,RULE_PROPERTY_CONSERVATIVE_CORRIDOR_538,2,20,42.302729637040379,0.80098296161154847,3,0.6435894592453244,2,"id=1:s=[4.9821059712119302,5.4821059712119302]:d=[-1.1440576389747972,-0.64405763897479718];id=2:s=[7.7377621150066513,8.2377621150066513]:d=[-1.2904156481956739,-0.79041564819567389]",,GQSC_V3_FROZEN_ENTRY,1,0,0,0,0,0,0,0,no static obstacle blocks the global race line,0,OTHER,NON_BLOCKING_RESULT_SEMANTICS_REGRESSION,,,,,,,Nonblocking event; no avoidance witness is required.
RP2_22,RULE_PROPERTY_CONSERVATIVE_CORRIDOR_538,2,22,10.103738250930141,-0.39906412986658019,3,0.49953182027052717,2,"id=1:s=[19.343980166427631,19.843980166427631]:d=[-0.72500000000000009,-0.30000000000000004];id=2:s=[14.586454545123702,15.086454545123702]:d=[-0.99076691072656353,-0.49076691072656353]","LEFT:domain=[0.19828925429952071,0.63149999999999995]:b=0.30749999999999994",GQSC_V3_FROZEN_ENTRY,1,32,7,128,12,12,0,1,NONE,1,B128_PAIR_TRUNCATION,HARD_VALID_OPERATOR_PAIR_OUTSIDE_B128,LEFT,0.36074328393720045,0.31074328393720047,1.310934367577036,0.561555950195886,bb76e88f0e4ce5be,
RP2_26,RULE_PROPERTY_CONSERVATIVE_CORRIDOR_538,2,26,20.456772869259552,0.42889541283915983,3,0.53865409583598045,1,"id=1:s=[29.614500202868332,30.114500202868332]:d=[-0.53912227556545322,-0.039122275565453224]","LEFT:domain=[0.37777780028432739,0.95650000000000013]:b=0.60043886221727349",GQSC_V3_FROZEN_ENTRY,1,32,7,128,12,12,0,0,NO_HARD_VALID_M1_CANDIDATE,0,OTHER,CORRIDOR_ORACLE_ONLY_NO_EXACT_P3_WITNESS,,,,,,,"The conservative oracle is a 1D reachable corridor, not an exact five-knot P3 witness."
RP2_31,RULE_PROPERTY_CONSERVATIVE_CORRIDOR_538,2,31,14.708221362016172,-0.36723216240280576,3,0.56235117668800672,1,"id=1:s=[15.918027001350751,16.418027001350751]:d=[-0.98781935641747953,-0.48781935641747953]",,GQSC_V3_FROZEN_ENTRY,1,0,0,0,0,0,0,0,no static obstacle blocks the global race line,0,OTHER,NON_BLOCKING_RESULT_SEMANTICS_REGRESSION,,,,,,,Nonblocking event; no avoidance witness is required.
RP2_32,RULE_PROPERTY_CONSERVATIVE_CORRIDOR_538,2,32,5.8181415176090034,0.40747593174429153,3,0.49953182027052706,2,"id=1:s=[13.735858179886863,14.235858179886863]:d=[-1.1229602022550416,-0.62296020225504156];id=2:s=[20.319594413715762,20.819594413715762]:d=[-0.625,-0.32499999999999996]","LEFT:domain=[0.1732892542995208,0.53150000000000008]:b=0.27000000000000002",GQSC_V3_FROZEN_ENTRY,1,32,7,128,12,12,0,0,NO_HARD_VALID_M1_CANDIDATE,0,OTHER,CORRIDOR_ORACLE_ONLY_NO_EXACT_P3_WITNESS,,,,,,,"The conservative oracle is a 1D reachable corridor, not an exact five-knot P3 witness."
RP2_36,RULE_PROPERTY_CONSERVATIVE_CORRIDOR_538,2,36,17.639087553174967,-0.47313324421390024,3,0.79199701407685996,1,"id=1:s=[22.953738050196591,23.453738050196591]:d=[-1.1674651938063327,-0.66746519380633273]",,GQSC_V3_FROZEN_ENTRY,1,0,0,0,0,0,0,0,no static obstacle blocks the global race line,0,OTHER,NON_BLOCKING_RESULT_SEMANTICS_REGRESSION,,,,,,,Nonblocking event; no avoidance witness is required.
RP2_39,RULE_PROPERTY_CONSERVATIVE_CORRIDOR_538,2,39,14.079005476750298,0.42386006759576489,3,0.57722566300978229,1,"id=1:s=[15.770195613529985,16.270195613529985]:d=[-1.0026938427392551,-0.5026938427392551]",,GQSC_V3_FROZEN_ENTRY,1,0,0,0,0,0,0,0,no static obstacle blocks the global race line,0,OTHER,NON_BLOCKING_RESULT_SEMANTICS_REGRESSION,,,,,,,Nonblocking event; no avoidance witness is required.
RP2_42,RULE_PROPERTY_CONSERVATIVE_CORRIDOR_538,2,42,16.452826546492144,-0.41800169283520938,3,0.5442464968511771,2,"id=1:s=[17.565462629206202,18.065462629206202]:d=[-0.91971467658064987,-0.41971467658064987];id=2:s=[22.172003299931404,22.672003299931404]:d=[-1.4571572396949082,-0.95715723969490818]",,GQSC_V3_FROZEN_ENTRY,1,0,0,0,0,0,0,0,no static obstacle blocks the global race line,0,OTHER,NON_BLOCKING_RESULT_SEMANTICS_REGRESSION,,,,,,,Nonblocking event; no avoidance witness is required.
RP2_43,RULE_PROPERTY_CONSERVATIVE_CORRIDOR_538,2,43,5.1589231308112478,-0.76786036352226295,3,0.66581373743745464,1,"id=1:s=[15.074575185051492,15.574575185051492]:d=[-1.0912819171669275,-0.59128191716692746]",,GQSC_V3_FROZEN_ENTRY,1,0,0,0,0,0,0,0,no static obstacle blocks the global race line,0,OTHER,NON_BLOCKING_RESULT_SEMANTICS_REGRESSION,,,,,,,Nonblocking event; no avoidance witness is required.
RP2_45,RULE_PROPERTY_CONSERVATIVE_CORRIDOR_538,2,45,15.007818278095806,0.010723100149889864,3,1.2907894751597642,1,"id=1:s=[23.39921807578089,23.89921807578089]:d=[-1.0412576548892369,-0.54125765488923694]",,GQSC_V3_FROZEN_ENTRY,1,0,0,0,0,0,0,0,no static obstacle blocks the global race line,0,OTHER,NON_BLOCKING_RESULT_SEMANTICS_REGRESSION,,,,,,,Nonblocking event; no avoidance witness is required.
RP2_51,RULE_PROPERTY_CONSERVATIVE_CORRIDOR_538,2,51,3.9432052675945037,-0.72313145510047883,3,0.70439247779357594,2,"id=1:s=[12.245029019762113,12.745029019762113]:d=[-0.95486065752304872,-0.45486065752304872];id=2:s=[10.271964578293943,10.771964578293943]:d=[-0.38894136804232837,0.11105863195767163]",,EVALUATOR_INVARIANT_VIOLATION: native R3-RT transition bound violated,0,0,0,0,0,0,0,0,NO_VALID_SIDE_DOMAIN,0,OTHER,EMPTY_DIRECT_TRANSITION_SET_AFTER_NO_VALID_SIDE_GEOMETRY,,,,,,,"The conservative oracle is a 1D reachable corridor, not an exact five-knot P3 witness."
RP2_55,RULE_PROPERTY_CONSERVATIVE_CORRIDOR_538,2,55,1.9016502629861582,1.0143269126514103,3,0.51474549377809442,2,"id=1:s=[6.7593092416767462,7.2593092416767462]:d=[-0.79021367350756733,-0.29021367350756733];id=2:s=[3.969139059814121,4.469139059814121]:d=[-0.84533399863171343,-0.34533399863171343]","LEFT:domain=[0.14999999999999999,0.55649999999999999]:b=0.29733300068414326",GQSC_V3_FROZEN_ENTRY,1,32,7,128,12,12,0,0,NO_HARD_VALID_M1_CANDIDATE,0,OTHER,CORRIDOR_ORACLE_ONLY_NO_EXACT_P3_WITNESS,,,,,,,"The conservative oracle is a 1D reachable corridor, not an exact five-knot P3 witness."
RP2_59,RULE_PROPERTY_CONSERVATIVE_CORRIDOR_538,2,59,4.9866531016535678,0.43444582285677669,3,0.43886485389019786,1,"id=1:s=[9.1677522087506684,9.6677522087506684]:d=[-0.5643330336196708,-0.064333033619670799]","LEFT:domain=[0.38504516232582542,0.45650000000000007]:b=0.5253334831901646",GQSC_V3_FROZEN_ENTRY,1,32,7,128,12,12,0,0,NO_HARD_VALID_M1_CANDIDATE,0,OTHER,CORRIDOR_ORACLE_ONLY_NO_EXACT_P3_WITNESS,,,,,,,"The conservative oracle is a 1D reachable corridor, not an exact five-knot P3 witness."
RP2_60,RULE_PROPERTY_CONSERVATIVE_CORRIDOR_538,2,60,4.1882871562563917,0.6090652592838488,3,0.87453162557076936,1,"id=1:s=[9.9722286950438317,10.472228695043832]:d=[0.075000194699757494,0.57500019469975749]","RIGHT:domain=[-0.65650000000000008,-0.39220147955075113]:b=-0.43249990265012123;LEFT:domain=[1.0422018689502661,1.4565000000000001]:b=1.3825000973498787",GQSC_V3_FROZEN_ENTRY,1,63,7,128,12,12,0,0,NO_HARD_VALID_M1_CANDIDATE,0,OTHER,CORRIDOR_ORACLE_ONLY_NO_EXACT_P3_WITNESS,,,,,,,"The conservative oracle is a 1D reachable corridor, not an exact five-knot P3 witness."
RP2_75,RULE_PROPERTY_CONSERVATIVE_CORRIDOR_538,2,75,7.1580458492885732,0.55628003529390857,3,0.91957329778451502,1,"id=1:s=[9.5502280537315514,10.050228053731551]:d=[-0.42004147751398779,0.079958522486012207]","LEFT:domain=[0.54330247715203073,0.83149999999999991]:b=0.73497926124300617",GQSC_V3_FROZEN_ENTRY,1,32,7,128,12,12,0,0,NO_HARD_VALID_M1_CANDIDATE,0,OTHER,CORRIDOR_ORACLE_ONLY_NO_EXACT_P3_WITNESS,,,,,,,"The conservative oracle is a 1D reachable corridor, not an exact five-knot P3 witness."
RP2_78,RULE_PROPERTY_CONSERVATIVE_CORRIDOR_538,2,78,17.441422615605841,-0.50734171626804214,3,0.76232059945583397,1,"id=1:s=[22.585479476556888,23.085479476556888]:d=[-1.4127887791853069,-0.91278877918530688]",,GQSC_V3_FROZEN_ENTRY,1,0,0,0,0,0,0,0,no static obstacle blocks the global race line,0,OTHER,NON_BLOCKING_RESULT_SEMANTICS_REGRESSION,,,,,,,Nonblocking event; no avoidance witness is required.
RP2_81,RULE_PROPERTY_CONSERVATIVE_CORRIDOR_538,2,81,9.7838594394501648,0.9629943570585815,3,0.44953182027052713,2,"id=1:s=[13.62000173613068,14.12000173613068]:d=[-1.1559120308133324,-0.65591203081333238];id=2:s=[20.350102787321763,20.850102787321763]:d=[-0.625,-0.32499999999999996]","LEFT:domain=[0.1732892542995208,0.53150000000000008]:b=0.27000000000000002",GQSC_V3_FROZEN_ENTRY,1,32,7,128,12,12,0,0,NO_HARD_VALID_M1_CANDIDATE,0,OTHER,CORRIDOR_ORACLE_ONLY_NO_EXACT_P3_WITNESS,,,,,,,"The conservative oracle is a 1D reachable corridor, not an exact five-knot P3 witness."
RP2_82,RULE_PROPERTY_CONSERVATIVE_CORRIDOR_538,2,82,10.581605755848109,-0.40619978055480754,3,0.50905883346132974,1,"id=1:s=[15.015517004201245,15.515517004201245]:d=[-0.95952701319080269,-0.45952701319080269]",,GQSC_V3_FROZEN_ENTRY,1,0,0,0,0,0,0,0,no static obstacle blocks the global race line,0,OTHER,NON_BLOCKING_RESULT_SEMANTICS_REGRESSION,,,,,,,Nonblocking event; no avoidance witness is required.
RP2_83,RULE_PROPERTY_CONSERVATIVE_CORRIDOR_538,2,83,6.6658175158121908,0.085636535693528193,3,0.40197811652348098,1,"id=1:s=[6.8125624308459898,7.3125624308459898]:d=[-0.77744629625295381,-0.27744629625295381]","LEFT:domain=[0.21245498897743498,0.50649999999999995]:b=0.29377685187352309",GQSC_V3_FROZEN_ENTRY,1,32,7,128,12,12,0,0,NO_HARD_VALID_M1_CANDIDATE,0,OTHER,CORRIDOR_ORACLE_ONLY_NO_EXACT_P3_WITNESS,,,,,,,"The conservative oracle is a 1D reachable corridor, not an exact five-knot P3 witness."
RP2_84,RULE_PROPERTY_CONSERVATIVE_CORRIDOR_538,2,84,7.1503877859203726,0.11729816085879474,3,0.52885624493257311,1,"id=1:s=[15.825654932111398,16.325654932111398]:d=[-0.95432442466204592,-0.45432442466204592]",,GQSC_V3_FROZEN_ENTRY,1,0,0,0,0,0,0,0,no static obstacle blocks the global race line,0,OTHER,NON_BLOCKING_RESULT_SEMANTICS_REGRESSION,,,,,,,Nonblocking event; no avoidance witness is required.
RP2_86,RULE_PROPERTY_CONSERVATIVE_CORRIDOR_538,2,86,5.8109414838375688,0.27943901633749346,3,0.87468093431549121,1,"id=1:s=[7.9713623839665733,8.4713623839665733]:d=[-1.525149114044964,-1.025149114044964]",,GQSC_V3_FROZEN_ENTRY,1,0,0,0,0,0,0,0,no static obstacle blocks the global race line,0,OTHER,NON_BLOCKING_RESULT_SEMANTICS_REGRESSION,,,,,,,Nonblocking event; no avoidance witness is required.
RP2_87,RULE_PROPERTY_CONSERVATIVE_CORRIDOR_538,2,87,13.413976136805498,-0.79903378640566536,3,0.47453182027052693,2,"id=1:s=[15.394980762708665,15.894980762708665]:d=[-0.95904206930314739,-0.45904206930314739];id=2:s=[18.315096534877586,18.815096534877586]:d=[-0.82500000000000007,-0.34999999999999976]","LEFT:domain=[0.14999999999999999,0.58150000000000013]:b=0.25750000000000012",GQSC_V3_FROZEN_ENTRY,1,32,7,128,12,12,0,0,NO_HARD_VALID_M1_CANDIDATE,0,OTHER,CORRIDOR_ORACLE_ONLY_NO_EXACT_P3_WITNESS,,,,,,,"The conservative oracle is a 1D reachable corridor, not an exact five-knot P3 witness."
RP2_88,RULE_PROPERTY_CONSERVATIVE_CORRIDOR_538,2,88,22.036503782845795,-0.29568627293896477,3,1.3961578118941107,1,"id=1:s=[25.561321486870529,26.061321486870529]:d=[-1.5466259916235836,-1.0466259916235836]",,GQSC_V3_FROZEN_ENTRY,1,0,0,0,0,0,0,0,no static obstacle blocks the global race line,0,OTHER,NON_BLOCKING_RESULT_SEMANTICS_REGRESSION,,,,,,,Nonblocking event; no avoidance witness is required.
RP2_91,RULE_PROPERTY_CONSERVATIVE_CORRIDOR_538,2,91,9.9352041285060988,0.47281654416124619,3,0.57931343975368033,1,"id=1:s=[16.245773072642685,16.745773072642685]:d=[-0.97978161948315323,-0.47978161948315323]",,GQSC_V3_FROZEN_ENTRY,1,0,0,0,0,0,0,0,no static obstacle blocks the global race line,0,OTHER,NON_BLOCKING_RESULT_SEMANTICS_REGRESSION,,,,,,,Nonblocking event; no avoidance witness is required.
RP2_93,RULE_PROPERTY_CONSERVATIVE_CORRIDOR_538,2,93,6.0388347791695818,0.34402687495476436,3,0.55578518904769436,1,"id=1:s=[15.714672305392792,16.214672305392792]:d=[-0.98125336877716718,-0.48125336877716718]",,GQSC_V3_FROZEN_ENTRY,1,0,0,0,0,0,0,0,no static obstacle blocks the global race line,0,OTHER,NON_BLOCKING_RESULT_SEMANTICS_REGRESSION,,,,,,,Nonblocking event; no avoidance witness is required.
RP2_95,RULE_PROPERTY_CONSERVATIVE_CORRIDOR_538,2,95,13.628590099108738,-0.62969640227702128,3,0.60799048862517768,1,"id=1:s=[16.678322825216505,17.178322825216505]:d=[-1.0084586683546506,-0.50845866835465059]",,GQSC_V3_FROZEN_ENTRY,1,0,0,0,0,0,0,0,no static obstacle blocks the global race line,0,OTHER,NON_BLOCKING_RESULT_SEMANTICS_REGRESSION,,,,,,,Nonblocking event; no avoidance witness is required.
RP2_105,RULE_PROPERTY_CONSERVATIVE_CORRIDOR_538,2,105,5.3901676664084661,-0.19875479479938629,3,0.69404339993798891,2,"id=1:s=[11.353250697423361,11.853250697423361]:d=[-0.19451157966746169,0.30548842033253831];id=2:s=[9.6771611166891667,10.177161116689167]:d=[-0.36256833733281368,0.13743166266718632]","LEFT:domain=[0.78557115677716149,0.83149999999999991]:b=1.0227442101662692",GQSC_V3_FROZEN_ENTRY,1,30,7,128,12,12,0,0,NO_HARD_VALID_M1_CANDIDATE,0,OTHER,CORRIDOR_ORACLE_ONLY_NO_EXACT_P3_WITNESS,,,,,,,"The conservative oracle is a 1D reachable corridor, not an exact five-knot P3 witness."
RP2_108,RULE_PROPERTY_CONSERVATIVE_CORRIDOR_538,2,108,23.414257582534749,-0.65848920622555962,3,0.52727460891785105,1,"id=1:s=[31.017018850409229,31.517018850409229]:d=[-0.52774278864732382,-0.027742788647323824]","LEFT:domain=[0.3755464656522135,0.93149999999999999]:b=0.59362860567633813",GQSC_V3_FROZEN_ENTRY,1,32,7,128,12,12,0,0,NO_HARD_VALID_M1_CANDIDATE,0,OTHER,CORRIDOR_ORACLE_ONLY_NO_EXACT_P3_WITNESS,,,,,,,"The conservative oracle is a 1D reachable corridor, not an exact five-knot P3 witness."
RP2_109,RULE_PROPERTY_CONSERVATIVE_CORRIDOR_538,2,109,11.665436555293176,-0.34735030607774819,3,0.63594018789160756,1,"id=1:s=[12.897483462342821,13.397483462342821]:d=[-1.0864083676210805,-0.58640836762108051]",,GQSC_V3_FROZEN_ENTRY,1,0,0,0,0,0,0,0,no static obstacle blocks the global race line,0,OTHER,NON_BLOCKING_RESULT_SEMANTICS_REGRESSION,,,,,,,Nonblocking event; no avoidance witness is required.
RP2_110,RULE_PROPERTY_CONSERVATIVE_CORRIDOR_538,2,110,9.5203729105501864,-0.41639359945396281,3,0.44953182027052702,2,"id=1:s=[17.041921579234295,17.541921579234295]:d=[-0.93132542298223231,-0.43132542298223231];id=2:s=[21.432347621978689,21.932347621978689]:d=[-1,-0.52499999999999991]",,GQSC_V3_FROZEN_ENTRY,1,0,0,0,0,0,0,0,no static obstacle blocks the global race line,0,OTHER,NON_BLOCKING_RESULT_SEMANTICS_REGRESSION,,,,,,,Nonblocking event; no avoidance witness is required.
RP2_112,RULE_PROPERTY_CONSERVATIVE_CORRIDOR_538,2,112,8.7551784717606598,-0.099347319676673429,3,0.52988037742374483,1,"id=1:s=[17.565346441446412,18.065346441446412]:d=[-0.9053485571532176,-0.4053485571532176]",,GQSC_V3_FROZEN_ENTRY,1,0,0,0,0,0,0,0,no static obstacle blocks the global race line,0,OTHER,NON_BLOCKING_RESULT_SEMANTICS_REGRESSION,,,,,,,Nonblocking event; no avoidance witness is required.
RP2_119,RULE_PROPERTY_CONSERVATIVE_CORRIDOR_538,2,119,9.3594100347705691,0.74087551444320932,3,0.49953182027052706,2,"id=1:s=[14.422631281258822,14.922631281258822]:d=[-1.168141993268724,-0.66814199326872403];id=2:s=[20.537203064532793,21.037203064532793]:d=[-0.65000000000000002,-0.37499999999999989]","LEFT:domain=[0.14999999999999999,0.50649999999999995]:b=0.22000000000000003",GQSC_V3_FROZEN_ENTRY,1,32,7,128,12,12,0,0,NO_HARD_VALID_M1_CANDIDATE,0,OTHER,CORRIDOR_ORACLE_ONLY_NO_EXACT_P3_WITNESS,,,,,,,"The conservative oracle is a 1D reachable corridor, not an exact five-knot P3 witness."
RP2_122,RULE_PROPERTY_CONSERVATIVE_CORRIDOR_538,2,122,26.245776084563136,-0.75784159434437748,3,0.63170970796776404,2,"id=1:s=[32.987958639036442,33.487958639036442]:d=[-0.60717788769723691,-0.10717788769723691];id=2:s=[38.168522259963979,38.668522259963979]:d=[-0.59940620097211716,-0.099406200972117165]","LEFT:domain=[0.29611136660229775,0.95650000000000013]:b=0.57891105615138161",GQSC_V3_FROZEN_ENTRY,1,32,7,128,12,12,0,0,NO_HARD_VALID_M1_CANDIDATE,0,OTHER,CORRIDOR_ORACLE_ONLY_NO_EXACT_P3_WITNESS,,,,,,,"The conservative oracle is a 1D reachable corridor, not an exact five-knot P3 witness."
RP2_123,RULE_PROPERTY_CONSERVATIVE_CORRIDOR_538,2,123,40.626195515666801,-0.56978679538701127,3,0.82922364649878566,1,"id=1:s=[41.934183927293631,42.434183927293631]:d=[-0.97969182622825857,-0.47969182622825857]",,GQSC_V3_FROZEN_ENTRY,1,0,0,0,0,0,0,0,no static obstacle blocks the global race line,0,OTHER,NON_BLOCKING_RESULT_SEMANTICS_REGRESSION,,,,,,,Nonblocking event; no avoidance witness is required.
RP2_124,RULE_PROPERTY_CONSERVATIVE_CORRIDOR_538,2,124,4.1489031068826083,0.63926872164540693,3,0.75023120752301775,1,"id=1:s=[11.415707922974775,11.915707922974775]:d=[-0.25069938725249052,0.24930061274750948]","RIGHT:domain=[-0.70650000000000013,-0.68185096298207959]:b=-0.63284969362624532;LEFT:domain=[0.72938334919213266,0.93149999999999999]:b=0.99465030637375484",GQSC_V3_FROZEN_ENTRY,1,61,7,128,12,12,0,0,NO_HARD_VALID_M1_CANDIDATE,0,OTHER,CORRIDOR_ORACLE_ONLY_NO_EXACT_P3_WITNESS,,,,,,,"The conservative oracle is a 1D reachable corridor, not an exact five-knot P3 witness."
RP2_129,RULE_PROPERTY_CONSERVATIVE_CORRIDOR_538,2,129,18.897090499653974,-0.00084322912005529993,3,0.91062565654677186,1,"id=1:s=[27.461086832869125,27.961086832869125]:d=[-1.0110938362762447,-0.51109383627624472]",,GQSC_V3_FROZEN_ENTRY,1,0,0,0,0,0,0,0,no static obstacle blocks the global race line,0,OTHER,NON_BLOCKING_RESULT_SEMANTICS_REGRESSION,,,,,,,Nonblocking event; no avoidance witness is required.
RP2_135,RULE_PROPERTY_CONSERVATIVE_CORRIDOR_538,2,135,20.886702521596948,-0.014162212256629669,3,1.0816544665075944,1,"id=1:s=[25.671306960204454,26.171306960204454]:d=[-1.3321226462370672,-0.83212264623706722]",,GQSC_V3_FROZEN_ENTRY,1,0,0,0,0,0,0,0,no static obstacle blocks the global race line,0,OTHER,NON_BLOCKING_RESULT_SEMANTICS_REGRESSION,,,,,,,Nonblocking event; no avoidance witness is required.
RP2_136,RULE_PROPERTY_CONSERVATIVE_CORRIDOR_538,2,136,15.506853993992877,0.056062465291455643,3,0.75042244291800353,1,"id=1:s=[23.040884422547705,23.540884422547705]:d=[-0.59910937735252379,-0.099109377352523786]","LEFT:domain=[0.33970895804216683,0.38150000000000001]:b=0.3829453113237381",GQSC_V3_FROZEN_ENTRY,1,30,7,128,12,12,0,0,NO_HARD_VALID_M1_CANDIDATE,1,TOP12_RANKING_DISPLACEMENT,HARD_VALID_PAIR_IN_B128_BUT_OUTSIDE_TOP12,LEFT,0.33970895804216683,0.38970895804216682,0.51458109301505117,0.49716841625749453,9418aa4c7387899d,
RP2_141,RULE_PROPERTY_CONSERVATIVE_CORRIDOR_538,2,141,16.529193518054022,0.30908050501581985,3,0.54710886460577957,1,"id=1:s=[21.506134841594235,22.006134841594235]:d=[-1.1225770443352525,-0.62257704433525252]",,GQSC_V3_FROZEN_ENTRY,1,0,0,0,0,0,0,0,no static obstacle blocks the global race line,0,OTHER,NON_BLOCKING_RESULT_SEMANTICS_REGRESSION,,,,,,,Nonblocking event; no avoidance witness is required.
RP2_142,RULE_PROPERTY_CONSERVATIVE_CORRIDOR_538,2,142,41.561033482625525,-0.63955917408872942,3,0.58248056129805303,1,"id=1:s=[4.9955146033817428,5.4955146033817428]:d=[-1.0829487410275258,-0.58294874102752581]",,GQSC_V3_FROZEN_ENTRY,1,0,0,0,0,0,0,0,no static obstacle blocks the global race line,0,OTHER,NON_BLOCKING_RESULT_SEMANTICS_REGRESSION,,,,,,,Nonblocking event; no avoidance witness is required.
RP2_145,RULE_PROPERTY_CONSERVATIVE_CORRIDOR_538,2,145,26.887242825328325,-0.6872474883390276,3,0.58990762005503483,1,"id=1:s=[32.068689469539898,32.568689469539898]:d=[-0.59037579978450749,-0.090375799784507493]","LEFT:domain=[0.31291345451502983,0.93149999999999999]:b=0.57481210010774642",GQSC_V3_FROZEN_ENTRY,1,32,7,128,12,12,0,0,NO_HARD_VALID_M1_CANDIDATE,0,OTHER,CORRIDOR_ORACLE_ONLY_NO_EXACT_P3_WITNESS,,,,,,,"The conservative oracle is a 1D reachable corridor, not an exact five-knot P3 witness."
RP2_153,RULE_PROPERTY_CONSERVATIVE_CORRIDOR_538,2,153,24.106140496639163,1.2947906766556991,3,0.52828072708700846,1,"id=1:s=[32.171545168973658,32.671545168973658]:d=[-0.52874890681648112,-0.028748906816481123]","LEFT:domain=[0.3745403474830562,0.93149999999999999]:b=0.60562554659175949",GQSC_V3_FROZEN_ENTRY,1,32,7,128,12,12,0,0,NO_HARD_VALID_M1_CANDIDATE,0,OTHER,CORRIDOR_ORACLE_ONLY_NO_EXACT_P3_WITNESS,,,,,,,"The conservative oracle is a 1D reachable corridor, not an exact five-knot P3 witness."
RP2_154,RULE_PROPERTY_CONSERVATIVE_CORRIDOR_538,2,154,12.928670330564135,-0.60476548007666631,3,0.49953182027052695,2,"id=1:s=[19.694441998294508,20.194441998294508]:d=[-0.65000000000000002,-0.2749999999999998];id=2:s=[14.394839258896404,14.894839258896404]:d=[-1.1301310783392116,-0.63013107833921156]","LEFT:domain=[0.22328925429952096,0.63149999999999995]:b=0.33250000000000007",GQSC_V3_FROZEN_ENTRY,1,32,7,128,12,12,0,0,NO_HARD_VALID_M1_CANDIDATE,0,OTHER,CORRIDOR_ORACLE_ONLY_NO_EXACT_P3_WITNESS,,,,,,,"The conservative oracle is a 1D reachable corridor, not an exact five-knot P3 witness."
RP2_156,RULE_PROPERTY_CONSERVATIVE_CORRIDOR_538,2,156,13.735544061634476,-0.77410751733547867,3,0.50367743048274982,2,"id=1:s=[23.063434953509926,23.563434953509926]:d=[-0.71307768174988517,-0.21307768174988517];id=2:s=[16.84137217882353,17.34137217882353]:d=[-0.90414561021222273,-0.40414561021222273]","LEFT:domain=[0.27850519419239039,0.38150000000000001]:b=0.32596115912505741",GQSC_V3_FROZEN_ENTRY,1,32,7,128,12,12,0,0,NO_HARD_VALID_M1_CANDIDATE,0,OTHER,CORRIDOR_ORACLE_ONLY_NO_EXACT_P3_WITNESS,,,,,,,"The conservative oracle is a 1D reachable corridor, not an exact five-knot P3 witness."
RP2_157,RULE_PROPERTY_CONSERVATIVE_CORRIDOR_538,2,157,11.869972229125052,0.63301608905293327,3,0.67339073852357623,2,"id=1:s=[12.770057183895604,13.270057183895604]:d=[-1.098858918253049,-0.59885891825304904];id=2:s=[26.219314184003242,26.719314184003242]:d=[-2.2551608709183175,-1.7551608709183175]",,GQSC_V3_FROZEN_ENTRY,1,0,0,0,0,0,0,0,no static obstacle blocks the global race line,0,OTHER,NON_BLOCKING_RESULT_SEMANTICS_REGRESSION,,,,,,,Nonblocking event; no avoidance witness is required.
RP2_159,RULE_PROPERTY_CONSERVATIVE_CORRIDOR_538,2,159,10.320979833342065,1.5019737514207081,3,0.65925680859535651,1,"id=1:s=[15.320447204794068,15.820447204794068]:d=[-1.0847249883248293,-0.58472498832482933]",,GQSC_V3_FROZEN_ENTRY,1,0,0,0,0,0,0,0,no static obstacle blocks the global race line,0,OTHER,NON_BLOCKING_RESULT_SEMANTICS_REGRESSION,,,,,,,Nonblocking event; no avoidance witness is required.
RP2_160,RULE_PROPERTY_CONSERVATIVE_CORRIDOR_538,2,160,25.69896652626382,-0.38528006618096267,3,1.266522969066995,1,"id=1:s=[26.601788675004716,27.101788675004716]:d=[-1.5669911487964678,-1.0669911487964678]",,GQSC_V3_FROZEN_ENTRY,1,0,0,0,0,0,0,0,no static obstacle blocks the global race line,0,OTHER,NON_BLOCKING_RESULT_SEMANTICS_REGRESSION,,,,,,,Nonblocking event; no avoidance witness is required.
RP2_163,RULE_PROPERTY_CONSERVATIVE_CORRIDOR_538,2,163,4.0562708291468565,0.64483423028970521,3,1.3162315299721712,1,"id=1:s=[10.117747010717597,10.617747010717597]:d=[-0.24169970970164434,0.25830029029835566]","LEFT:domain=[0.72550196454886429,1.4565000000000001]:b=1.2241501451491779",GQSC_V3_FROZEN_ENTRY,1,32,7,128,12,12,0,0,NO_HARD_VALID_M1_CANDIDATE,0,OTHER,CORRIDOR_ORACLE_ONLY_NO_EXACT_P3_WITNESS,,,,,,,"The conservative oracle is a 1D reachable corridor, not an exact five-knot P3 witness."
RP2_167,RULE_PROPERTY_CONSERVATIVE_CORRIDOR_538,2,167,6.3465536734866799,0.47255327687335119,3,0.60452235165750645,1,"id=1:s=[15.173118802522948,15.673118802522948]:d=[-1.0299905313869793,-0.52999053138697927]",,GQSC_V3_FROZEN_ENTRY,1,0,0,0,0,0,0,0,no static obstacle blocks the global race line,0,OTHER,NON_BLOCKING_RESULT_SEMANTICS_REGRESSION,,,,,,,Nonblocking event; no avoidance witness is required.
RP2_169,RULE_PROPERTY_CONSERVATIVE_CORRIDOR_538,2,169,19.269637498129821,0.35495979888562262,3,0.44953182027052702,1,"id=1:s=[21.344667141579187,21.844667141579187]:d=[-1,-0.52499999999999991]",,GQSC_V3_FROZEN_ENTRY,1,0,0,0,0,0,0,0,no static obstacle blocks the global race line,0,OTHER,NON_BLOCKING_RESULT_SEMANTICS_REGRESSION,,,,,,,Nonblocking event; no avoidance witness is required.
RP2_171,RULE_PROPERTY_CONSERVATIVE_CORRIDOR_538,2,171,15.941343596612947,0.1638893997001809,3,0.92391098721061526,1,"id=1:s=[23.852100451580689,24.352100451580689]:d=[-0.44937916694008806,0.05062083305991194]","LEFT:domain=[0.53301629991460409,1.2065000000000001]:b=0.84531041652995609",GQSC_V3_FROZEN_ENTRY,1,32,7,128,12,12,0,0,NO_HARD_VALID_M1_CANDIDATE,0,OTHER,CORRIDOR_ORACLE_ONLY_NO_EXACT_P3_WITNESS,,,,,,,"The conservative oracle is a 1D reachable corridor, not an exact five-knot P3 witness."
RP2_176,RULE_PROPERTY_CONSERVATIVE_CORRIDOR_538,2,176,15.056709563873905,-0.50340462577266964,3,0.80045750131029658,1,"id=1:s=[24.594742443968979,25.094742443968979]:d=[-0.37592568103976964,0.12407431896023036]","LEFT:domain=[0.59824181458435599,1.1815]:b=0.84453715948011521",GQSC_V3_FROZEN_ENTRY,1,32,7,128,12,12,0,0,NO_HARD_VALID_M1_CANDIDATE,0,OTHER,CORRIDOR_ORACLE_ONLY_NO_EXACT_P3_WITNESS,,,,,,,"The conservative oracle is a 1D reachable corridor, not an exact five-knot P3 witness."
RP2_181,RULE_PROPERTY_CONSERVATIVE_CORRIDOR_538,2,181,42.997850588411758,-0.058034936026436501,3,0.9715666691911411,1,"id=1:s=[4.6069740409959365,5.1069740409959365]:d=[-1.4720348489206139,-0.97203484892061387]",,GQSC_V3_FROZEN_ENTRY,1,0,0,0,0,0,0,0,no static obstacle blocks the global race line,0,OTHER,NON_BLOCKING_RESULT_SEMANTICS_REGRESSION,,,,,,,Nonblocking event; no avoidance witness is required.
RP2_183,RULE_PROPERTY_CONSERVATIVE_CORRIDOR_538,2,183,18.792631145362389,0.32128065462864985,3,1.3142981989360318,1,"id=1:s=[25.080906216032304,25.580906216032304]:d=[-1.0897663786655045,-0.58976637866550452]",,GQSC_V3_FROZEN_ENTRY,1,0,0,0,0,0,0,0,no static obstacle blocks the global race line,0,OTHER,NON_BLOCKING_RESULT_SEMANTICS_REGRESSION,,,,,,,Nonblocking event; no avoidance witness is required.
RP2_184,RULE_PROPERTY_CONSERVATIVE_CORRIDOR_538,2,184,35.227550766740272,0.87248842086219947,3,0.5249793819402031,2,"id=1:s=[1.7729371181179654,2.2729371181179654]:d=[-0.45044756166967581,0.049552438330324189];id=2:s=[36.093929967882531,36.593929967882531]:d=[-0.6373099072439854,-0.1373099072439854]","LEFT:domain=[0.26597934705554271,0.93149999999999999]:b=0.53884504637800734",GQSC_V3_FROZEN_ENTRY,1,32,7,128,12,12,0,0,NO_HARD_VALID_M1_CANDIDATE,1,TOP12_RANKING_DISPLACEMENT,HARD_VALID_PAIR_IN_B128_BUT_OUTSIDE_TOP12,LEFT,0.70965978235184757,0.63813980955786664,1.310934367577036,3.9473573093269398,0e575a4388e20448,
RP2_186,RULE_PROPERTY_CONSERVATIVE_CORRIDOR_538,2,186,4.1162897597913091,-0.21148312477680309,3,0.55797267694267294,1,"id=1:s=[12.98842774112641,13.48842774112641]:d=[-1.0084408566721459,-0.50844085667214589]",,GQSC_V3_FROZEN_ENTRY,1,0,0,0,0,0,0,0,no static obstacle blocks the global race line,0,OTHER,NON_BLOCKING_RESULT_SEMANTICS_REGRESSION,,,,,,,Nonblocking event; no avoidance witness is required.
RP2_188,RULE_PROPERTY_CONSERVATIVE_CORRIDOR_538,2,188,26.844866864148742,-0.71052376090779046,3,0.51746267208909225,2,"id=1:s=[34.509800998352326,35.009800998352326]:d=[-0.49293085181856511,0.0070691481814348922];id=2:s=[36.903457410388214,37.403457410388214]:d=[-0.6144829641793178,-0.1144829641793178]","LEFT:domain=[0.41035840248097144,0.95650000000000013]:b=0.62353457409071755",GQSC_V3_FROZEN_ENTRY,1,32,7,128,12,12,0,0,NO_HARD_VALID_M1_CANDIDATE,0,OTHER,CORRIDOR_ORACLE_ONLY_NO_EXACT_P3_WITNESS,,,,,,,"The conservative oracle is a 1D reachable corridor, not an exact five-knot P3 witness."
RP2_191,RULE_PROPERTY_CONSERVATIVE_CORRIDOR_538,2,191,4.4807211320765639,0.3920453954838965,3,0.4514014559512271,1,"id=1:s=[4.6269196178061103,5.1269196178061103]:d=[-0.95186963568069993,-0.45186963568069993]","LEFT:domain=[0.14999999999999999,0.45650000000000007]:b=0.14406518215965003",GQSC_V3_FROZEN_ENTRY,1,32,7,128,12,12,0,0,NO_HARD_VALID_M1_CANDIDATE,0,OTHER,CORRIDOR_ORACLE_ONLY_NO_EXACT_P3_WITNESS,,,,,,,"The conservative oracle is a 1D reachable corridor, not an exact five-knot P3 witness."
RP2_193,RULE_PROPERTY_CONSERVATIVE_CORRIDOR_538,2,193,20.252963451296349,-0.025504796490984527,3,1.0504707918685472,1,"id=1:s=[22.894604090615275,23.394604090615275]:d=[-1.42593897159802,-0.92593897159801997]",,GQSC_V3_FROZEN_ENTRY,1,0,0,0,0,0,0,0,no static obstacle blocks the global race line,0,OTHER,NON_BLOCKING_RESULT_SEMANTICS_REGRESSION,,,,,,,Nonblocking event; no avoidance witness is required.
RP2_199,RULE_PROPERTY_CONSERVATIVE_CORRIDOR_538,2,199,20.051777045472587,-0.14787469602115388,3,0.94366914134339852,1,"id=1:s=[22.458160822060155,22.958160822060155]:d=[-1.5941373210728713,-1.0941373210728713]",,GQSC_V3_FROZEN_ENTRY,1,0,0,0,0,0,0,0,no static obstacle blocks the global race line,0,OTHER,NON_BLOCKING_RESULT_SEMANTICS_REGRESSION,,,,,,,Nonblocking event; no avoidance witness is required.
RP2_201,RULE_PROPERTY_CONSERVATIVE_CORRIDOR_538,2,201,12.215696069837126,-0.21605299458349725,3,0.54269178187927625,1,"id=1:s=[14.247672264843924,14.747672264843924]:d=[-1.0181599616087491,-0.51815996160874911]",,GQSC_V3_FROZEN_ENTRY,1,0,0,0,0,0,0,0,no static obstacle blocks the global race line,0,OTHER,NON_BLOCKING_RESULT_SEMANTICS_REGRESSION,,,,,,,Nonblocking event; no avoidance witness is required.
RP2_203,RULE_PROPERTY_CONSERVATIVE_CORRIDOR_538,2,203,43.075096454020908,0.070409712260735224,3,0.47453182027052693,2,"id=1:s=[6.3547740023123058,6.8547740023123058]:d=[-0.70000000000000007,-0.22499999999999976];id=2:s=[2.1885657735833393,2.6885657735833393]:d=[-0.5338362574627995,-0.033836257462799502]","LEFT:domain=[0.44573260700416351,1.0315000000000001]:b=0.64058187126860033",GQSC_V3_FROZEN_ENTRY,1,32,7,128,12,12,0,1,NONE,1,TOP12_RANKING_DISPLACEMENT,HARD_VALID_PAIR_IN_B128_BUT_OUTSIDE_TOP12,LEFT,0.44573260700416351,0.42573260700416349,1.310934367577036,0.5778378096262422,7dc975fc6b2e031c,
RP2_204,RULE_PROPERTY_CONSERVATIVE_CORRIDOR_538,2,204,43.093758874687644,0.44530309006642099,3,0.62888738808943012,1,"id=1:s=[4.9389522405677351,5.4389522405677351]:d=[-1.1293555678189029,-0.62935556781890289]",,GQSC_V3_FROZEN_ENTRY,1,0,0,0,0,0,0,0,no static obstacle blocks the global race line,0,OTHER,NON_BLOCKING_RESULT_SEMANTICS_REGRESSION,,,,,,,Nonblocking event; no avoidance witness is required.
RP2_205,RULE_PROPERTY_CONSERVATIVE_CORRIDOR_538,2,205,9.9713008649027906,-0.6563585401729698,3,0.5046935005868789,2,"id=1:s=[16.457446512343225,16.957446512343225]:d=[-0.9051616803163518,-0.4051616803163518];id=2:s=[13.963529289253055,14.463529289253055]:d=[-1.0277291024018285,-0.52772910240182846]",,GQSC_V3_FROZEN_ENTRY,1,0,0,0,0,0,0,0,no static obstacle blocks the global race line,0,OTHER,NON_BLOCKING_RESULT_SEMANTICS_REGRESSION,,,,,,,Nonblocking event; no avoidance witness is required.
RP2_207,RULE_PROPERTY_CONSERVATIVE_CORRIDOR_538,2,207,5.7643088649175009,-0.43034292830519305,3,0.54984898402179083,1,"id=1:s=[15.073462589016279,15.573462589016279]:d=[-0.97531716375126365,-0.47531716375126365]",,GQSC_V3_FROZEN_ENTRY,1,0,0,0,0,0,0,0,no static obstacle blocks the global race line,0,OTHER,NON_BLOCKING_RESULT_SEMANTICS_REGRESSION,,,,,,,Nonblocking event; no avoidance witness is required.
RP2_208,RULE_PROPERTY_CONSERVATIVE_CORRIDOR_538,2,208,9.9496240540092451,0.98168008027433196,3,0.53582595580850523,1,"id=2:s=[16.55512209674189,17.05512209674189]:d=[-0.93629413553797813,-0.43629413553797813]",,GQSC_V3_FROZEN_ENTRY,1,0,0,0,0,0,0,0,no static obstacle blocks the global race line,0,OTHER,NON_BLOCKING_RESULT_SEMANTICS_REGRESSION,,,,,,,Nonblocking event; no avoidance witness is required.
RP2_212,RULE_PROPERTY_CONSERVATIVE_CORRIDOR_538,2,212,15.323199780359911,-0.51503182004757631,3,0.50209193446666123,2,"id=1:s=[23.71784174179367,24.21784174179367]:d=[-0.30875490552200058,0.19124509447799942];id=2:s=[29.899118554113922,30.399118554113922]:d=[-0.47756011419613409,0.022439885803865911]","LEFT:domain=[0.678375797117306,0.95650000000000013]:b=0.84062254723899987",GQSC_V3_FROZEN_ENTRY,1,32,7,128,12,12,0,0,NO_HARD_VALID_M1_CANDIDATE,0,OTHER,CORRIDOR_ORACLE_ONLY_NO_EXACT_P3_WITNESS,,,,,,,"The conservative oracle is a 1D reachable corridor, not an exact five-knot P3 witness."
RP2_215,RULE_PROPERTY_CONSERVATIVE_CORRIDOR_538,2,215,7.7240084573651613,0.22602742611905391,3,0.51003991347233657,2,"id=1:s=[13.323509517877074,13.823509517877074]:d=[-1.0105080932018093,-0.51050809320180934];id=2:s=[21.944494920493238,22.444494920493238]:d=[-1.4067375394706794,-0.90673753947067937]",,GQSC_V3_FROZEN_ENTRY,1,0,0,0,0,0,0,0,no static obstacle blocks the global race line,0,OTHER,NON_BLOCKING_RESULT_SEMANTICS_REGRESSION,,,,,,,Nonblocking event; no avoidance witness is required.
RP2_216,RULE_PROPERTY_CONSERVATIVE_CORRIDOR_538,2,216,21.052200661880768,-0.40598450250271928,3,0.62583820806621082,2,"id=1:s=[29.596848645927846,30.096848645927846]:d=[-0.62630638779568359,-0.12630638779568359];id=2:s=[22.399216783459188,22.899216783459188]:d=[-2.267153305058236,-1.767153305058236]","LEFT:domain=[0.29059368805409702,0.95650000000000013]:b=0.55684680610215831",GQSC_V3_FROZEN_ENTRY,1,32,7,128,12,12,0,0,NO_HARD_VALID_M1_CANDIDATE,0,OTHER,CORRIDOR_ORACLE_ONLY_NO_EXACT_P3_WITNESS,,,,,,,"The conservative oracle is a 1D reachable corridor, not an exact five-knot P3 witness."
RP2_227,RULE_PROPERTY_CONSERVATIVE_CORRIDOR_538,2,227,14.897186394747678,-0.2999731564928334,3,1.5564049846343058,1,"id=1:s=[23.155302513112272,23.655302513112272]:d=[-1.5568731643637785,-1.0568731643637785]",,GQSC_V3_FROZEN_ENTRY,1,0,0,0,0,0,0,0,no static obstacle blocks the global race line,0,OTHER,NON_BLOCKING_RESULT_SEMANTICS_REGRESSION,,,,,,,Nonblocking event; no avoidance witness is required.
RP2_228,RULE_PROPERTY_CONSERVATIVE_CORRIDOR_538,2,228,38.382095620848681,1.0352106794191178,3,0.52329911036343879,2,"id=1:s=[39.936840472250758,40.436840472250758]:d=[-0.47376729009291163,0.02623270990708837];id=2:s=[1.294528992571349,1.794528992571349]:d=[-0.61294134899156139,-0.11294134899156139]","LEFT:domain=[0.42952196420662736,0.95650000000000013]:b=0.6456163549535443",GQSC_V3_FROZEN_ENTRY,1,32,7,128,12,12,0,0,NO_HARD_VALID_M1_CANDIDATE,0,OTHER,CORRIDOR_ORACLE_ONLY_NO_EXACT_P3_WITNESS,,,,,,,"The conservative oracle is a 1D reachable corridor, not an exact five-knot P3 witness."
RP2_229,RULE_PROPERTY_CONSERVATIVE_CORRIDOR_538,2,229,40.435407956290923,0.11679887591694238,3,0.72151269222759695,1,"id=1:s=[4.0609332451364955,4.5609332451364955]:d=[-1.0219808719570698,-0.52198087195706977]",,GQSC_V3_FROZEN_ENTRY,1,0,0,0,0,0,0,0,no static obstacle blocks the global race line,0,OTHER,NON_BLOCKING_RESULT_SEMANTICS_REGRESSION,,,,,,,Nonblocking event; no avoidance witness is required.
RP2_231,RULE_PROPERTY_CONSERVATIVE_CORRIDOR_538,2,231,21.923632617429895,-0.85951695788078097,3,0.56578920249883069,1,"id=1:s=[31.909467738568807,32.409467738568807]:d=[-0.56625738222830346,-0.066257382228303463]","LEFT:domain=[0.33703187207123386,0.93149999999999999]:b=0.57437130888584831",GQSC_V3_FROZEN_ENTRY,1,32,7,128,12,12,0,0,NO_HARD_VALID_M1_CANDIDATE,0,OTHER,CORRIDOR_ORACLE_ONLY_NO_EXACT_P3_WITNESS,,,,,,,"The conservative oracle is a 1D reachable corridor, not an exact five-knot P3 witness."
RP2_232,RULE_PROPERTY_CONSERVATIVE_CORRIDOR_538,2,232,26.509130367999461,-0.46649596715418462,3,0.54926581922271178,1,"id=1:s=[36.13291270364352,36.63291270364352]:d=[-0.52473399895218464,-0.024733998952184644]","LEFT:domain=[0.37855525534734347,0.93149999999999999]:b=0.59513300052390772",GQSC_V3_FROZEN_ENTRY,1,32,7,128,12,12,0,0,NO_HARD_VALID_M1_CANDIDATE,0,OTHER,CORRIDOR_ORACLE_ONLY_NO_EXACT_P3_WITNESS,,,,,,,"The conservative oracle is a 1D reachable corridor, not an exact five-knot P3 witness."
RP2_238,RULE_PROPERTY_CONSERVATIVE_CORRIDOR_538,2,238,4.1236257766731352,-0.20233482476621878,3,0.37600681535505115,2,"id=1:s=[10.734595577105981,11.234595577105981]:d=[-0.12107610338497998,0.37892389661502002];id=2:s=[9.1844735072521129,9.6844735072521129]:d=[-0.50147499508452409,-0.0014749950845240889]",,EVALUATOR_INVARIANT_VIOLATION: native R3-RT transition bound violated,0,0,0,0,0,0,0,0,NO_VALID_SIDE_DOMAIN,0,OTHER,EMPTY_DIRECT_TRANSITION_SET_AFTER_NO_VALID_SIDE_GEOMETRY,,,,,,,"The conservative oracle is a 1D reachable corridor, not an exact five-knot P3 witness."
RP2_239,RULE_PROPERTY_CONSERVATIVE_CORRIDOR_538,2,239,6.7261272454165493,0.52574761291478467,3,0.58132491963301103,1,"id=1:s=[13.227522680190983,13.727522680190983]:d=[-1.0817930993624838,-0.5817930993624838]",,GQSC_V3_FROZEN_ENTRY,1,0,0,0,0,0,0,0,no static obstacle blocks the global race line,0,OTHER,NON_BLOCKING_RESULT_SEMANTICS_REGRESSION,,,,,,,Nonblocking event; no avoidance witness is required.
RP2_242,RULE_PROPERTY_CONSERVATIVE_CORRIDOR_538,2,242,12.634809502569988,0.42109183115395266,3,0.49953182027052706,2,"id=1:s=[21.31095685796641,21.81095685796641]:d=[-1,-0.52499999999999991];id=2:s=[22.529253704607925,23.029253704607925]:d=[-2.0799970640089476,-1.5799970640089476]",,GQSC_V3_FROZEN_ENTRY,1,0,0,0,0,0,0,0,no static obstacle blocks the global race line,0,OTHER,NON_BLOCKING_RESULT_SEMANTICS_REGRESSION,,,,,,,Nonblocking event; no avoidance witness is required.
RP2_244,RULE_PROPERTY_CONSERVATIVE_CORRIDOR_538,2,244,18.432896582892994,-0.53351351796765489,3,0.6212024775650522,1,"id=1:s=[28.429906182248967,28.929906182248967]:d=[-0.646670657294525,-0.146670657294525]","LEFT:domain=[0.34726371268117584,0.93149999999999999]:b=0.53416467135273749",GQSC_V3_FROZEN_ENTRY,1,32,7,128,12,12,0,0,NO_HARD_VALID_M1_CANDIDATE,0,OTHER,CORRIDOR_ORACLE_ONLY_NO_EXACT_P3_WITNESS,,,,,,,"The conservative oracle is a 1D reachable corridor, not an exact five-knot P3 witness."
RP2_247,RULE_PROPERTY_CONSERVATIVE_CORRIDOR_538,2,247,29.36179755006863,-0.051232793061402326,3,0.56382537462970395,2,"id=1:s=[32.786127917967811,33.286127917967811]:d=[-0.68755055591379621,-0.18755055591379621];id=2:s=[30.579326463478267,31.079326463478267]:d=[-0.56429355435917661,-0.064293554359176608]","LEFT:domain=[0.33899569994035583,0.95650000000000013]:b=0.58785322282041186",GQSC_V3_FROZEN_ENTRY,1,32,7,128,12,12,0,0,NO_HARD_VALID_M1_CANDIDATE,0,OTHER,CORRIDOR_ORACLE_ONLY_NO_EXACT_P3_WITNESS,,,,,,,"The conservative oracle is a 1D reachable corridor, not an exact five-knot P3 witness."
RP2_249,RULE_PROPERTY_CONSERVATIVE_CORRIDOR_538,2,249,7.0027708122466201,-0.075812972305174975,3,0.62395881663033204,1,"id=1:s=[14.895173134490038,15.395173134490038]:d=[-1.074426996359805,-0.57442699635980499]",,GQSC_V3_FROZEN_ENTRY,1,0,0,0,0,0,0,0,no static obstacle blocks the global race line,0,OTHER,NON_BLOCKING_RESULT_SEMANTICS_REGRESSION,,,,,,,Nonblocking event; no avoidance witness is required.
RP2_251,RULE_PROPERTY_CONSERVATIVE_CORRIDOR_538,2,251,6.1648100669582666,0.6017720247726499,3,0.71999711027812396,1,"id=1:s=[12.336872186885572,12.836872186885572]:d=[-1.0454652900075969,-0.54546529000759691]",,GQSC_V3_FROZEN_ENTRY,1,0,0,0,0,0,0,0,no static obstacle blocks the global race line,0,OTHER,NON_BLOCKING_RESULT_SEMANTICS_REGRESSION,,,,,,,Nonblocking event; no avoidance witness is required.
RP2_252,RULE_PROPERTY_CONSERVATIVE_CORRIDOR_538,2,252,2.7537625099847798,0.94880817766385905,3,0.65029626131963236,2,"id=1:s=[8.5366976590013799,9.0366976590013799]:d=[-1.4255752279112155,-0.92557522791121549];id=2:s=[14.754509308438809,15.254509308438809]:d=[-1.1257644410491052,-0.62576444104910522]",,GQSC_V3_FROZEN_ENTRY,1,0,0,0,0,0,0,0,no static obstacle blocks the global race line,0,OTHER,NON_BLOCKING_RESULT_SEMANTICS_REGRESSION,,,,,,,Nonblocking event; no avoidance witness is required.
RP2_253,RULE_PROPERTY_CONSERVATIVE_CORRIDOR_538,2,253,12.196618446263241,0.77368289894636644,3,0.49953182027052706,1,"id=1:s=[19.756101447661969,20.256101447661969]:d=[-0.625,-0.27499999999999991]","LEFT:domain=[0.22328925429952085,0.63149999999999995]:b=0.34500000000000003",GQSC_V3_FROZEN_ENTRY,1,32,7,128,12,12,0,0,NO_HARD_VALID_M1_CANDIDATE,0,OTHER,CORRIDOR_ORACLE_ONLY_NO_EXACT_P3_WITNESS,,,,,,,"The conservative oracle is a 1D reachable corridor, not an exact five-knot P3 witness."
RP2_255,RULE_PROPERTY_CONSERVATIVE_CORRIDOR_538,2,255,13.701327368862062,0.27524219837334463,3,0.61018883332102081,1,"id=1:s=[14.598311258378297,15.098311258378297]:d=[-1.0856570130504937,-0.58565701305049367]",,GQSC_V3_FROZEN_ENTRY,1,0,0,0,0,0,0,0,no static obstacle blocks the global race line,0,OTHER,NON_BLOCKING_RESULT_SEMANTICS_REGRESSION,,,,,,,Nonblocking event; no avoidance witness is required.
RP2_258,RULE_PROPERTY_CONSERVATIVE_CORRIDOR_538,2,258,19.714909681601281,-0.33025392746537069,3,1.1418736064911972,1,"id=1:s=[22.194557629561114,22.694557629561114]:d=[-1.7923417862206699,-1.2923417862206699]",,GQSC_V3_FROZEN_ENTRY,1,0,0,0,0,0,0,0,no static obstacle blocks the global race line,0,OTHER,NON_BLOCKING_RESULT_SEMANTICS_REGRESSION,,,,,,,Nonblocking event; no avoidance witness is required.
RP2_266,RULE_PROPERTY_CONSERVATIVE_CORRIDOR_538,2,266,20.154699675481918,0.040193857284845036,3,0.49953182027052706,2,"id=1:s=[22.550794527079798,23.050794527079798]:d=[-1.5281769022355713,-1.0281769022355713];id=2:s=[21.318040911232334,21.818040911232334]:d=[-1,-0.52499999999999991]",,GQSC_V3_FROZEN_ENTRY,1,0,0,0,0,0,0,0,no static obstacle blocks the global race line,0,OTHER,NON_BLOCKING_RESULT_SEMANTICS_REGRESSION,,,,,,,Nonblocking event; no avoidance witness is required.
RP2_268,RULE_PROPERTY_CONSERVATIVE_CORRIDOR_538,2,268,12.253046403700621,-0.45877386247341684,3,0.69713218314481007,1,"id=1:s=[14.125146257144834,14.625146257144834]:d=[-1.1726003628742829,-0.67260036287428293]",,GQSC_V3_FROZEN_ENTRY,1,0,0,0,0,0,0,0,no static obstacle blocks the global race line,0,OTHER,NON_BLOCKING_RESULT_SEMANTICS_REGRESSION,,,,,,,Nonblocking event; no avoidance witness is required.
RP2_271,RULE_PROPERTY_CONSERVATIVE_CORRIDOR_538,2,271,9.9713460102772604,0.011095785197231867,3,0.55404084391829045,2,"id=1:s=[17.155979300208564,17.655979300208564]:d=[-0.92950902364776322,-0.42950902364776322];id=2:s=[23.069017604095126,23.569017604095126]:d=[-1.3314927267399481,-0.83149272673994812]",,GQSC_V3_FROZEN_ENTRY,1,0,0,0,0,0,0,0,no static obstacle blocks the global race line,0,OTHER,NON_BLOCKING_RESULT_SEMANTICS_REGRESSION,,,,,,,Nonblocking event; no avoidance witness is required.
RP2_274,RULE_PROPERTY_CONSERVATIVE_CORRIDOR_538,2,274,12.714358322152126,-0.42808071699645267,3,0.6995600608622321,1,"id=1:s=[13.978960164238309,14.478960164238309]:d=[-1.175028240591705,-0.67502824059170496]",,GQSC_V3_FROZEN_ENTRY,1,0,0,0,0,0,0,0,no static obstacle blocks the global race line,0,OTHER,NON_BLOCKING_RESULT_SEMANTICS_REGRESSION,,,,,,,Nonblocking event; no avoidance witness is required.
RP2_281,RULE_PROPERTY_CONSERVATIVE_CORRIDOR_538,2,281,25.685665679930672,-0.71232829616388238,3,1.0912245354647698,1,"id=1:s=[27.003878679320309,27.503878679320309]:d=[-1.2666927151942426,-0.76669271519424265]",,GQSC_V3_FROZEN_ENTRY,1,0,0,0,0,0,0,0,no static obstacle blocks the global race line,0,OTHER,NON_BLOCKING_RESULT_SEMANTICS_REGRESSION,,,,,,,Nonblocking event; no avoidance witness is required.
RP2_284,RULE_PROPERTY_CONSERVATIVE_CORRIDOR_538,2,284,22.543572680755073,-0.71442699427890055,3,1.3096841646133324,1,"id=1:s=[25.694108386338673,26.194108386338673]:d=[-1.5601523443428051,-1.0601523443428051]",,GQSC_V3_FROZEN_ENTRY,1,0,0,0,0,0,0,0,no static obstacle blocks the global race line,0,OTHER,NON_BLOCKING_RESULT_SEMANTICS_REGRESSION,,,,,,,Nonblocking event; no avoidance witness is required.
RP2_286,RULE_PROPERTY_CONSERVATIVE_CORRIDOR_538,2,286,13.618951588262522,-0.60613829178095058,3,0.69379648381143388,1,"id=1:s=[14.568536122585154,15.068536122585154]:d=[-1.1692646635409067,-0.66926466354090675]",,GQSC_V3_FROZEN_ENTRY,1,0,0,0,0,0,0,0,no static obstacle blocks the global race line,0,OTHER,NON_BLOCKING_RESULT_SEMANTICS_REGRESSION,,,,,,,Nonblocking event; no avoidance witness is required.
RP2_289,RULE_PROPERTY_CONSERVATIVE_CORRIDOR_538,2,289,2.0732941785754706,-0.17067335040975956,3,0.5019814768034403,2,"id=1:s=[4.5815685213514064,5.0815685213514064]:d=[-1.0024496565329131,-0.50244965653291307];id=2:s=[7.7828422760777087,8.2828422760777087]:d=[-1.1236552451807988,-0.62365524518079885]",,GQSC_V3_FROZEN_ENTRY,1,0,0,0,0,0,0,0,no static obstacle blocks the global race line,0,OTHER,NON_BLOCKING_RESULT_SEMANTICS_REGRESSION,,,,,,,Nonblocking event; no avoidance witness is required.
RP2_298,RULE_PROPERTY_CONSERVATIVE_CORRIDOR_538,2,298,7.503733022808893,-0.62073257656099456,3,0.56930698228096532,2,"id=1:s=[9.8414368059844861,10.341436805984486]:d=[-0.10017516303505758,0.39982483696494242];id=2:s=[16.963946301014698,17.463946301014698]:d=[-0.96977516201043823,-0.46977516201043823]","RIGHT:domain=[-0.65650000000000008,-0.56633841812701791]:b=-0.52008758151752876;LEFT:domain=[0.86598809205690275,1.1065]:b=1.0699124184824713",GQSC_V3_FROZEN_ENTRY,1,62,7,128,12,12,0,0,NO_HARD_VALID_M1_CANDIDATE,0,OTHER,CORRIDOR_ORACLE_ONLY_NO_EXACT_P3_WITNESS,,,,,,,"The conservative oracle is a 1D reachable corridor, not an exact five-knot P3 witness."
RP2_299,RULE_PROPERTY_CONSERVATIVE_CORRIDOR_538,2,299,12.671332480400228,0.42365252585163016,3,0.59900490301952902,1,"id=1:s=[16.933963828371674,17.433963828371674]:d=[-0.99947308274900193,-0.49947308274900193]",,GQSC_V3_FROZEN_ENTRY,1,0,0,0,0,0,0,0,no static obstacle blocks the global race line,0,OTHER,NON_BLOCKING_RESULT_SEMANTICS_REGRESSION,,,,,,,Nonblocking event; no avoidance witness is required.
RP3_0,RULE_PROPERTY_CONSERVATIVE_CORRIDOR_538,3,0,17.929872240119977,-0.45485518497021088,3,0.61717690381230517,1,"id=1:s=[23.657346679721108,24.157346679721108]:d=[-0.21764508354177814,0.28235491645822186]","LEFT:domain=[0.76948561909752844,0.95650000000000013]:b=0.88617745822911109",GQSC_V3_FROZEN_ENTRY,1,32,7,128,12,12,0,0,NO_HARD_VALID_M1_CANDIDATE,0,OTHER,CORRIDOR_ORACLE_ONLY_NO_EXACT_P3_WITNESS,,,,,,,"The conservative oracle is a 1D reachable corridor, not an exact five-knot P3 witness."
RP3_2,RULE_PROPERTY_CONSERVATIVE_CORRIDOR_538,3,2,41.753791803658935,0.8620819149644654,3,0.51663213642775307,3,"id=1:s=[8.1936571241658438,8.6936571241658438]:d=[-1.365270374995994,-0.86527037499599402];id=2:s=[10.158499214126838,10.658499214126838]:d=[0.35795893863128414,0.85795893863128414];id=3:s=[2.600377745912263,3.100377745912263]:d=[-0.44210031615722567,0.05789968384277433]","LEFT:domain=[0.53690764785339706,0.98150000000000004]:b=0.68644984192138725",GQSC_V3_FROZEN_ENTRY,1,32,7,128,12,12,0,0,NO_HARD_VALID_M1_CANDIDATE,0,OTHER,CORRIDOR_ORACLE_ONLY_NO_EXACT_P3_WITNESS,,,,,,,"The conservative oracle is a 1D reachable corridor, not an exact five-knot P3 witness."
RP3_6,RULE_PROPERTY_CONSERVATIVE_CORRIDOR_538,3,6,24.055064774292671,0.89284577724930148,3,0.73617968871458972,2,"id=1:s=[26.816623270297452,27.316623270297452]:d=[-1.0919512388280501,-0.59195123882805012];id=2:s=[36.762598215885305,37.262598215885305]:d=[-0.76164786844406251,-0.26164786844406251]","LEFT:domain=[0.14999999999999999,0.93149999999999999]:b=0.47667606577796878",GQSC_V3_FROZEN_ENTRY,1,32,7,128,12,12,0,0,NO_HARD_VALID_M1_CANDIDATE,0,OTHER,CORRIDOR_ORACLE_ONLY_NO_EXACT_P3_WITNESS,,,,,,,"The conservative oracle is a 1D reachable corridor, not an exact five-knot P3 witness."
RP3_11,RULE_PROPERTY_CONSERVATIVE_CORRIDOR_538,3,11,1.9456699127824306,-0.19266259069670968,3,0.48971727263098036,2,"id=1:s=[7.3635186043814516,7.8635186043814516]:d=[-0.99018545236045319,-0.49018545236045319];id=2:s=[9.9882683772316181,10.488268377231618]:d=[-0.4850605403559568,0.014939459644043196]","LEFT:domain=[0.48214113389455182,1.4565000000000001]:b=1.1024697298220216",GQSC_V3_FROZEN_ENTRY,1,32,7,128,12,12,0,0,NO_HARD_VALID_M1_CANDIDATE,0,OTHER,CORRIDOR_ORACLE_ONLY_NO_EXACT_P3_WITNESS,,,,,,,"The conservative oracle is a 1D reachable corridor, not an exact five-knot P3 witness."
RP3_13,RULE_PROPERTY_CONSERVATIVE_CORRIDOR_538,3,13,13.166501965210466,-0.5363897828947386,3,0.53021661911687357,1,"id=1:s=[21.721602732924921,22.221602732924921]:d=[-1.1306847988463464,-0.63068479884634643]",,GQSC_V3_FROZEN_ENTRY,1,0,0,0,0,0,0,0,no static obstacle blocks the global race line,0,OTHER,NON_BLOCKING_RESULT_SEMANTICS_REGRESSION,,,,,,,Nonblocking event; no avoidance witness is required.
RP3_14,RULE_PROPERTY_CONSERVATIVE_CORRIDOR_538,3,14,24.263755460232183,1.0233781443839627,3,0.53251479001250424,1,"id=3:s=[34.928788629203488,35.428788629203488]:d=[-0.48298296974197719,0.017017030258022814]","LEFT:domain=[0.42030628455755936,0.95650000000000013]:b=0.64100851512901147",GQSC_V3_FROZEN_ENTRY,1,32,7,128,12,12,0,0,NO_HARD_VALID_M1_CANDIDATE,0,OTHER,CORRIDOR_ORACLE_ONLY_NO_EXACT_P3_WITNESS,,,,,,,"The conservative oracle is a 1D reachable corridor, not an exact five-knot P3 witness."
RP3_16,RULE_PROPERTY_CONSERVATIVE_CORRIDOR_538,3,16,16.768536253944912,-0.35741499649990832,3,1.0617389782671269,1,"id=1:s=[22.065263321503263,22.565263321503263]:d=[-1.7122071579965996,-1.2122071579965996]",,GQSC_V3_FROZEN_ENTRY,1,0,0,0,0,0,0,0,no static obstacle blocks the global race line,0,OTHER,NON_BLOCKING_RESULT_SEMANTICS_REGRESSION,,,,,,,Nonblocking event; no avoidance witness is required.
RP3_19,RULE_PROPERTY_CONSERVATIVE_CORRIDOR_538,3,19,2.3765440984191963,0.91908899413932543,3,0.52816119174570431,2,"id=1:s=[8.0139830668931076,8.5139830668931076]:d=[-1.4190766237946832,-0.91907662379468325];id=3:s=[13.676510446328683,14.176510446328683]:d=[-1.0036293714751772,-0.50362937147517717]",,GQSC_V3_FROZEN_ENTRY,1,0,0,0,0,0,0,0,no static obstacle blocks the global race line,0,OTHER,NON_BLOCKING_RESULT_SEMANTICS_REGRESSION,,,,,,,Nonblocking event; no avoidance witness is required.
RP3_22,RULE_PROPERTY_CONSERVATIVE_CORRIDOR_538,3,22,38.976138523570413,-0.42880368346335462,3,0.85906244597001713,1,"id=1:s=[42.162264145674229,42.662264145674229]:d=[-1.00953062569949,-0.50953062569949004]",,GQSC_V3_FROZEN_ENTRY,1,0,0,0,0,0,0,0,no static obstacle blocks the global race line,0,OTHER,NON_BLOCKING_RESULT_SEMANTICS_REGRESSION,,,,,,,Nonblocking event; no avoidance witness is required.
RP3_23,RULE_PROPERTY_CONSERVATIVE_CORRIDOR_538,3,23,12.969459325644419,0.15082887949562962,3,0.56235117668800672,1,"id=1:s=[15.918027001350751,16.418027001350751]:d=[-0.98781935641747953,-0.48781935641747953]",,GQSC_V3_FROZEN_ENTRY,1,0,0,0,0,0,0,0,no static obstacle blocks the global race line,0,OTHER,NON_BLOCKING_RESULT_SEMANTICS_REGRESSION,,,,,,,Nonblocking event; no avoidance witness is required.
RP3_25,RULE_PROPERTY_CONSERVATIVE_CORRIDOR_538,3,25,12.847993049303334,-0.087021323320227051,3,0.66165017179252805,1,"id=1:s=[22.362006884892295,22.862006884892295]:d=[-1.312118351522001,-0.81211835152200096]",,GQSC_V3_FROZEN_ENTRY,1,0,0,0,0,0,0,0,no static obstacle blocks the global race line,0,OTHER,NON_BLOCKING_RESULT_SEMANTICS_REGRESSION,,,,,,,Nonblocking event; no avoidance witness is required.
RP3_28,RULE_PROPERTY_CONSERVATIVE_CORRIDOR_538,3,28,33.218338292028434,0.058071201518948901,3,0.54925455831077397,1,"id=1:s=[34.806045144230573,35.306045144230573]:d=[-0.52472273804024683,-0.024722738040246828]","LEFT:domain=[0.37856651625928972,0.95650000000000013]:b=0.62013863097987665",GQSC_V3_FROZEN_ENTRY,1,32,7,128,12,12,0,1,NONE,1,TOP12_RANKING_DISPLACEMENT,HARD_VALID_PAIR_IN_B128_BUT_OUTSIDE_TOP12,LEFT,0.43856651625928972,0.4185665162592897,1.310934367577036,0.58090858962089309,6fdd7b453c007014,
RP3_30,RULE_PROPERTY_CONSERVATIVE_CORRIDOR_538,3,30,39.885829209012712,0.93763140601008188,3,0.59029235552957937,1,"id=1:s=[40.583266527027099,41.083266527027099]:d=[-0.59076053525905214,-0.090760535259052144]","LEFT:domain=[0.3961141419754598,0.95650000000000013]:b=0.57461973237047403",GQSC_V3_FROZEN_ENTRY,1,32,7,128,12,12,0,0,NO_HARD_VALID_M1_CANDIDATE,0,OTHER,CORRIDOR_ORACLE_ONLY_NO_EXACT_P3_WITNESS,,,,,,,"The conservative oracle is a 1D reachable corridor, not an exact five-knot P3 witness."
RP3_32,RULE_PROPERTY_CONSERVATIVE_CORRIDOR_538,3,32,23.171610682695576,-0.63626977020288455,3,0.57197772918355705,1,"id=1:s=[28.641387101157786,29.141387101157786]:d=[-0.59744590891302984,-0.097445908913029844]","LEFT:domain=[0.38918290740387596,0.93149999999999999]:b=0.55877704554348506",GQSC_V3_FROZEN_ENTRY,1,32,7,128,12,12,0,0,NO_HARD_VALID_M1_CANDIDATE,0,OTHER,CORRIDOR_ORACLE_ONLY_NO_EXACT_P3_WITNESS,,,,,,,"The conservative oracle is a 1D reachable corridor, not an exact five-knot P3 witness."
RP3_39,RULE_PROPERTY_CONSERVATIVE_CORRIDOR_538,3,39,25.452050168428975,0.8812772038699257,3,0.51036342160404202,3,"id=1:s=[34.243338942886396,34.743338942886396]:d=[-0.5108316013335148,-0.010831601333514795];id=2:s=[29.294147354371862,29.794147354371862]:d=[-0.56009814805398717,-0.060098148053987166];id=3:s=[31.779844673881762,32.279844673881762]:d=[-0.581370732383516,-0.081370732383515998]","LEFT:domain=[0.39028995510397402,0.95650000000000013]:b=0.58995092597300647",GQSC_V3_FROZEN_ENTRY,1,32,7,128,12,12,0,0,NO_HARD_VALID_M1_CANDIDATE,0,OTHER,CORRIDOR_ORACLE_ONLY_NO_EXACT_P3_WITNESS,,,,,,,"The conservative oracle is a 1D reachable corridor, not an exact five-knot P3 witness."
RP3_40,RULE_PROPERTY_CONSERVATIVE_CORRIDOR_538,3,40,10.739395521413137,-0.11766167127993798,3,1.2958108249533984,1,"id=1:s=[11.349563971091914,11.849563971091914]:d=[-0.79627900468287116,-0.29627900468287116]","LEFT:domain=[0.18380373176175202,1.2315]:b=0.72186049765856453",GQSC_V3_FROZEN_ENTRY,1,32,7,128,12,12,0,0,NO_HARD_VALID_M1_CANDIDATE,0,OTHER,CORRIDOR_ORACLE_ONLY_NO_EXACT_P3_WITNESS,,,,,,,"The conservative oracle is a 1D reachable corridor, not an exact five-knot P3 witness."
RP3_41,RULE_PROPERTY_CONSERVATIVE_CORRIDOR_538,3,41,16.164405089489627,-0.043934600787953748,3,0.62013268042192604,1,"id=1:s=[21.709500286541079,22.209500286541079]:d=[-1.2206008601513989,-0.7206008601513989]",,GQSC_V3_FROZEN_ENTRY,1,0,0,0,0,0,0,0,no static obstacle blocks the global race line,0,OTHER,NON_BLOCKING_RESULT_SEMANTICS_REGRESSION,,,,,,,Nonblocking event; no avoidance witness is required.
RP3_43,RULE_PROPERTY_CONSERVATIVE_CORRIDOR_538,3,43,6.3380179361510596,0.055790217457108493,3,0.67616281891906538,2,"id=1:s=[10.57024624891954,11.07024624891954]:d=[-0.47649916339874665,0.02350083660125335];id=3:s=[12.16341361381058,12.66341361381058]:d=[-0.92663099864853815,-0.42663099864853815]","LEFT:domain=[0.49634335251768513,0.53150000000000008]:b=0.28168450067573092",GQSC_V3_FROZEN_ENTRY,1,30,7,128,12,12,0,1,NONE,1,TOP12_RANKING_DISPLACEMENT,HARD_VALID_PAIR_IN_B128_BUT_OUTSIDE_TOP12,LEFT,0.49634335251768513,0.64634335251768515,1.310934367577036,0.60498681916591468,d06c00469050d84a,
RP3_45,RULE_PROPERTY_CONSERVATIVE_CORRIDOR_538,3,45,2.8767245123415326,-0.18117999855132116,3,0.80870150444664302,1,"id=1:s=[3.3308601335904586,3.8308601335904586]:d=[-0.85916968417611583,-0.35916968417611583]","LEFT:domain=[0.14999999999999999,0.85650000000000004]:b=0.41541515791194217",GQSC_V3_FROZEN_ENTRY,1,32,7,128,12,12,0,0,NO_HARD_VALID_M1_CANDIDATE,0,OTHER,CORRIDOR_ORACLE_ONLY_NO_EXACT_P3_WITNESS,,,,,,,"The conservative oracle is a 1D reachable corridor, not an exact five-knot P3 witness."
RP3_55,RULE_PROPERTY_CONSERVATIVE_CORRIDOR_538,3,55,0.72975791414241797,0.23561645472920811,3,0.91957329778451502,2,"id=1:s=[9.5502280537315514,10.050228053731551]:d=[-0.42004147751398779,0.079958522486012207];id=3:s=[11.412020333964461,11.912020333964461]:d=[-0.97673026103568006,-0.47673026103568006]","LEFT:domain=[0.54330247715203073,0.83149999999999991]:b=0.73497926124300617",GQSC_V3_FROZEN_ENTRY,1,32,7,128,12,12,0,0,NO_HARD_VALID_M1_CANDIDATE,0,OTHER,CORRIDOR_ORACLE_ONLY_NO_EXACT_P3_WITNESS,,,,,,,"The conservative oracle is a 1D reachable corridor, not an exact five-knot P3 witness."
RP3_57,RULE_PROPERTY_CONSERVATIVE_CORRIDOR_538,3,57,27.346568800257003,-0.49044290173912558,3,0.58242171113329233,1,"id=1:s=[32.49062566120805,32.99062566120805]:d=[-0.5828898908627651,-0.082889890862765103]","LEFT:domain=[0.32039936343676567,0.95650000000000013]:b=0.57855505456861755",GQSC_V3_FROZEN_ENTRY,1,32,7,128,12,12,0,0,NO_HARD_VALID_M1_CANDIDATE,0,OTHER,CORRIDOR_ORACLE_ONLY_NO_EXACT_P3_WITNESS,,,,,,,"The conservative oracle is a 1D reachable corridor, not an exact five-knot P3 witness."
RP3_58,RULE_PROPERTY_CONSERVATIVE_CORRIDOR_538,3,58,32.97425020284826,0.64468313783836839,3,0.97471469385194287,1,"id=3:s=[3.8507813416931205,4.3507813416931205]:d=[-1.1751828735814158,-0.67518287358141582]",,GQSC_V3_FROZEN_ENTRY,1,0,0,0,0,0,0,0,no static obstacle blocks the global race line,0,OTHER,NON_BLOCKING_RESULT_SEMANTICS_REGRESSION,,,,,,,Nonblocking event; no avoidance witness is required.
RP3_62,RULE_PROPERTY_CONSERVATIVE_CORRIDOR_538,3,62,7.2760968753941295,0.18404569077093991,3,0.52885624493257311,1,"id=1:s=[15.825654932111398,16.325654932111398]:d=[-0.95432442466204592,-0.45432442466204592]",,GQSC_V3_FROZEN_ENTRY,1,0,0,0,0,0,0,0,no static obstacle blocks the global race line,0,OTHER,NON_BLOCKING_RESULT_SEMANTICS_REGRESSION,,,,,,,Nonblocking event; no avoidance witness is required.
RP3_63,RULE_PROPERTY_CONSERVATIVE_CORRIDOR_538,3,63,21.082090815888257,0.41535056007879873,3,0.5162649613214243,1,"id=1:s=[30.06666660270411,30.56666660270411]:d=[-0.49173314105089705,0.0082668589491029509]","LEFT:domain=[0.41546834102299157,0.95650000000000013]:b=0.63663342947455148",GQSC_V3_FROZEN_ENTRY,1,32,7,128,12,12,0,0,NO_HARD_VALID_M1_CANDIDATE,0,OTHER,CORRIDOR_ORACLE_ONLY_NO_EXACT_P3_WITNESS,,,,,,,"The conservative oracle is a 1D reachable corridor, not an exact five-knot P3 witness."
RP3_65,RULE_PROPERTY_CONSERVATIVE_CORRIDOR_538,3,65,16.988149150645683,-0.73722734504521725,3,1.3961578118941107,1,"id=1:s=[25.561321486870529,26.061321486870529]:d=[-1.5466259916235836,-1.0466259916235836]",,GQSC_V3_FROZEN_ENTRY,1,0,0,0,0,0,0,0,no static obstacle blocks the global race line,0,OTHER,NON_BLOCKING_RESULT_SEMANTICS_REGRESSION,,,,,,,Nonblocking event; no avoidance witness is required.
RP3_66,RULE_PROPERTY_CONSERVATIVE_CORRIDOR_538,3,66,13.489458765083935,-0.21543062508552735,3,0.69630919973994954,1,"id=1:s=[15.371913374905493,15.871913374905493]:d=[-1.1217773794694224,-0.62177737946942235]",,GQSC_V3_FROZEN_ENTRY,1,0,0,0,0,0,0,0,no static obstacle blocks the global race line,0,OTHER,NON_BLOCKING_RESULT_SEMANTICS_REGRESSION,,,,,,,Nonblocking event; no avoidance witness is required.
RP3_75,RULE_PROPERTY_CONSERVATIVE_CORRIDOR_538,3,75,24.840501086075228,0.88927006121435692,3,0.56455125861249122,2,"id=1:s=[33.556266158099668,34.056266158099668]:d=[-0.51501943834196406,-0.015019438341964064];id=2:s=[26.243762464236795,26.743762464236795]:d=[-1.8862116085592748,-1.3862116085592748]","LEFT:domain=[0.3882698159575706,0.95650000000000013]:b=0.63749028082901793",GQSC_V3_FROZEN_ENTRY,1,32,7,128,12,12,0,0,NO_HARD_VALID_M1_CANDIDATE,0,OTHER,CORRIDOR_ORACLE_ONLY_NO_EXACT_P3_WITNESS,,,,,,,"The conservative oracle is a 1D reachable corridor, not an exact five-knot P3 witness."
RP3_77,RULE_PROPERTY_CONSERVATIVE_CORRIDOR_538,3,77,27.028783299520164,-0.4774531993083484,3,0.62855606290931432,1,"id=1:s=[32.991866330535061,33.491866330535061]:d=[-0.60402424263878718,-0.10402424263878718]","LEFT:domain=[0.29926501166074748,0.95650000000000013]:b=0.58048787868060647",GQSC_V3_FROZEN_ENTRY,1,32,7,128,12,12,0,1,NONE,1,TOP12_RANKING_DISPLACEMENT,HARD_VALID_PAIR_IN_B128_BUT_OUTSIDE_TOP12,LEFT,0.73742167055358254,0.67493146173438467,1.310934367577036,3.9473573093269398,b9e5a4367d0281fe,
RP3_81,RULE_PROPERTY_CONSERVATIVE_CORRIDOR_538,3,81,12.726262593166307,-0.33101420219094269,3,0.44953182027052702,2,"id=1:s=[17.041921579234295,17.541921579234295]:d=[-0.93132542298223231,-0.43132542298223231];id=2:s=[21.432347621978689,21.932347621978689]:d=[-1,-0.52499999999999991]",,GQSC_V3_FROZEN_ENTRY,1,0,0,0,0,0,0,0,no static obstacle blocks the global race line,0,OTHER,NON_BLOCKING_RESULT_SEMANTICS_REGRESSION,,,,,,,Nonblocking event; no avoidance witness is required.
RP3_85,RULE_PROPERTY_CONSERVATIVE_CORRIDOR_538,3,85,19.679847248623453,0.60323114150051316,3,0.49953182027052706,2,"id=1:s=[19.95139479040941,20.45139479040941]:d=[-0.625,-0.27499999999999991];id=2:s=[32.379871251775789,32.879871251775789]:d=[-0.61872581416755246,-0.11872581416755246]","LEFT:domain=[0.22328925429952085,0.58150000000000013]:b=0.34500000000000003",GQSC_V3_FROZEN_ENTRY,1,32,7,128,12,12,0,0,NO_HARD_VALID_M1_CANDIDATE,0,OTHER,CORRIDOR_ORACLE_ONLY_NO_EXACT_P3_WITNESS,,,,,,,"The conservative oracle is a 1D reachable corridor, not an exact five-knot P3 witness."
RP3_88,RULE_PROPERTY_CONSERVATIVE_CORRIDOR_538,3,88,22.177892797532412,-0.034779146942879091,3,1.8865846459901712,1,"id=1:s=[22.568065799614558,23.068065799614558]:d=[-2.5370528257196439,-2.0370528257196439]",,GQSC_V3_FROZEN_ENTRY,1,0,0,0,0,0,0,0,no static obstacle blocks the global race line,0,OTHER,NON_BLOCKING_RESULT_SEMANTICS_REGRESSION,,,,,,,Nonblocking event; no avoidance witness is required.
RP3_90,RULE_PROPERTY_CONSERVATIVE_CORRIDOR_538,3,90,29.498303188398847,0.76212811187312157,3,0.5641657184878992,3,"id=1:s=[38.168522259963979,38.668522259963979]:d=[-0.59940620097211716,-0.099406200972117165];id=2:s=[29.580531133182344,30.080531133182344]:d=[-0.56463389821737198,-0.064633898217371977];id=3:s=[41.934183927293631,42.434183927293631]:d=[-0.97969182622825857,-0.47969182622825857]","LEFT:domain=[0.34270760484900892,0.95650000000000013]:b=0.58768305089131412",GQSC_V3_FROZEN_ENTRY,1,32,7,128,12,12,0,1,NONE,1,LATERAL_OPERATOR_COVERAGE_MISS,LEGACY_EXACT_P3_LATERAL_ABSENT_TRANSITION_PRESENT,LEFT,0.64960380242450455,0.64960380242450455,1.310934367577036,6.1002024772955892,9c6f83969ca3a510,
RP3_92,RULE_PROPERTY_CONSERVATIVE_CORRIDOR_538,3,92,27.602561390696582,-0.41294886223546884,3,0.68526934981903476,2,"id=1:s=[34.773865327952521,35.273865327952521]:d=[-0.66073752954850762,-0.16073752954850762];id=3:s=[39.143519635995268,39.643519635995268]:d=[-0.80348660026827279,-0.30348660026827279]","LEFT:domain=[0.24255172475102893,0.95650000000000013]:b=0.55213123522574625",GQSC_V3_FROZEN_ENTRY,1,32,7,128,12,12,0,0,NO_HARD_VALID_M1_CANDIDATE,0,OTHER,CORRIDOR_ORACLE_ONLY_NO_EXACT_P3_WITNESS,,,,,,,"The conservative oracle is a 1D reachable corridor, not an exact five-knot P3 witness."
RP3_94,RULE_PROPERTY_CONSERVATIVE_CORRIDOR_538,3,94,24.752864632799529,1.0809667520140327,3,0.57378372464935756,2,"id=1:s=[29.270840480494332,29.770840480494332]:d=[-0.63505380145121715,-0.13505380145121715];id=2:s=[31.395394556848011,31.895394556848011]:d=[-0.59925190437883047,-0.099251904378830469]","LEFT:domain=[0.33543143222481475,0.93149999999999999]:b=0.55787404781058481",GQSC_V3_FROZEN_ENTRY,1,32,7,128,12,12,0,0,NO_HARD_VALID_M1_CANDIDATE,0,OTHER,CORRIDOR_ORACLE_ONLY_NO_EXACT_P3_WITNESS,,,,,,,"The conservative oracle is a 1D reachable corridor, not an exact five-knot P3 witness."
RP3_97,RULE_PROPERTY_CONSERVATIVE_CORRIDOR_538,3,97,3.2746486306091822,0.75049712511880062,3,0.52095160385966977,2,"id=1:s=[3.6725141637722571,4.1725141637722576]:d=[-0.8310037676972184,-0.3310037676972184];id=3:s=[7.9997720957465344,8.4997720957465344]:d=[-1.1714197835891427,-0.67141978358914267]","LEFT:domain=[0.15649324925172503,0.65650000000000008]:b=0.35449811615139076",GQSC_V3_FROZEN_ENTRY,1,32,7,128,12,12,0,0,NO_HARD_VALID_M1_CANDIDATE,0,OTHER,CORRIDOR_ORACLE_ONLY_NO_EXACT_P3_WITNESS,,,,,,,"The conservative oracle is a 1D reachable corridor, not an exact five-knot P3 witness."
RP3_98,RULE_PROPERTY_CONSERVATIVE_CORRIDOR_538,3,98,6.9658761898645976,-0.23600110192482793,3,0.48510518351809201,2,"id=1:s=[11.242669313186086,11.742669313186086]:d=[-0.030598593153158937,0.46940140684684106];id=2:s=[7.6105309591956907,8.1105309591956907]:d=[-1.0605733632475649,-0.5605733632475649]","RIGHT:domain=[-0.70650000000000013,-0.51068132959778212]:b=-0.52279929657657953;LEFT:domain=[0.94948414329146424,1.2315]:b=1.1047007034234206",GQSC_V3_FROZEN_ENTRY,1,63,7,128,12,12,0,0,NO_HARD_VALID_M1_CANDIDATE,0,OTHER,CORRIDOR_ORACLE_ONLY_NO_EXACT_P3_WITNESS,,,,,,,"The conservative oracle is a 1D reachable corridor, not an exact five-knot P3 witness."
RP3_101,RULE_PROPERTY_CONSERVATIVE_CORRIDOR_538,3,101,2.8723081569904565,0.41559662374022904,3,0.71196366320338411,1,"id=1:s=[7.7801527916371445,8.2801527916371445]:d=[-1.2874318429328571,-0.78743184293285706]",,GQSC_V3_FROZEN_ENTRY,1,0,0,0,0,0,0,0,no static obstacle blocks the global race line,0,OTHER,NON_BLOCKING_RESULT_SEMANTICS_REGRESSION,,,,,,,Nonblocking event; no avoidance witness is required.
RP3_114,RULE_PROPERTY_CONSERVATIVE_CORRIDOR_538,3,114,6.8987137935502378,0.02011685342984304,3,0.6546628986097387,1,"id=1:s=[14.394839258896404,14.894839258896404]:d=[-1.1301310783392116,-0.63013107833921156]",,GQSC_V3_FROZEN_ENTRY,1,0,0,0,0,0,0,0,no static obstacle blocks the global race line,0,OTHER,NON_BLOCKING_RESULT_SEMANTICS_REGRESSION,,,,,,,Nonblocking event; no avoidance witness is required.
RP3_116,RULE_PROPERTY_CONSERVATIVE_CORRIDOR_538,3,116,8.0961554200993699,-0.075358391622297294,3,0.67339073852357623,1,"id=1:s=[12.770057183895604,13.270057183895604]:d=[-1.098858918253049,-0.59885891825304904]",,GQSC_V3_FROZEN_ENTRY,1,0,0,0,0,0,0,0,no static obstacle blocks the global race line,0,OTHER,NON_BLOCKING_RESULT_SEMANTICS_REGRESSION,,,,,,,Nonblocking event; no avoidance witness is required.
RP3_118,RULE_PROPERTY_CONSERVATIVE_CORRIDOR_538,3,118,21.398964829291483,-0.13317409122605944,3,1.266522969066995,2,"id=1:s=[22.301786978032379,22.801786978032379]:d=[-2.226289291578488,-1.726289291578488];id=2:s=[26.601788675004716,27.101788675004716]:d=[-1.5669911487964678,-1.0669911487964678]",,GQSC_V3_FROZEN_ENTRY,1,0,0,0,0,0,0,0,no static obstacle blocks the global race line,0,OTHER,NON_BLOCKING_RESULT_SEMANTICS_REGRESSION,,,,,,,Nonblocking event; no avoidance witness is required.
RP3_119,RULE_PROPERTY_CONSERVATIVE_CORRIDOR_538,3,119,4.4533553747476207,-0.81347570596928509,3,0.66808685288532876,1,"id=1:s=[10.152226955847413,10.652226955847413]:d=[0.40644496738519809,0.90644496738519809]","RIGHT:domain=[-0.65650000000000008,-0.14999999999999999]:b=-0.26677751630740093;LEFT:domain=[1.3752971502097551,1.4565000000000001]:b=1.5482224836925991",GQSC_V3_FROZEN_ENTRY,1,64,7,128,12,12,0,0,NO_HARD_VALID_M1_CANDIDATE,0,OTHER,CORRIDOR_ORACLE_ONLY_NO_EXACT_P3_WITNESS,,,,,,,"The conservative oracle is a 1D reachable corridor, not an exact five-knot P3 witness."
RP3_121,RULE_PROPERTY_CONSERVATIVE_CORRIDOR_538,3,121,20.913794086048899,0.49846370412794522,3,1.7627948875266277,1,"id=1:s=[26.737446054559193,27.237446054559193]:d=[-1.9882630672561006,-1.4882630672561006]",,GQSC_V3_FROZEN_ENTRY,1,0,0,0,0,0,0,0,no static obstacle blocks the global race line,0,OTHER,NON_BLOCKING_RESULT_SEMANTICS_REGRESSION,,,,,,,Nonblocking event; no avoidance witness is required.
RP3_125,RULE_PROPERTY_CONSERVATIVE_CORRIDOR_538,3,125,12.721033708747081,0.5792606741713191,3,0.44953182027052702,2,"id=1:s=[21.344667141579187,21.844667141579187]:d=[-1,-0.52499999999999991];id=2:s=[13.033040229148069,13.533040229148069]:d=[-1.1110785748692673,-0.61107857486926731]",,GQSC_V3_FROZEN_ENTRY,1,0,0,0,0,0,0,0,no static obstacle blocks the global race line,0,OTHER,NON_BLOCKING_RESULT_SEMANTICS_REGRESSION,,,,,,,Nonblocking event; no avoidance witness is required.
RP3_131,RULE_PROPERTY_CONSERVATIVE_CORRIDOR_538,3,131,13.481315732942569,-0.94865637789663904,3,0.48823487772249546,2,"id=1:s=[23.352986596110323,23.852986596110323]:d=[-1.2573284962158597,-0.75732849621585974];id=2:s=[17.943835386596533,18.443835386596533]:d=[-0.86370305745196829,-0.36370305745196829]","LEFT:domain=[0.14999999999999999,0.58150000000000013]:b=0.25064847127401585",GQSC_V3_FROZEN_ENTRY,1,32,7,128,12,12,0,0,NO_HARD_VALID_M1_CANDIDATE,0,OTHER,CORRIDOR_ORACLE_ONLY_NO_EXACT_P3_WITNESS,,,,,,,"The conservative oracle is a 1D reachable corridor, not an exact five-knot P3 witness."
RP3_134,RULE_PROPERTY_CONSERVATIVE_CORRIDOR_538,3,134,33.581951198596819,-0.21951649141482021,3,0.57576042587421195,2,"id=1:s=[39.506289889120609,40.006289889120609]:d=[-0.79335547501423287,-0.29335547501423287];id=3:s=[35.061501663768475,35.561501663768475]:d=[-0.5262286056036849,-0.026228605603684896]","LEFT:domain=[0.37706064869585165,0.95650000000000013]:b=0.60688569719815766",GQSC_V3_FROZEN_ENTRY,1,32,7,128,12,12,0,0,NO_HARD_VALID_M1_CANDIDATE,0,OTHER,CORRIDOR_ORACLE_ONLY_NO_EXACT_P3_WITNESS,,,,,,,"The conservative oracle is a 1D reachable corridor, not an exact five-knot P3 witness."
RP3_135,RULE_PROPERTY_CONSERVATIVE_CORRIDOR_538,3,135,2.7741914856192,0.69110064370126056,3,0.65498134318991097,1,"id=1:s=[9.0624665562891149,9.5624665562891149]:d=[-0.78044952291938396,-0.28044952291938396]","LEFT:domain=[0.15414458794266483,0.45650000000000007]:b=0.342275238540308",GQSC_V3_FROZEN_ENTRY,1,32,7,128,12,12,0,0,NO_HARD_VALID_M1_CANDIDATE,0,OTHER,CORRIDOR_ORACLE_ONLY_NO_EXACT_P3_WITNESS,,,,,,,"The conservative oracle is a 1D reachable corridor, not an exact five-knot P3 witness."
RP3_139,RULE_PROPERTY_CONSERVATIVE_CORRIDOR_538,3,139,2.3566458603567799,0.94543371329019132,3,0.68904544099981124,2,"id=2:s=[10.115075574106219,10.615075574106219]:d=[-0.56882479307214295,-0.068824793072142953];id=3:s=[15.734791027222595,16.234791027222595]:d=[-1.1145136207292841,-0.61451362072928406]","LEFT:domain=[0.39837688117836567,1.4565000000000001]:b=1.0605876034639286",GQSC_V3_FROZEN_ENTRY,1,32,7,128,12,12,0,0,NO_HARD_VALID_M1_CANDIDATE,0,OTHER,CORRIDOR_ORACLE_ONLY_NO_EXACT_P3_WITNESS,,,,,,,"The conservative oracle is a 1D reachable corridor, not an exact five-knot P3 witness."
RP3_141,RULE_PROPERTY_CONSERVATIVE_CORRIDOR_538,3,141,25.67003974330969,0.49888087896875399,3,0.98120135475885251,1,"id=1:s=[25.816238229039236,26.316238229039236]:d=[-1.2316695344883253,-0.73166953448832528]",,GQSC_V3_FROZEN_ENTRY,1,0,0,0,0,0,0,0,no static obstacle blocks the global race line,0,OTHER,NON_BLOCKING_RESULT_SEMANTICS_REGRESSION,,,,,,,Nonblocking event; no avoidance witness is required.
RP3_143,RULE_PROPERTY_CONSERVATIVE_CORRIDOR_538,3,143,42.876508512805991,-1.0448411350683173,3,0.57782268181436058,2,"id=1:s=[7.907666427390712,8.407666427390712]:d=[-1.2282908615438335,-0.72829086154383349];id=2:s=[12.453925599091171,12.953925599091171]:d=[-0.94457919201915308,-0.44457919201915308]","LEFT:domain=[0.14999999999999999,0.50649999999999995]:b=0.18521040399042343",GQSC_V3_FROZEN_ENTRY,1,32,7,128,12,12,0,0,NO_HARD_VALID_M1_CANDIDATE,0,OTHER,CORRIDOR_ORACLE_ONLY_NO_EXACT_P3_WITNESS,,,,,,,"The conservative oracle is a 1D reachable corridor, not an exact five-knot P3 witness."
RP3_144,RULE_PROPERTY_CONSERVATIVE_CORRIDOR_538,3,144,11.446064221840011,-0.13841689221674847,3,0.52269614591423208,1,"id=1:s=[15.93735817752146,16.43735817752146]:d=[-0.9481643256437049,-0.4481643256437049]",,GQSC_V3_FROZEN_ENTRY,1,0,0,0,0,0,0,0,no static obstacle blocks the global race line,0,OTHER,NON_BLOCKING_RESULT_SEMANTICS_REGRESSION,,,,,,,Nonblocking event; no avoidance witness is required.
RP3_145,RULE_PROPERTY_CONSERVATIVE_CORRIDOR_538,3,145,2.8131475680095646,0.87891321184449778,3,0.91379664103340952,1,"id=1:s=[10.09987947125131,10.59987947125131]:d=[0.16073517923711733,0.66073517923711733]","RIGHT:domain=[-0.65650000000000008,-0.30646649501339129]:b=-0.38963241038144131;LEFT:domain=[1.127936853487626,1.4565000000000001]:b=1.4253675896185587",GQSC_V3_FROZEN_ENTRY,1,63,7,128,12,12,0,0,NO_HARD_VALID_M1_CANDIDATE,0,OTHER,CORRIDOR_ORACLE_ONLY_NO_EXACT_P3_WITNESS,,,,,,,"The conservative oracle is a 1D reachable corridor, not an exact five-knot P3 witness."
RP3_153,RULE_PROPERTY_CONSERVATIVE_CORRIDOR_538,3,153,13.096069301512708,-0.41897463664174817,3,0.54984898402179083,1,"id=1:s=[15.073462589016279,15.573462589016279]:d=[-0.97531716375126365,-0.47531716375126365]",,GQSC_V3_FROZEN_ENTRY,1,0,0,0,0,0,0,0,no static obstacle blocks the global race line,0,OTHER,NON_BLOCKING_RESULT_SEMANTICS_REGRESSION,,,,,,,Nonblocking event; no avoidance witness is required.
RP3_154,RULE_PROPERTY_CONSERVATIVE_CORRIDOR_538,3,154,10.850365915162767,0.28960466484158354,3,0.53582595580850523,1,"id=1:s=[16.55512209674189,17.05512209674189]:d=[-0.93629413553797813,-0.43629413553797813]",,GQSC_V3_FROZEN_ENTRY,1,0,0,0,0,0,0,0,no static obstacle blocks the global race line,0,OTHER,NON_BLOCKING_RESULT_SEMANTICS_REGRESSION,,,,,,,Nonblocking event; no avoidance witness is required.
RP3_157,RULE_PROPERTY_CONSERVATIVE_CORRIDOR_538,3,157,5.8102718444826538,0.59302116601942556,3,0.49953182027052717,3,"id=1:s=[11.784212711216616,12.284212711216616]:d=[-0.43626300233278581,0.06373699766721419];id=2:s=[20.776723215737803,21.276723215737803]:d=[-0.75,-0.42500000000000004];id=3:s=[8.8063115738433613,9.3063115738433613]:d=[-1.3418826666235635,-0.84188266662356348]","LEFT:domain=[0.54381973411183737,0.70650000000000013]:b=0.63936849883360714",GQSC_V3_FROZEN_ENTRY,1,32,7,128,12,12,0,0,NO_HARD_VALID_M1_CANDIDATE,0,OTHER,CORRIDOR_ORACLE_ONLY_NO_EXACT_P3_WITNESS,,,,,,,"The conservative oracle is a 1D reachable corridor, not an exact five-knot P3 witness."
RP3_158,RULE_PROPERTY_CONSERVATIVE_CORRIDOR_538,3,158,12.685456279089953,-0.82569276327808483,3,0.49953182027052706,3,"id=1:s=[15.53529727081543,16.03529727081543]:d=[-1.1388629162525146,-0.63886291625251457];id=2:s=[19.938076718914068,20.438076718914068]:d=[-0.625,-0.27499999999999991];id=3:s=[22.917721564326538,23.417721564326538]:d=[-2.4953479051441563,-1.9953479051441563]","LEFT:domain=[0.22328925429952085,0.58150000000000013]:b=0.34500000000000003",GQSC_V3_FROZEN_ENTRY,1,32,7,128,12,12,0,0,NO_HARD_VALID_M1_CANDIDATE,0,OTHER,CORRIDOR_ORACLE_ONLY_NO_EXACT_P3_WITNESS,,,,,,,"The conservative oracle is a 1D reachable corridor, not an exact five-knot P3 witness."
RP3_168,RULE_PROPERTY_CONSERVATIVE_CORRIDOR_538,3,168,42.350046956577046,0.58699863415059284,3,0.50575440379598424,2,"id=1:s=[2.0441960728139761,2.5441960728139761]:d=[-0.43122258352545684,0.068777416474543163];id=3:s=[4.0609332451364955,4.5609332451364955]:d=[-1.0219808719570698,-0.52198087195706977]","LEFT:domain=[0.55080257230274754,0.55649999999999999]:b=0.69188870823727167",GQSC_V3_FROZEN_ENTRY,1,28,7,128,12,12,0,0,NO_HARD_VALID_M1_CANDIDATE,0,OTHER,CORRIDOR_ORACLE_ONLY_NO_EXACT_P3_WITNESS,,,,,,,"The conservative oracle is a 1D reachable corridor, not an exact five-knot P3 witness."
RP3_169,RULE_PROPERTY_CONSERVATIVE_CORRIDOR_538,3,169,24.525520814664237,0.88124243580359041,3,0.59541512788577111,2,"id=1:s=[30.919982102401303,31.419982102401303]:d=[-0.59588330761524377,-0.095883307615243774];id=3:s=[35.885618260259704,36.385618260259704]:d=[-0.86784979196701761,-0.36784979196701761]","LEFT:domain=[0.30740594668429344,0.93149999999999999]:b=0.57205834619237828",GQSC_V3_FROZEN_ENTRY,1,32,7,128,12,12,0,0,NO_HARD_VALID_M1_CANDIDATE,0,OTHER,CORRIDOR_ORACLE_ONLY_NO_EXACT_P3_WITNESS,,,,,,,"The conservative oracle is a 1D reachable corridor, not an exact five-knot P3 witness."
RP3_170,RULE_PROPERTY_CONSERVATIVE_CORRIDOR_538,3,170,31.160059762784979,0.074483939646196762,3,0.56578920249883069,2,"id=1:s=[31.909467738568807,32.409467738568807]:d=[-0.56625738222830346,-0.066257382228303463];id=2:s=[37.043522757832065,37.543522757832065]:d=[-0.73759883133095849,-0.23759883133095849]","LEFT:domain=[0.33703187207123386,0.93149999999999999]:b=0.57437130888584831",GQSC_V3_FROZEN_ENTRY,1,32,7,128,12,12,0,0,NO_HARD_VALID_M1_CANDIDATE,0,OTHER,CORRIDOR_ORACLE_ONLY_NO_EXACT_P3_WITNESS,,,,,,,"The conservative oracle is a 1D reachable corridor, not an exact five-knot P3 witness."
RP3_175,RULE_PROPERTY_CONSERVATIVE_CORRIDOR_538,3,175,8.95360251441552,-0.67326965733062927,3,0.52883112880679328,2,"id=1:s=[13.216040847229861,13.716040847229861]:d=[-1.0505767232419612,-0.55057672324196116];id=2:s=[15.490230957073496,15.990230957073496]:d=[-0.9542993085362661,-0.4542993085362661]",,GQSC_V3_FROZEN_ENTRY,1,0,0,0,0,0,0,0,no static obstacle blocks the global race line,0,OTHER,NON_BLOCKING_RESULT_SEMANTICS_REGRESSION,,,,,,,Nonblocking event; no avoidance witness is required.
RP3_176,RULE_PROPERTY_CONSERVATIVE_CORRIDOR_538,3,176,15.743191867054735,-0.57533595809696303,3,0.53610107552565389,1,"id=1:s=[17.514379736437988,18.014379736437988]:d=[-0.91156925525512666,-0.41156925525512666]",,GQSC_V3_FROZEN_ENTRY,1,0,0,0,0,0,0,0,no static obstacle blocks the global race line,0,OTHER,NON_BLOCKING_RESULT_SEMANTICS_REGRESSION,,,,,,,Nonblocking event; no avoidance witness is required.
RP3_177,RULE_PROPERTY_CONSERVATIVE_CORRIDOR_538,3,177,15.20802741157193,-0.42573236858048996,3,0.54730840568507499,1,"id=1:s=[21.879346683153944,22.379346683153944]:d=[-1.1977765854145479,-0.6977765854145479]",,GQSC_V3_FROZEN_ENTRY,1,0,0,0,0,0,0,0,no static obstacle blocks the global race line,0,OTHER,NON_BLOCKING_RESULT_SEMANTICS_REGRESSION,,,,,,,Nonblocking event; no avoidance witness is required.
RP3_178,RULE_PROPERTY_CONSERVATIVE_CORRIDOR_538,3,178,41.47941277177393,0.59135804198411046,3,0.47453182027052693,1,"id=1:s=[6.6192710576668956,7.1192710576668956]:d=[-0.74999999999999978,-0.24999999999999978]","LEFT:domain=[0.24030960071185981,0.50649999999999995]:b=0.3575000000000001",GQSC_V3_FROZEN_ENTRY,1,32,7,128,12,12,0,0,NO_HARD_VALID_M1_CANDIDATE,0,OTHER,CORRIDOR_ORACLE_ONLY_NO_EXACT_P3_WITNESS,,,,,,,"The conservative oracle is a 1D reachable corridor, not an exact five-knot P3 witness."
RP3_181,RULE_PROPERTY_CONSERVATIVE_CORRIDOR_538,3,181,10.850995069523643,1.2167259786870126,3,0.53319239530378781,2,"id=1:s=[14.158072629130801,14.658072629130801]:d=[-1.0086605750332607,-0.50866057503326068];id=2:s=[24.590861280937983,25.090861280937983]:d=[-0.5248059697191626,-0.024805969719162602]","LEFT:domain=[0.44936152590496303,1.1815]:b=0.77009701514041873",GQSC_V3_FROZEN_ENTRY,1,32,7,128,12,12,0,0,NO_HARD_VALID_M1_CANDIDATE,0,OTHER,CORRIDOR_ORACLE_ONLY_NO_EXACT_P3_WITNESS,,,,,,,"The conservative oracle is a 1D reachable corridor, not an exact five-knot P3 witness."
RP3_184,RULE_PROPERTY_CONSERVATIVE_CORRIDOR_538,3,184,10.940715633311999,0.057205190554833196,3,0.61522804726056091,1,"id=1:s=[16.944766175357717,17.444766175357717]:d=[-1.0156962269900338,-0.51569622699003381]",,GQSC_V3_FROZEN_ENTRY,1,0,0,0,0,0,0,0,no static obstacle blocks the global race line,0,OTHER,NON_BLOCKING_RESULT_SEMANTICS_REGRESSION,,,,,,,Nonblocking event; no avoidance witness is required.
RP3_185,RULE_PROPERTY_CONSERVATIVE_CORRIDOR_538,3,185,23.383612475262488,-0.37751630881627052,3,0.50662685090903858,1,"id=1:s=[31.835577215815768,32.335577215815768]:d=[-0.53209503063851149,-0.03209503063851149]","LEFT:domain=[0.37119422366102583,0.93149999999999999]:b=0.59145248468074429",GQSC_V3_FROZEN_ENTRY,1,32,7,128,12,12,0,0,NO_HARD_VALID_M1_CANDIDATE,0,OTHER,CORRIDOR_ORACLE_ONLY_NO_EXACT_P3_WITNESS,,,,,,,"The conservative oracle is a 1D reachable corridor, not an exact five-knot P3 witness."
RP3_190,RULE_PROPERTY_CONSERVATIVE_CORRIDOR_538,3,190,14.639420120618837,0.0030511024691064481,3,1.1418736064911972,1,"id=1:s=[22.194557629561114,22.694557629561114]:d=[-1.7923417862206699,-1.2923417862206699]",,GQSC_V3_FROZEN_ENTRY,1,0,0,0,0,0,0,0,no static obstacle blocks the global race line,0,OTHER,NON_BLOCKING_RESULT_SEMANTICS_REGRESSION,,,,,,,Nonblocking event; no avoidance witness is required.
RP3_196,RULE_PROPERTY_CONSERVATIVE_CORRIDOR_538,3,196,9.4560988701642827,-0.49583298664198716,3,0.51602152100164456,3,"id=1:s=[12.490974937148508,12.990974937148508]:d=[-1.0111995330838954,-0.51119953308389543];id=2:s=[24.434943151259226,24.934943151259226]:d=[-0.1497559282248675,0.3502440717751325];id=3:s=[16.350512683801171,16.850512683801171]:d=[-0.91648970073111746,-0.41648970073111746]","LEFT:domain=[0.82047307341271403,1.2815000000000001]:b=1.0076220358875663",GQSC_V3_FROZEN_ENTRY,1,32,7,128,12,12,0,0,NO_HARD_VALID_M1_CANDIDATE,0,OTHER,CORRIDOR_ORACLE_ONLY_NO_EXACT_P3_WITNESS,,,,,,,"The conservative oracle is a 1D reachable corridor, not an exact five-knot P3 witness."
RP3_199,RULE_PROPERTY_CONSERVATIVE_CORRIDOR_538,3,199,15.570758504801409,-0.13508932835351928,3,0.49953182027052717,2,"id=1:s=[20.753920265342835,21.253920265342835]:d=[-0.75,-0.42500000000000004];id=3:s=[17.155979300208564,17.655979300208564]:d=[-0.92950902364776322,-0.42950902364776322]","LEFT:domain=[0.14999999999999999,0.43150000000000005]:b=0.18249999999999994",GQSC_V3_FROZEN_ENTRY,1,32,7,128,12,12,0,0,NO_HARD_VALID_M1_CANDIDATE,0,OTHER,CORRIDOR_ORACLE_ONLY_NO_EXACT_P3_WITNESS,,,,,,,"The conservative oracle is a 1D reachable corridor, not an exact five-knot P3 witness."
RP3_202,RULE_PROPERTY_CONSERVATIVE_CORRIDOR_538,3,202,42.593408953042513,0.67771544623027591,3,0.50730846661323747,2,"id=1:s=[2.9650485886592874,3.4650485886592874]:d=[-0.57717749702102306,-0.077177497021023056];id=2:s=[6.7024906001742979,7.2024906001742979]:d=[-0.78277664634271038,-0.28277664634271038]","LEFT:domain=[0.40584055195195934,0.90650000000000008]:b=0.59391125148948853",GQSC_V3_FROZEN_ENTRY,1,32,7,128,12,12,0,0,NO_HARD_VALID_M1_CANDIDATE,0,OTHER,CORRIDOR_ORACLE_ONLY_NO_EXACT_P3_WITNESS,,,,,,,"The conservative oracle is a 1D reachable corridor, not an exact five-knot P3 witness."
RP3_204,RULE_PROPERTY_CONSERVATIVE_CORRIDOR_538,3,204,6.7011321083991975,0.56769510128322653,3,0.55874443976649224,2,"id=1:s=[12.231666916086411,12.731666916086411]:d=[-0.80921261949596501,-0.30921261949596501];id=3:s=[9.127926646690236,9.627926646690236]:d=[-1.1837294472432225,-0.68372944724322249]","LEFT:domain=[0.17087011694865817,0.53150000000000008]:b=0.30289369025201746",GQSC_V3_FROZEN_ENTRY,1,32,7,128,12,12,0,0,NO_HARD_VALID_M1_CANDIDATE,0,OTHER,CORRIDOR_ORACLE_ONLY_NO_EXACT_P3_WITNESS,,,,,,,"The conservative oracle is a 1D reachable corridor, not an exact five-knot P3 witness."
RP3_206,RULE_PROPERTY_CONSERVATIVE_CORRIDOR_538,3,206,18.109318155297217,-0.068924058740607586,3,0.77360965017448868,1,"id=1:s=[23.014705192613391,23.514705192613391]:d=[-0.57592217009603863,-0.075922170096038633]","LEFT:domain=[0.36289616529865198,0.38150000000000001]:b=0.39453891495198068",GQSC_V3_FROZEN_ENTRY,1,30,7,128,12,12,0,0,NO_HARD_VALID_M1_CANDIDATE,0,OTHER,CORRIDOR_ORACLE_ONLY_NO_EXACT_P3_WITNESS,,,,,,,"The conservative oracle is a 1D reachable corridor, not an exact five-knot P3 witness."
RP3_207,RULE_PROPERTY_CONSERVATIVE_CORRIDOR_538,3,207,17.192423664886192,-0.14710383906220437,3,1.0912245354647698,1,"id=1:s=[27.003878679320309,27.503878679320309]:d=[-1.2666927151942426,-0.76669271519424265]",,GQSC_V3_FROZEN_ENTRY,1,0,0,0,0,0,0,0,no static obstacle blocks the global race line,0,OTHER,NON_BLOCKING_RESULT_SEMANTICS_REGRESSION,,,,,,,Nonblocking event; no avoidance witness is required.
RP3_212,RULE_PROPERTY_CONSERVATIVE_CORRIDOR_538,3,212,13.980360900841388,-0.77433098689073743,3,0.51514590500373081,1,"id=1:s=[15.918726326648123,16.418726326648123]:d=[-0.94061408473320363,-0.44061408473320363]",,GQSC_V3_FROZEN_ENTRY,1,0,0,0,0,0,0,0,no static obstacle blocks the global race line,0,OTHER,NON_BLOCKING_RESULT_SEMANTICS_REGRESSION,,,,,,,Nonblocking event; no avoidance witness is required.
RP3_219,RULE_PROPERTY_CONSERVATIVE_CORRIDOR_538,3,219,2.7717123838628699,0.75181949913658808,3,0.49953182027052695,3,"id=1:s=[6.4931658845009466,6.9931658845009466]:d=[-0.74999999999999978,-0.24999999999999978];id=2:s=[3.3345151890857805,3.8345151890857805]:d=[-0.59984767795929961,-0.099847677959299608];id=3:s=[9.8414368059844861,10.341436805984486]:d=[-0.10017516303505758,0.39982483696494242]","LEFT:domain=[0.38427584060846642,0.85650000000000004]:b=0.54507616102035028",GQSC_V3_FROZEN_ENTRY,1,32,7,128,12,12,0,0,NO_HARD_VALID_M1_CANDIDATE,1,TOP12_RANKING_DISPLACEMENT,HARD_VALID_PAIR_IN_B128_BUT_OUTSIDE_TOP12,LEFT,0.54392240038029149,0.4939224003802915,0.51458109301505117,0.49716841625749453,f9db92ae340fb38c,
RP3_220,RULE_PROPERTY_CONSERVATIVE_CORRIDOR_538,3,220,6.9218506628951975,0.52095201606744901,3,0.50992317561147904,2,"id=1:s=[11.184482010866644,11.684482010866644]:d=[0.039608644659048009,0.53960864465904801];id=2:s=[16.933963828371674,17.433963828371674]:d=[-0.99947308274900193,-0.49947308274900193]","RIGHT:domain=[-0.65650000000000008,-0.44047409178557517]:b=-0.487695677670476;LEFT:domain=[1.0196913811036712,1.2315]:b=1.1398043223295242",GQSC_V3_FROZEN_ENTRY,1,63,7,128,12,12,0,0,NO_HARD_VALID_M1_CANDIDATE,1,B128_PAIR_TRUNCATION,HARD_VALID_OPERATOR_PAIR_OUTSIDE_B128,RIGHT,-0.58449136392852508,-0.57395440314626889,1.310934367577036,0.57414392290227367,34c2006ac3d106d0,
RP3_221,RULE_PROPERTY_CONSERVATIVE_CORRIDOR_538,3,221,12.102764314118453,-0.316897865821685,3,0.44953182027052702,2,"id=1:s=[15.348642386532386,15.848642386532386]:d=[-0.97198826805625593,-0.47198826805625593];id=2:s=[20.20511833199377,20.70511833199377]:d=[-0.60000000000000009,-0.27499999999999991]","LEFT:domain=[0.22328925429952085,0.53150000000000008]:b=0.32000000000000001",GQSC_V3_FROZEN_ENTRY,1,32,7,128,12,12,0,0,NO_HARD_VALID_M1_CANDIDATE,0,OTHER,CORRIDOR_ORACLE_ONLY_NO_EXACT_P3_WITNESS,,,,,,,"The conservative oracle is a 1D reachable corridor, not an exact five-knot P3 witness."
RP3_223,RULE_PROPERTY_CONSERVATIVE_CORRIDOR_538,3,223,30.634366502005069,-0.45516770258545114,3,0.67755392600377595,1,"id=1:s=[33.481294930027957,33.981294930027957]:d=[-0.62802210573324879,-0.12802210573324879]","LEFT:domain=[0.27526714856628587,0.95650000000000013]:b=0.56848894713337561",GQSC_V3_FROZEN_ENTRY,1,32,7,128,12,12,0,0,NO_HARD_VALID_M1_CANDIDATE,0,OTHER,CORRIDOR_ORACLE_ONLY_NO_EXACT_P3_WITNESS,,,,,,,"The conservative oracle is a 1D reachable corridor, not an exact five-knot P3 witness."
RP3_225,RULE_PROPERTY_CONSERVATIVE_CORRIDOR_538,3,225,21.02390703434477,-0.38587109127082581,3,0.55235191927212601,2,"id=1:s=[27.030680568351929,27.530680568351929]:d=[-1.146167589107143,-0.646167589107143];id=3:s=[32.611501326184687,33.111501326184687]:d=[-0.55282009900159879,-0.052820099001598786]","LEFT:domain=[0.35046915529793199,0.95650000000000013]:b=0.59358995049920071",GQSC_V3_FROZEN_ENTRY,1,32,7,128,12,12,0,0,NO_HARD_VALID_M1_CANDIDATE,0,OTHER,CORRIDOR_ORACLE_ONLY_NO_EXACT_P3_WITNESS,,,,,,,"The conservative oracle is a 1D reachable corridor, not an exact five-knot P3 witness."
RP3_234,RULE_PROPERTY_CONSERVATIVE_CORRIDOR_538,3,234,13.728965742800918,-0.20738271605844671,3,0.61957963229081559,2,"id=1:s=[23.556650531620623,24.056650531620623]:d=[-0.89425935783193611,-0.39425935783193611];id=3:s=[16.529110869481229,17.029110869481229]:d=[-1.0200478120202885,-0.52004781202028849]","LEFT:domain=[0.14999999999999999,0.95650000000000013]:b=0.54787032108403211",GQSC_V3_FROZEN_ENTRY,1,32,7,128,12,12,0,0,NO_HARD_VALID_M1_CANDIDATE,0,OTHER,CORRIDOR_ORACLE_ONLY_NO_EXACT_P3_WITNESS,,,,,,,"The conservative oracle is a 1D reachable corridor, not an exact five-knot P3 witness."
RP3_239,RULE_PROPERTY_CONSERVATIVE_CORRIDOR_538,3,239,11.605945933450771,1.0084285777605047,3,0.54348307855081424,1,"id=1:s=[13.325937716260388,13.825937716260388]:d=[-1.043951258280287,-0.54395125828028701]",,GQSC_V3_FROZEN_ENTRY,1,0,0,0,0,0,0,0,no static obstacle blocks the global race line,0,OTHER,NON_BLOCKING_RESULT_SEMANTICS_REGRESSION,,,,,,,Nonblocking event; no avoidance witness is required.
RP3_241,RULE_PROPERTY_CONSERVATIVE_CORRIDOR_538,3,241,6.0720900690600708,-0.46855294361242927,3,0.47910018421572925,3,"id=1:s=[14.019113735193285,14.519113735193285]:d=[-1.071097042241886,-0.57109704224188595];id=2:s=[7.6081773576516945,8.1081773576516945]:d=[-1.0545683639452021,-0.55456836394520215];id=3:s=[19.813299386870341,20.313299386870341]:d=[-0.625,-0.27499999999999991]","LEFT:domain=[0.22328925429952085,0.63149999999999995]:b=0.34500000000000003",GQSC_V3_FROZEN_ENTRY,1,32,7,128,12,12,0,0,NO_HARD_VALID_M1_CANDIDATE,0,OTHER,CORRIDOR_ORACLE_ONLY_NO_EXACT_P3_WITNESS,,,,,,,"The conservative oracle is a 1D reachable corridor, not an exact five-knot P3 witness."
RP3_243,RULE_PROPERTY_CONSERVATIVE_CORRIDOR_538,3,243,19.866455742032446,0.5166516235120624,3,1.0853218489427128,2,"id=1:s=[22.556332054894842,23.056332054894842]:d=[-1.9213097225080586,-1.4213097225080586];id=3:s=[25.804363256798798,26.304363256798798]:d=[-1.3357900286721855,-0.83579002867218555]",,GQSC_V3_FROZEN_ENTRY,1,0,0,0,0,0,0,0,no static obstacle blocks the global race line,0,OTHER,NON_BLOCKING_RESULT_SEMANTICS_REGRESSION,,,,,,,Nonblocking event; no avoidance witness is required.
RP3_245,RULE_PROPERTY_CONSERVATIVE_CORRIDOR_538,3,245,6.7010643118401418,0.22135108405251652,3,0.53451476167513179,1,"id=1:s=[15.22104160178675,15.72104160178675]:d=[-0.95998294140460461,-0.45998294140460461]",,GQSC_V3_FROZEN_ENTRY,1,0,0,0,0,0,0,0,no static obstacle blocks the global race line,0,OTHER,NON_BLOCKING_RESULT_SEMANTICS_REGRESSION,,,,,,,Nonblocking event; no avoidance witness is required.
RP3_249,RULE_PROPERTY_CONSERVATIVE_CORRIDOR_538,3,249,42.748405469755667,-0.60918839221212928,3,0.62010960614115018,2,"id=1:s=[9.0609600682094644,9.5609600682094644]:d=[-1.1716919358979292,-0.67169193589792919];id=2:s=[12.681383671600271,13.181383671600271]:d=[-1.045577785870623,-0.545577785870623]",,GQSC_V3_FROZEN_ENTRY,1,0,0,0,0,0,0,0,no static obstacle blocks the global race line,0,OTHER,NON_BLOCKING_RESULT_SEMANTICS_REGRESSION,,,,,,,Nonblocking event; no avoidance witness is required.
RP3_252,RULE_PROPERTY_CONSERVATIVE_CORRIDOR_538,3,252,12.440124398768457,0.52501692605296446,3,0.49953182027052717,2,"id=1:s=[19.426233529970347,19.926233529970347]:d=[-0.72500000000000009,-0.30000000000000004];id=2:s=[24.096395426416237,24.596395426416237]:d=[-0.3311000697336548,0.1688999302663452]","LEFT:domain=[0.19828925429952071,0.63149999999999995]:b=0.30749999999999994",GQSC_V3_FROZEN_ENTRY,1,32,7,128,12,12,0,0,NO_HARD_VALID_M1_CANDIDATE,0,OTHER,CORRIDOR_ORACLE_ONLY_NO_EXACT_P3_WITNESS,,,,,,,"The conservative oracle is a 1D reachable corridor, not an exact five-knot P3 witness."
RP3_256,RULE_PROPERTY_CONSERVATIVE_CORRIDOR_538,3,256,2.2354969275321492,0.45068589259253161,3,1.003101963693442,1,"id=1:s=[4.0082987755418085,4.5082987755418085]:d=[-1.2035701434229149,-0.70357014342291491]",,GQSC_V3_FROZEN_ENTRY,1,0,0,0,0,0,0,0,no static obstacle blocks the global race line,0,OTHER,NON_BLOCKING_RESULT_SEMANTICS_REGRESSION,,,,,,,Nonblocking event; no avoidance witness is required.
RP3_263,RULE_PROPERTY_CONSERVATIVE_CORRIDOR_538,3,263,21.911194821850398,-0.68549734085210778,3,1.1192573254626028,1,"id=1:s=[22.122387369975247,22.622387369975247]:d=[-1.7697255051920757,-1.2697255051920757]",,GQSC_V3_FROZEN_ENTRY,1,0,0,0,0,0,0,0,no static obstacle blocks the global race line,0,OTHER,NON_BLOCKING_RESULT_SEMANTICS_REGRESSION,,,,,,,Nonblocking event; no avoidance witness is required.
RP3_266,RULE_PROPERTY_CONSERVATIVE_CORRIDOR_538,3,266,7.3159614640254436,0.34941227108693806,3,0.68047310141422956,2,"id=1:s=[15.013315267211203,15.513315267211203]:d=[-1.1309412811437025,-0.63094128114370251];id=2:s=[10.046602392355705,10.546602392355705]:d=[-0.53971360121702905,-0.039713601217029049]","LEFT:domain=[0.42748807303347958,1.4565000000000001]:b=1.0751431993914855",GQSC_V3_FROZEN_ENTRY,1,32,7,128,12,12,0,0,NO_HARD_VALID_M1_CANDIDATE,0,OTHER,CORRIDOR_ORACLE_ONLY_NO_EXACT_P3_WITNESS,,,,,,,"The conservative oracle is a 1D reachable corridor, not an exact five-knot P3 witness."
RP3_269,RULE_PROPERTY_CONSERVATIVE_CORRIDOR_538,3,269,15.525564547512865,0.03780466538578664,3,0.56118495832847337,2,"id=1:s=[24.511091230456096,25.011091230456096]:d=[-0.44028428685766985,0.059715713142330151];id=3:s=[28.65351578732573,29.15351578732573]:d=[-0.58665313805794617,-0.086653138057946166]","LEFT:domain=[0.53388320876645579,1.1815]:b=0.8123578565711651",GQSC_V3_FROZEN_ENTRY,1,32,7,128,12,12,0,1,NONE,1,TOP12_RANKING_DISPLACEMENT,HARD_VALID_PAIR_IN_B128_BUT_OUTSIDE_TOP12,LEFT,0.53388320876645579,0.51388320876645577,0.51458109301505117,0.49716841625749453,702fef9f87d6646a,
RP3_273,RULE_PROPERTY_CONSERVATIVE_CORRIDOR_538,3,273,17.158073769185417,0.09148416300077844,3,0.44953182027052702,1,"id=1:s=[21.418763782519449,21.918763782519449]:d=[-1,-0.52499999999999991]",,GQSC_V3_FROZEN_ENTRY,1,0,0,0,0,0,0,0,no static obstacle blocks the global race line,0,OTHER,NON_BLOCKING_RESULT_SEMANTICS_REGRESSION,,,,,,,Nonblocking event; no avoidance witness is required.
RP3_278,RULE_PROPERTY_CONSERVATIVE_CORRIDOR_538,3,278,12.926095435250888,-0.80232939641231615,3,0.48098678648743604,2,"id=1:s=[14.963988409008945,15.463988409008945]:d=[-0.93145496621690893,-0.43145496621690893];id=3:s=[22.488418995188582,22.988418995188582]:d=[-1.4352852181900062,-0.93528521819000621]",,GQSC_V3_FROZEN_ENTRY,1,0,0,0,0,0,0,0,no static obstacle blocks the global race line,0,OTHER,NON_BLOCKING_RESULT_SEMANTICS_REGRESSION,,,,,,,Nonblocking event; no avoidance witness is required.
RP3_279,RULE_PROPERTY_CONSERVATIVE_CORRIDOR_538,3,279,7.2651703442773439,0.061865091769550684,3,0.64624877956707572,2,"id=1:s=[15.375989099535575,15.875989099535575]:d=[-1.0717169592965485,-0.57171695929654853];id=2:s=[9.5972915884972352,10.097291588497235]:d=[-0.27847597842966088,0.22152402157033912]","LEFT:domain=[0.68486797623635765,0.83149999999999991]:b=0.80576201078516962",GQSC_V3_FROZEN_ENTRY,1,32,7,128,12,12,0,0,NO_HARD_VALID_M1_CANDIDATE,0,OTHER,CORRIDOR_ORACLE_ONLY_NO_EXACT_P3_WITNESS,,,,,,,"The conservative oracle is a 1D reachable corridor, not an exact five-knot P3 witness."
RP3_280,RULE_PROPERTY_CONSERVATIVE_CORRIDOR_538,3,280,21.539479362293584,0.36919628740627719,3,0.57641710129209067,2,"id=1:s=[27.503971993684111,28.003971993684111]:d=[-0.67688528102156353,-0.17688528102156353];id=2:s=[23.035474351974333,23.535474351974333]:d=[-1.6477298378076073,-1.1477298378076073]","LEFT:domain=[0.32140397327795722,0.78150000000000008]:b=0.48155735948921824",GQSC_V3_FROZEN_ENTRY,1,32,7,128,12,12,0,0,NO_HARD_VALID_M1_CANDIDATE,0,OTHER,CORRIDOR_ORACLE_ONLY_NO_EXACT_P3_WITNESS,,,,,,,"The conservative oracle is a 1D reachable corridor, not an exact five-knot P3 witness."
RP3_285,RULE_PROPERTY_CONSERVATIVE_CORRIDOR_538,3,285,10.908081443094744,0.85515773646480842,3,0.59048428948970266,1,"id=1:s=[16.26200263099842,16.76200263099842]:d=[-0.99095246921917557,-0.49095246921917557]",,GQSC_V3_FROZEN_ENTRY,1,0,0,0,0,0,0,0,no static obstacle blocks the global race line,0,OTHER,NON_BLOCKING_RESULT_SEMANTICS_REGRESSION,,,,,,,Nonblocking event; no avoidance witness is required.
RP3_288,RULE_PROPERTY_CONSERVATIVE_CORRIDOR_538,3,288,9.7041352698127703,-0.57333443524229288,3,0.60514110701699542,1,"id=1:s=[15.099861236840892,15.599861236840892]:d=[-1.0306092867464682,-0.53060928674646823]",,GQSC_V3_FROZEN_ENTRY,1,0,0,0,0,0,0,0,no static obstacle blocks the global race line,0,OTHER,NON_BLOCKING_RESULT_SEMANTICS_REGRESSION,,,,,,,Nonblocking event; no avoidance witness is required.
RP3_291,RULE_PROPERTY_CONSERVATIVE_CORRIDOR_538,3,291,6.0625870121183691,0.47093488412021001,3,0.20048587691307562,3,"id=1:s=[10.217759818524041,10.717759818524041]:d=[-0.074701697627473918,0.42529830237252608];id=2:s=[18.048836702455869,18.548836702455869]:d=[-0.88471693153604825,-0.38471693153604825];id=3:s=[11.814606809733696,12.314606809733696]:d=[-0.22595405664254842,0.27404594335745158]",,EVALUATOR_INVARIANT_VIOLATION: native R3-RT transition bound violated,0,0,0,0,0,0,0,0,NO_VALID_SIDE_DOMAIN,0,OTHER,EMPTY_DIRECT_TRANSITION_SET_AFTER_NO_VALID_SIDE_GEOMETRY,,,,,,,"The conservative oracle is a 1D reachable corridor, not an exact five-knot P3 witness."
RP3_292,RULE_PROPERTY_CONSERVATIVE_CORRIDOR_538,3,292,3.8040333036033296,0.41884375862946599,3,0.5986611015447163,1,"id=1:s=[9.5363247825960862,10.036324782596086]:d=[-0.44912928127418916,0.050870718725810837]","LEFT:domain=[0.51421467339182936,0.83149999999999991]:b=0.72043535936290548",GQSC_V3_FROZEN_ENTRY,1,32,7,128,12,12,0,0,NO_HARD_VALID_M1_CANDIDATE,0,OTHER,CORRIDOR_ORACLE_ONLY_NO_EXACT_P3_WITNESS,,,,,,,"The conservative oracle is a 1D reachable corridor, not an exact five-knot P3 witness."
RP3_296,RULE_PROPERTY_CONSERVATIVE_CORRIDOR_538,3,296,39.739294018320088,0.91531757886440523,3,0.62895959476066388,1,"id=1:s=[2.3521269068980009,2.8521269068980009]:d=[-0.55442777449013647,-0.054427774490136471]","LEFT:domain=[0.42514108997682654,0.98150000000000004]:b=0.63028611275493185",GQSC_V3_FROZEN_ENTRY,1,32,7,128,12,12,0,1,NONE,1,LATERAL_OPERATOR_COVERAGE_MISS,LEGACY_EXACT_P3_LATERAL_ABSENT_TRANSITION_PRESENT,LEFT,0.38583620085974668,0.38583620085974668,1.310934367577036,0.56898820347507484,b4a3199824c18601,
RP3_297,RULE_PROPERTY_CONSERVATIVE_CORRIDOR_538,3,297,20.012719541072578,0.59107884020454082,3,0.61873219590016149,2,"id=1:s=[24.135005842970145,24.635005842970145]:d=[-0.36071281401203614,0.13928718598796386];id=2:s=[32.167023680391374,32.667023680391374]:d=[-0.61920037562963415,-0.11920037562963415]","LEFT:domain=[0.61450674799378724,1.3565]:b=0.92714359299398197",GQSC_V3_FROZEN_ENTRY,1,32,7,128,12,12,0,0,NO_HARD_VALID_M1_CANDIDATE,0,OTHER,CORRIDOR_ORACLE_ONLY_NO_EXACT_P3_WITNESS,,,,,,,"The conservative oracle is a 1D reachable corridor, not an exact five-knot P3 witness."
