control_event_id,dataset_role,official_failure_split_membership,bag,callback_sequence,evaluation_sequence,input_snapshot_id,ego_snapshot_id,obstacle_snapshot_id,reference_snapshot_id,selection_hash,selection_rule,outside_every_frozen_failure_episode,exact_candidate_lineage,constructed_digest_multiset_parity,returned_digest_multiset_parity,production_constructed_count,production_hard_valid_count,production_selected_side,baseline_parity_runtime_s,event_input_sha256
SCE001,PILOT_SEEN_DEVELOPMENT_DATA_SUCCESS_CONTROL_AUXILIARY,False,rosbag2_2026_08_24-19_00_30,23761,1,input_5825cc21f7afe320,ego_afa1b3ca7063cf68,obs_15b277686dd224ba,ref_3f5d487564f4ee3d,067cda4dd691c6e47b5fa5638ee6815ec82810d5863a7b3ae9344f2bc1a7a9d7,lowest six SHA256 per bag among strict production successes,True,True,True,True,6,2,LEFT,0.003998159998445772,1fb4df0c9eb1ac543a584f295ea6ec7b3ae377644571884de8e84f2e64133394
SCE002,PILOT_SEEN_DEVELOPMENT_DATA_SUCCESS_CONTROL_AUXILIARY,False,rosbag2_2026_08_24-19_00_30,34294,1,input_3a420882860f3ae1,ego_3fc580bd85c7a6c5,obs_b9c2c2259ef9aea0,ref_3f5d487564f4ee3d,0686c7a8eba8fe6ca2749a02f76bba10a4c78c850433ba71aca73f55bb4a55d3,lowest six SHA256 per bag among strict production successes,True,True,True,True,2,2,LEFT,0.006874423001136165,4cfa476eebbdbfb89e22bb1ba8800d8e78d1e4b0e117d0292b8685f9e167a809
SCE003,PILOT_SEEN_DEVELOPMENT_DATA_SUCCESS_CONTROL_AUXILIARY,False,rosbag2_2026_08_24-19_00_30,19127,1,input_d3705338c0633629,ego_4df2f0bcffdccc6c,obs_f0b91cc23ab4e20c,ref_3f5d487564f4ee3d,07af2bb9f970afd6084a746d47c81377c48919ab499ae0c5e4810c7f16798bfa,lowest six SHA256 per bag among strict production successes,True,True,True,True,10,7,RIGHT,0.00998278599945479,18818e3b4b96b1d39851b7a1e16855d37d6408ae5842e40e7014541da60719e6
SCE004,PILOT_SEEN_DEVELOPMENT_DATA_SUCCESS_CONTROL_AUXILIARY,False,rosbag2_2026_08_24-19_00_30,12016,1,input_2a81adf2cdc08be3,ego_10f1f9a40cf2d20c,obs_3ef198d6370f85f9,ref_3f5d487564f4ee3d,09e8fbc5885fe873a4e1f4a47f9f18e3ca8d0c074a52681ce3fe6116efce8139,lowest six SHA256 per bag among strict production successes,True,True,True,True,4,3,RIGHT,0.008084543002041755,747a17c4ab04e4395c49cc0f51f9af7e0d81f90ab901f279313ea1efb6b98543
SCE005,PILOT_SEEN_DEVELOPMENT_DATA_SUCCESS_CONTROL_AUXILIARY,False,rosbag2_2026_08_24-19_00_30,18701,1,input_13709c23e454d2b5,ego_59f2fb89a44359b1,obs_b8343e5854fdad55,ref_3f5d487564f4ee3d,0a687a0323a802b25dec8b79da676c4a379f5321d8faf96444bf5336066e00b5,lowest six SHA256 per bag among strict production successes,True,True,True,True,6,4,LEFT,0.007785630998114357,449d601c2351375b65d6b0e71c324c775d05a55d65441b32a7a1620b14799c81
SCE006,PILOT_SEEN_DEVELOPMENT_DATA_SUCCESS_CONTROL_AUXILIARY,False,rosbag2_2026_08_24-19_00_30,12726,1,input_7160682bd2bf16da,ego_52dbc6f7835a9c55,obs_eb70eaac282075cf,ref_3f5d487564f4ee3d,0c4f52b9314330b174775980a04a0ca7d510bc7e310a4c99708d81db0ff55c37,lowest six SHA256 per bag among strict production successes,True,True,True,True,9,8,RIGHT,0.009367195001686923,562557a3507ec85ec321ab93b3c1c2f32085ee0a5482512301fa2a4af6693e6d
SCE007,PILOT_SEEN_DEVELOPMENT_DATA_SUCCESS_CONTROL_AUXILIARY,False,rosbag2_2026_08_24-19_24_17,28790,1,input_4daf793da12d9ba5,ego_469af2236ff72edc,obs_7889aa8e6db2715a,ref_3f5d487564f4ee3d,014a72df372725202729032c594fb50970030a4ce98e63b321a0f3e261047aff,lowest six SHA256 per bag among strict production successes,True,True,True,True,12,5,LEFT,0.013132521999068558,ec2e9f32d7681bdfe3c7e88a3ffca4fc44ecf613732f206bda2ee24bed617be7
SCE008,PILOT_SEEN_DEVELOPMENT_DATA_SUCCESS_CONTROL_AUXILIARY,False,rosbag2_2026_08_24-19_24_17,23126,1,input_a71c20f81b461b64,ego_58e47f6d4a98e4c6,obs_3428bba2aab0ca27,ref_3f5d487564f4ee3d,01b99e63c966ab7998e9df80104dddcd7a3f1012fbe55e72cd05894bf2c4bf19,lowest six SHA256 per bag among strict production successes,True,True,True,True,2,2,LEFT,0.005244544998276979,fa1d69fecbc25a2ea30c60223a15e2b376d166e06abff25a04e05d50efa648a8
SCE009,PILOT_SEEN_DEVELOPMENT_DATA_SUCCESS_CONTROL_AUXILIARY,False,rosbag2_2026_08_24-19_24_17,10681,1,input_4ce96e41baf04594,ego_360def65ef8aad0f,obs_91778d0c81638401,ref_3f5d487564f4ee3d,01de31638680c6e328c5fed13c1a6a6eb93f869150eec32a0abee5f078852deb,lowest six SHA256 per bag among strict production successes,True,True,True,True,4,2,LEFT,0.004647765999834519,90d49eb872627b2f48b2b9ef651c820ca2edbbec02c326c6286ac56f23b13b3b
SCE010,PILOT_SEEN_DEVELOPMENT_DATA_SUCCESS_CONTROL_AUXILIARY,False,rosbag2_2026_08_24-19_24_17,12617,1,input_8db812afcc2f48b0,ego_eb45099e115c1b6d,obs_331f47cc11a0e72c,ref_3f5d487564f4ee3d,0281ea755885c2b5f08f8983483f3fc4cd15c05fe641e7f5e9562573e8d8be01,lowest six SHA256 per bag among strict production successes,True,True,True,True,15,1,RIGHT,0.006060419000277761,6b467309317be309627ecf4ab2233a639e53e1a2400cc07e857215a420b0d27d
SCE011,PILOT_SEEN_DEVELOPMENT_DATA_SUCCESS_CONTROL_AUXILIARY,False,rosbag2_2026_08_24-19_24_17,10648,1,input_225b563a05271eeb,ego_924111aa62022059,obs_4e7fdbb40f734cf8,ref_3f5d487564f4ee3d,02c87b308f7c8dd812ab892ffbd7c9f2e04ce21ceaa98c49f74f8950a8951f4f,lowest six SHA256 per bag among strict production successes,True,True,True,True,4,2,LEFT,0.006279924000409665,bbdaabf87b89f30cf1a008c04b94d92820deaf3f670964781bfbd4a84ba7d0f6
SCE012,PILOT_SEEN_DEVELOPMENT_DATA_SUCCESS_CONTROL_AUXILIARY,False,rosbag2_2026_08_24-19_24_17,12490,1,input_b70d61032fd5844e,ego_97859de69316b208,obs_d4af31d345babf8b,ref_3f5d487564f4ee3d,03186ce8a1073c0f490b814d0f4f48a88233202842701ae3c2e5e018ceeb021a,lowest six SHA256 per bag among strict production successes,True,True,True,True,15,1,RIGHT,0.006182781999086728,d465a22546fa54766af9be65a42939652878dbbbe3c80ad1a17d6f2359195fb3
SCE013,PILOT_SEEN_DEVELOPMENT_DATA_SUCCESS_CONTROL_AUXILIARY,False,rosbag2_2026_08_25-09_59_22,33548,1,input_4e97b85950bc13cf,ego_3ae610ccfbbc2403,obs_2aa6d1134e07bc0f,ref_4dc0768eb37d9590,01825c666baff33f05f71381310cf6cce015d77328d5c1aac8d5aaf0c6498aa7,lowest six SHA256 per bag among strict production successes,True,True,True,True,12,6,RIGHT,0.007111589999112766,cda4bde690e9301ce77221722703df2807eaab5e325f02e788d191133acff4e0
SCE014,PILOT_SEEN_DEVELOPMENT_DATA_SUCCESS_CONTROL_AUXILIARY,False,rosbag2_2026_08_25-09_59_22,25887,1,input_179ad6d41d46aeef,ego_349e45d6dfa7a706,obs_96643629cf282d69,ref_4dc0768eb37d9590,02360ce293d3bd70613436593ad749d90664209c424c1e1820ced395d4e7d9a7,lowest six SHA256 per bag among strict production successes,True,True,True,True,6,6,LEFT,0.007120951999240788,646551eb1793d4f1c6ed87de64fe158e7bf891f6de785f90c3f108404a787abb
SCE015,PILOT_SEEN_DEVELOPMENT_DATA_SUCCESS_CONTROL_AUXILIARY,False,rosbag2_2026_08_25-09_59_22,13548,1,input_9120f0313803fede,ego_79818a5b5aa14ed6,obs_32d5583b6ae9cf7b,ref_4dc0768eb37d9590,027f3bbc0de2c37e2bf42a4f0f8fe66c4b13af3563c4e369c73399d7101727a8,lowest six SHA256 per bag among strict production successes,True,True,True,True,12,8,LEFT,0.006997608998062788,14fbce96332a45942c97c51a205efb88d8ca333bf5d3601893d545ef04d62e09
SCE016,PILOT_SEEN_DEVELOPMENT_DATA_SUCCESS_CONTROL_AUXILIARY,False,rosbag2_2026_08_25-09_59_22,22124,1,input_e29f80f76a4c98c2,ego_9345eedc2a689252,obs_e94464dd137c7def,ref_4dc0768eb37d9590,02acd4d004674ecba05d85b2392ca558ba5bd4f63dccd5347fc7b4d98313291d,lowest six SHA256 per bag among strict production successes,True,True,True,True,10,2,RIGHT,0.007369114999164594,78e4c43eef811fa6cc819d5a5cfd0da69a95aec80d252513803e3dd3554fdeec
SCE017,PILOT_SEEN_DEVELOPMENT_DATA_SUCCESS_CONTROL_AUXILIARY,False,rosbag2_2026_08_25-09_59_22,37772,1,input_f4b5f23fe9572f97,ego_aed9b7bb66e8f797,obs_79b732a2e29ca14c,ref_4dc0768eb37d9590,02cc301a5af2ea6d60d3f46dd25e97ea5f14615008a390a4faab6379680c47b6,lowest six SHA256 per bag among strict production successes,True,True,True,True,6,6,RIGHT,0.008889289998478489,dad77548e48eef82383f3a392823afee75caafe7e65745b6ef40bc79bf1a36e4
SCE018,PILOT_SEEN_DEVELOPMENT_DATA_SUCCESS_CONTROL_AUXILIARY,False,rosbag2_2026_08_25-09_59_22,14769,1,input_2e548fe0f10fa1d9,ego_679fda815d26fa21,obs_fef2d4eca5fafd27,ref_4dc0768eb37d9590,02d69954de6e2bceb6754d6c92439bb4ce798c133d813674c7d1bf33776efea7,lowest six SHA256 per bag among strict production successes,True,True,True,True,12,4,LEFT,0.01229307600078755,572adb59ea24f3f06bed7502eb870e57a33a5416e8630106b67bc2b1d0b405bf
