dataset_role,method,budget_k,hard_feasible_denominator,hard_recovered,usable_feasible_denominator,usable_recovered,interpretation
DEVELOPMENT,PRODUCTION,PRODUCTION,23,0,17,0,FROZEN_EXACT_RECOMPUTATION
DEVELOPMENT,H3_FIXED_BOUNDED,24,23,13,17,8,FROZEN_EXACT_RECOMPUTATION
DEVELOPMENT,H4A_GEOMETRY_TRANSITION,24,23,16,17,11,FROZEN_EXACT_RECOMPUTATION
DEVELOPMENT,H4B_GEOMETRY_LATERAL_TRANSITION,12,23,16,17,11,FROZEN_EXACT_RECOMPUTATION
DEVELOPMENT,REFERENCE_ORACLE_V2,FINITE_EXHAUSTIVE,23,23,17,17,OFFLINE_FINITE_DOMAIN_REFERENCE_NOT_ONLINE
DEVELOPMENT,R1_FEASIBILITY_LEXICOGRAPHIC,8,23,15,17,13,SEEN_ONLY_V2_DESIGN_RESULT
DEVELOPMENT,R1_FEASIBILITY_LEXICOGRAPHIC,12,23,17,17,14,SEEN_ONLY_V2_DESIGN_RESULT
DEVELOPMENT,R1_FEASIBILITY_LEXICOGRAPHIC,16,23,18,17,15,SEEN_ONLY_V2_DESIGN_RESULT
DEVELOPMENT,R1_FEASIBILITY_LEXICOGRAPHIC,24,23,18,17,15,SEEN_ONLY_V2_DESIGN_RESULT
DEVELOPMENT,R2_BALANCED_PHYSICS_SCORE,8,23,17,17,13,SEEN_ONLY_V2_DESIGN_RESULT
DEVELOPMENT,R2_BALANCED_PHYSICS_SCORE,12,23,18,17,13,SEEN_ONLY_V2_DESIGN_RESULT
DEVELOPMENT,R2_BALANCED_PHYSICS_SCORE,16,23,20,17,15,SEEN_ONLY_V2_DESIGN_RESULT
DEVELOPMENT,R2_BALANCED_PHYSICS_SCORE,24,23,20,17,15,SEEN_ONLY_V2_DESIGN_RESULT
DEVELOPMENT,R3_LEXICOGRAPHIC_COVERAGE_RESERVE,8,23,15,17,13,SEEN_ONLY_V2_DESIGN_RESULT
DEVELOPMENT,R3_LEXICOGRAPHIC_COVERAGE_RESERVE,12,23,17,17,14,SEEN_ONLY_V2_DESIGN_RESULT
DEVELOPMENT,R3_LEXICOGRAPHIC_COVERAGE_RESERVE,16,23,19,17,15,SEEN_ONLY_V2_DESIGN_RESULT
DEVELOPMENT,R3_LEXICOGRAPHIC_COVERAGE_RESERVE,24,23,20,17,16,SEEN_ONLY_V2_DESIGN_RESULT
VALIDATION_SEEN_AFTER_V1,PRODUCTION,PRODUCTION,25,0,19,0,FROZEN_EXACT_RECOMPUTATION
VALIDATION_SEEN_AFTER_V1,H3_FIXED_BOUNDED,24,25,14,19,10,FROZEN_EXACT_RECOMPUTATION
VALIDATION_SEEN_AFTER_V1,H4A_GEOMETRY_TRANSITION,24,25,14,19,11,FROZEN_EXACT_RECOMPUTATION
VALIDATION_SEEN_AFTER_V1,H4B_GEOMETRY_LATERAL_TRANSITION,12,25,14,19,11,FROZEN_EXACT_RECOMPUTATION
VALIDATION_SEEN_AFTER_V1,REFERENCE_ORACLE_V2,FINITE_EXHAUSTIVE,25,25,19,19,OFFLINE_FINITE_DOMAIN_REFERENCE_NOT_ONLINE
VALIDATION_SEEN_AFTER_V1,R1_FEASIBILITY_LEXICOGRAPHIC,8,25,16,19,16,SEEN_ONLY_V2_DESIGN_RESULT
VALIDATION_SEEN_AFTER_V1,R1_FEASIBILITY_LEXICOGRAPHIC,12,25,18,19,18,SEEN_ONLY_V2_DESIGN_RESULT
VALIDATION_SEEN_AFTER_V1,R1_FEASIBILITY_LEXICOGRAPHIC,16,25,18,19,18,SEEN_ONLY_V2_DESIGN_RESULT
VALIDATION_SEEN_AFTER_V1,R1_FEASIBILITY_LEXICOGRAPHIC,24,25,18,19,18,SEEN_ONLY_V2_DESIGN_RESULT
VALIDATION_SEEN_AFTER_V1,R2_BALANCED_PHYSICS_SCORE,8,25,15,19,14,SEEN_ONLY_V2_DESIGN_RESULT
VALIDATION_SEEN_AFTER_V1,R2_BALANCED_PHYSICS_SCORE,12,25,18,19,17,SEEN_ONLY_V2_DESIGN_RESULT
VALIDATION_SEEN_AFTER_V1,R2_BALANCED_PHYSICS_SCORE,16,25,19,19,18,SEEN_ONLY_V2_DESIGN_RESULT
VALIDATION_SEEN_AFTER_V1,R2_BALANCED_PHYSICS_SCORE,24,25,19,19,18,SEEN_ONLY_V2_DESIGN_RESULT
VALIDATION_SEEN_AFTER_V1,R3_LEXICOGRAPHIC_COVERAGE_RESERVE,8,25,16,19,16,SEEN_ONLY_V2_DESIGN_RESULT
VALIDATION_SEEN_AFTER_V1,R3_LEXICOGRAPHIC_COVERAGE_RESERVE,12,25,19,19,18,SEEN_ONLY_V2_DESIGN_RESULT
VALIDATION_SEEN_AFTER_V1,R3_LEXICOGRAPHIC_COVERAGE_RESERVE,16,25,19,19,18,SEEN_ONLY_V2_DESIGN_RESULT
VALIDATION_SEEN_AFTER_V1,R3_LEXICOGRAPHIC_COVERAGE_RESERVE,24,25,19,19,18,SEEN_ONLY_V2_DESIGN_RESULT
COMBINED_SEEN,PRODUCTION,PRODUCTION,48,0,36,0,FROZEN_EXACT_RECOMPUTATION
COMBINED_SEEN,H3_FIXED_BOUNDED,24,48,27,36,18,FROZEN_EXACT_RECOMPUTATION
COMBINED_SEEN,H4A_GEOMETRY_TRANSITION,24,48,30,36,22,FROZEN_EXACT_RECOMPUTATION
COMBINED_SEEN,H4B_GEOMETRY_LATERAL_TRANSITION,12,48,30,36,22,FROZEN_EXACT_RECOMPUTATION
COMBINED_SEEN,REFERENCE_ORACLE_V2,FINITE_EXHAUSTIVE,48,48,36,36,OFFLINE_FINITE_DOMAIN_REFERENCE_NOT_ONLINE
COMBINED_SEEN,R1_FEASIBILITY_LEXICOGRAPHIC,8,48,31,36,29,SEEN_ONLY_V2_DESIGN_RESULT
COMBINED_SEEN,R1_FEASIBILITY_LEXICOGRAPHIC,12,48,35,36,32,SEEN_ONLY_V2_DESIGN_RESULT
COMBINED_SEEN,R1_FEASIBILITY_LEXICOGRAPHIC,16,48,36,36,33,SEEN_ONLY_V2_DESIGN_RESULT
COMBINED_SEEN,R1_FEASIBILITY_LEXICOGRAPHIC,24,48,36,36,33,SEEN_ONLY_V2_DESIGN_RESULT
COMBINED_SEEN,R2_BALANCED_PHYSICS_SCORE,8,48,32,36,27,SEEN_ONLY_V2_DESIGN_RESULT
COMBINED_SEEN,R2_BALANCED_PHYSICS_SCORE,12,48,36,36,30,SEEN_ONLY_V2_DESIGN_RESULT
COMBINED_SEEN,R2_BALANCED_PHYSICS_SCORE,16,48,39,36,33,SEEN_ONLY_V2_DESIGN_RESULT
COMBINED_SEEN,R2_BALANCED_PHYSICS_SCORE,24,48,39,36,33,SEEN_ONLY_V2_DESIGN_RESULT
COMBINED_SEEN,R3_LEXICOGRAPHIC_COVERAGE_RESERVE,8,48,31,36,29,SEEN_ONLY_V2_DESIGN_RESULT
COMBINED_SEEN,R3_LEXICOGRAPHIC_COVERAGE_RESERVE,12,48,36,36,32,SEEN_ONLY_V2_DESIGN_RESULT
COMBINED_SEEN,R3_LEXICOGRAPHIC_COVERAGE_RESERVE,16,48,38,36,33,SEEN_ONLY_V2_DESIGN_RESULT
COMBINED_SEEN,R3_LEXICOGRAPHIC_COVERAGE_RESERVE,24,48,39,36,34,SEEN_ONLY_V2_DESIGN_RESULT
