event_id,method,lateral_factor_count,lateral_factor_cap,transition_factor_count,transition_family_cap,pair_proxy_count,pair_proxy_cap,reconstruction_count,reconstruction_cap,validator_count,validator_cap,legacy_seed_count_consumed,legacy_builder_or_validator_called_inside_standalone,all_bounds_pass
V2E01,LEGACY_SEEDED_TEACHER_B128,38,64,7,7,128,128,12,12,9,12,9,0,1
V2E01,STANDALONE_DIRECT_SEED_B128,62,64,7,7,128,128,12,12,8,12,0,0,1
V2E02,LEGACY_SEEDED_TEACHER_B128,40,64,3,7,118,128,12,12,8,12,3,0,1
V2E02,STANDALONE_DIRECT_SEED_B128,62,64,7,7,128,128,12,12,9,12,0,0,1
V2E03,LEGACY_SEEDED_TEACHER_B128,32,64,7,7,128,128,12,12,11,12,9,0,1
V2E03,STANDALONE_DIRECT_SEED_B128,32,64,7,7,128,128,12,12,10,12,0,0,1
V2E04,LEGACY_SEEDED_TEACHER_B128,32,64,5,7,128,128,12,12,10,12,6,0,1
V2E04,STANDALONE_DIRECT_SEED_B128,32,64,7,7,128,128,12,12,10,12,0,0,1
V2E05,LEGACY_SEEDED_TEACHER_B128,32,64,2,7,62,128,12,12,10,12,2,0,1
V2E05,STANDALONE_DIRECT_SEED_B128,64,64,7,7,128,128,12,12,10,12,0,0,1
V2E06,LEGACY_SEEDED_TEACHER_B128,64,64,7,7,128,128,12,12,12,12,22,0,1
V2E06,STANDALONE_DIRECT_SEED_B128,62,64,7,7,128,128,12,12,12,12,0,0,1
V2E07,LEGACY_SEEDED_TEACHER_B128,23,64,2,7,44,128,12,12,10,12,2,0,1
V2E07,STANDALONE_DIRECT_SEED_B128,32,64,7,7,128,128,12,12,10,12,0,0,1
V2E08,LEGACY_SEEDED_TEACHER_B128,32,64,7,7,128,128,12,12,10,12,9,0,1
V2E08,STANDALONE_DIRECT_SEED_B128,32,64,7,7,128,128,12,12,10,12,0,0,1
V2E09,LEGACY_SEEDED_TEACHER_B128,32,64,2,7,62,128,12,12,11,12,2,0,1
V2E09,STANDALONE_DIRECT_SEED_B128,64,64,7,7,128,128,12,12,11,12,0,0,1
DVE001,LEGACY_SEEDED_TEACHER_B128,31,64,2,7,60,128,12,12,10,12,2,0,1
DVE001,STANDALONE_DIRECT_SEED_B128,62,64,7,7,128,128,12,12,11,12,0,0,1
DVE002,LEGACY_SEEDED_TEACHER_B128,32,64,2,7,62,128,12,12,10,12,2,0,1
DVE002,STANDALONE_DIRECT_SEED_B128,61,64,7,7,128,128,12,12,10,12,0,0,1
DVE003,LEGACY_SEEDED_TEACHER_B128,40,64,2,7,78,128,12,12,12,12,3,0,1
DVE003,STANDALONE_DIRECT_SEED_B128,61,64,7,7,128,128,12,12,10,12,0,0,1
DVE004,LEGACY_SEEDED_TEACHER_B128,29,64,1,7,29,128,12,12,10,12,1,0,1
DVE004,STANDALONE_DIRECT_SEED_B128,62,64,7,7,128,128,12,12,10,12,0,0,1
DVE005,LEGACY_SEEDED_TEACHER_B128,28,64,6,7,128,128,12,12,12,12,7,0,1
DVE005,STANDALONE_DIRECT_SEED_B128,62,64,7,7,128,128,12,12,9,12,0,0,1
DVE006,LEGACY_SEEDED_TEACHER_B128,32,64,2,7,62,128,12,12,11,12,2,0,1
DVE006,STANDALONE_DIRECT_SEED_B128,61,64,7,7,128,128,12,12,10,12,0,0,1
DVE007,LEGACY_SEEDED_TEACHER_B128,28,64,1,7,28,128,12,12,10,12,1,0,1
DVE007,STANDALONE_DIRECT_SEED_B128,62,64,7,7,128,128,12,12,10,12,0,0,1
DVE008,LEGACY_SEEDED_TEACHER_B128,22,64,2,7,42,128,12,12,10,12,2,0,1
DVE008,STANDALONE_DIRECT_SEED_B128,31,64,7,7,128,128,12,12,11,12,0,0,1
DVE009,LEGACY_SEEDED_TEACHER_B128,41,64,3,7,121,128,12,12,10,12,3,0,1
DVE009,STANDALONE_DIRECT_SEED_B128,63,64,7,7,128,128,12,12,10,12,0,0,1
DVE010,LEGACY_SEEDED_TEACHER_B128,32,64,2,7,62,128,12,12,11,12,2,0,1
DVE010,STANDALONE_DIRECT_SEED_B128,59,64,7,7,128,128,12,12,10,12,0,0,1
DVE011,LEGACY_SEEDED_TEACHER_B128,23,64,2,7,44,128,12,12,10,12,2,0,1
DVE011,STANDALONE_DIRECT_SEED_B128,32,64,7,7,128,128,12,12,10,12,0,0,1
DVE012,LEGACY_SEEDED_TEACHER_B128,40,64,7,7,128,128,12,12,11,12,30,0,1
DVE012,STANDALONE_DIRECT_SEED_B128,63,64,7,7,128,128,12,12,10,12,0,0,1
DVE013,LEGACY_SEEDED_TEACHER_B128,45,64,2,7,86,128,12,12,10,12,4,0,1
DVE013,STANDALONE_DIRECT_SEED_B128,60,64,7,7,128,128,12,12,11,12,0,0,1
DVE014,LEGACY_SEEDED_TEACHER_B128,38,64,7,7,128,128,12,12,11,12,9,0,1
DVE014,STANDALONE_DIRECT_SEED_B128,62,64,7,7,128,128,12,12,10,12,0,0,1
DVE015,LEGACY_SEEDED_TEACHER_B128,30,64,2,7,58,128,12,12,5,12,2,0,1
DVE015,STANDALONE_DIRECT_SEED_B128,62,64,7,7,128,128,12,12,10,12,0,0,1
DVE016,LEGACY_SEEDED_TEACHER_B128,21,64,6,7,126,128,12,12,10,12,7,0,1
DVE016,STANDALONE_DIRECT_SEED_B128,32,64,7,7,128,128,12,12,10,12,0,0,1
DVE017,LEGACY_SEEDED_TEACHER_B128,30,64,2,7,58,128,12,12,6,12,2,0,1
DVE017,STANDALONE_DIRECT_SEED_B128,62,64,7,7,128,128,12,12,9,12,0,0,1
DVE018,LEGACY_SEEDED_TEACHER_B128,40,64,7,7,128,128,12,12,11,12,9,0,1
DVE018,STANDALONE_DIRECT_SEED_B128,63,64,7,7,128,128,12,12,10,12,0,0,1
DVE019,LEGACY_SEEDED_TEACHER_B128,55,64,2,7,106,128,12,12,11,12,5,0,1
DVE019,STANDALONE_DIRECT_SEED_B128,63,64,7,7,128,128,12,12,12,12,0,0,1
DVE020,LEGACY_SEEDED_TEACHER_B128,40,64,2,7,78,128,12,12,10,12,3,0,1
DVE020,STANDALONE_DIRECT_SEED_B128,61,64,7,7,128,128,12,12,11,12,0,0,1
DVE021,LEGACY_SEEDED_TEACHER_B128,30,64,2,7,58,128,12,12,10,12,2,0,1
DVE021,STANDALONE_DIRECT_SEED_B128,63,64,7,7,128,128,12,12,10,12,0,0,1
DVE022,LEGACY_SEEDED_TEACHER_B128,31,64,2,7,60,128,12,12,11,12,2,0,1
DVE022,STANDALONE_DIRECT_SEED_B128,62,64,7,7,128,128,12,12,11,12,0,0,1
DVE023,LEGACY_SEEDED_TEACHER_B128,32,64,2,7,62,128,12,12,10,12,2,0,1
DVE023,STANDALONE_DIRECT_SEED_B128,64,64,7,7,128,128,12,12,10,12,0,0,1
DVE024,LEGACY_SEEDED_TEACHER_B128,38,64,7,7,128,128,12,12,11,12,30,0,1
DVE024,STANDALONE_DIRECT_SEED_B128,62,64,7,7,128,128,12,12,10,12,0,0,1
DVE025,LEGACY_SEEDED_TEACHER_B128,21,64,6,7,126,128,12,12,10,12,7,0,1
DVE025,STANDALONE_DIRECT_SEED_B128,32,64,7,7,128,128,12,12,10,12,0,0,1
DVE026,LEGACY_SEEDED_TEACHER_B128,32,64,2,7,62,128,12,12,10,12,2,0,1
DVE026,STANDALONE_DIRECT_SEED_B128,62,64,7,7,128,128,12,12,10,12,0,0,1
DVE027,LEGACY_SEEDED_TEACHER_B128,54,64,5,7,128,128,12,12,10,12,8,0,1
DVE027,STANDALONE_DIRECT_SEED_B128,62,64,7,7,128,128,12,12,10,12,0,0,1
DVE028,LEGACY_SEEDED_TEACHER_B128,30,64,2,7,58,128,12,12,10,12,2,0,1
DVE028,STANDALONE_DIRECT_SEED_B128,61,64,7,7,128,128,12,12,10,12,0,0,1
DVE029,LEGACY_SEEDED_TEACHER_B128,38,64,7,7,128,128,12,12,11,12,30,0,1
DVE029,STANDALONE_DIRECT_SEED_B128,62,64,7,7,128,128,12,12,10,12,0,0,1
DVE030,LEGACY_SEEDED_TEACHER_B128,23,64,2,7,44,128,12,12,10,12,2,0,1
DVE030,STANDALONE_DIRECT_SEED_B128,32,64,7,7,128,128,12,12,11,12,0,0,1
DVE031,LEGACY_SEEDED_TEACHER_B128,40,64,7,7,128,128,12,12,11,12,9,0,1
DVE031,STANDALONE_DIRECT_SEED_B128,63,64,7,7,128,128,12,12,10,12,0,0,1
DVE032,LEGACY_SEEDED_TEACHER_B128,23,64,2,7,44,128,12,12,10,12,2,0,1
DVE032,STANDALONE_DIRECT_SEED_B128,32,64,7,7,128,128,12,12,10,12,0,0,1
DVE033,LEGACY_SEEDED_TEACHER_B128,32,64,2,7,62,128,12,12,10,12,2,0,1
DVE033,STANDALONE_DIRECT_SEED_B128,63,64,7,7,128,128,12,12,10,12,0,0,1
DVE034,LEGACY_SEEDED_TEACHER_B128,32,64,5,7,128,128,12,12,11,12,6,0,1
DVE034,STANDALONE_DIRECT_SEED_B128,30,64,7,7,128,128,12,12,11,12,0,0,1
DVE035,LEGACY_SEEDED_TEACHER_B128,31,64,7,7,128,128,12,12,10,12,8,0,1
DVE035,STANDALONE_DIRECT_SEED_B128,31,64,7,7,128,128,12,12,10,12,0,0,1
DVE036,LEGACY_SEEDED_TEACHER_B128,37,64,6,7,128,128,12,12,10,12,7,0,1
DVE036,STANDALONE_DIRECT_SEED_B128,63,64,7,7,128,128,12,12,9,12,0,0,1
DVE037,LEGACY_SEEDED_TEACHER_B128,41,64,2,7,80,128,12,12,11,12,3,0,1
DVE037,STANDALONE_DIRECT_SEED_B128,63,64,7,7,128,128,12,12,10,12,0,0,1
DVE038,LEGACY_SEEDED_TEACHER_B128,31,64,2,7,60,128,12,12,10,12,2,0,1
DVE038,STANDALONE_DIRECT_SEED_B128,62,64,7,7,128,128,12,12,11,12,0,0,1
DVE039,LEGACY_SEEDED_TEACHER_B128,64,64,7,7,128,128,12,12,10,12,18,0,1
DVE039,STANDALONE_DIRECT_SEED_B128,62,64,7,7,128,128,12,12,11,12,0,0,1
DVE040,LEGACY_SEEDED_TEACHER_B128,21,64,6,7,126,128,12,12,10,12,7,0,1
DVE040,STANDALONE_DIRECT_SEED_B128,32,64,7,7,128,128,12,12,10,12,0,0,1
VUE001,LEGACY_SEEDED_TEACHER_B128,32,64,7,7,128,128,12,12,10,12,12,0,1
VUE001,STANDALONE_DIRECT_SEED_B128,31,64,7,7,128,128,12,12,10,12,0,0,1
VUE002,LEGACY_SEEDED_TEACHER_B128,31,64,2,7,60,128,12,12,10,12,2,0,1
VUE002,STANDALONE_DIRECT_SEED_B128,59,64,7,7,128,128,12,12,12,12,0,0,1
VUE003,LEGACY_SEEDED_TEACHER_B128,31,64,7,7,128,128,12,12,12,12,8,0,1
VUE003,STANDALONE_DIRECT_SEED_B128,31,64,7,7,128,128,12,12,12,12,0,0,1
VUE004,LEGACY_SEEDED_TEACHER_B128,37,64,6,7,128,128,12,12,12,12,7,0,1
VUE004,STANDALONE_DIRECT_SEED_B128,63,64,7,7,128,128,12,12,9,12,0,0,1
VUE005,LEGACY_SEEDED_TEACHER_B128,40,64,7,7,128,128,12,12,11,12,9,0,1
VUE005,STANDALONE_DIRECT_SEED_B128,63,64,7,7,128,128,12,12,10,12,0,0,1
VUE006,LEGACY_SEEDED_TEACHER_B128,40,64,7,7,128,128,12,12,11,12,9,0,1
VUE006,STANDALONE_DIRECT_SEED_B128,63,64,7,7,128,128,12,12,10,12,0,0,1
VUE007,LEGACY_SEEDED_TEACHER_B128,40,64,7,7,128,128,12,12,11,12,9,0,1
VUE007,STANDALONE_DIRECT_SEED_B128,63,64,7,7,128,128,12,12,10,12,0,0,1
VUE008,LEGACY_SEEDED_TEACHER_B128,37,64,6,7,128,128,12,12,11,12,7,0,1
VUE008,STANDALONE_DIRECT_SEED_B128,63,64,7,7,128,128,12,12,9,12,0,0,1
VUE009,LEGACY_SEEDED_TEACHER_B128,32,64,2,7,62,128,12,12,10,12,2,0,1
VUE009,STANDALONE_DIRECT_SEED_B128,63,64,7,7,128,128,12,12,10,12,0,0,1
VUE010,LEGACY_SEEDED_TEACHER_B128,23,64,2,7,44,128,12,12,11,12,2,0,1
VUE010,STANDALONE_DIRECT_SEED_B128,32,64,7,7,128,128,12,12,10,12,0,0,1
VUE011,LEGACY_SEEDED_TEACHER_B128,32,64,2,7,62,128,12,12,11,12,2,0,1
VUE011,STANDALONE_DIRECT_SEED_B128,62,64,7,7,128,128,12,12,10,12,0,0,1
VUE012,LEGACY_SEEDED_TEACHER_B128,23,64,2,7,44,128,12,12,10,12,2,0,1
VUE012,STANDALONE_DIRECT_SEED_B128,32,64,7,7,128,128,12,12,10,12,0,0,1
VUE013,LEGACY_SEEDED_TEACHER_B128,32,64,7,7,128,128,12,12,10,12,8,0,1
VUE013,STANDALONE_DIRECT_SEED_B128,32,64,7,7,128,128,12,12,10,12,0,0,1
VUE014,LEGACY_SEEDED_TEACHER_B128,23,64,2,7,44,128,12,12,10,12,2,0,1
VUE014,STANDALONE_DIRECT_SEED_B128,32,64,7,7,128,128,12,12,10,12,0,0,1
VUE015,LEGACY_SEEDED_TEACHER_B128,32,64,2,7,62,128,12,12,10,12,2,0,1
VUE015,STANDALONE_DIRECT_SEED_B128,59,64,7,7,128,128,12,12,10,12,0,0,1
VUE016,LEGACY_SEEDED_TEACHER_B128,32,64,3,7,94,128,12,12,10,12,3,0,1
VUE016,STANDALONE_DIRECT_SEED_B128,32,64,7,7,128,128,12,12,10,12,0,0,1
VUE017,LEGACY_SEEDED_TEACHER_B128,31,64,2,7,60,128,12,12,12,12,2,0,1
VUE017,STANDALONE_DIRECT_SEED_B128,59,64,7,7,128,128,12,12,12,12,0,0,1
VUE018,LEGACY_SEEDED_TEACHER_B128,38,64,7,7,128,128,12,12,11,12,9,0,1
VUE018,STANDALONE_DIRECT_SEED_B128,62,64,7,7,128,128,12,12,10,12,0,0,1
VUE019,LEGACY_SEEDED_TEACHER_B128,64,64,7,7,128,128,12,12,11,12,30,0,1
VUE019,STANDALONE_DIRECT_SEED_B128,63,64,7,7,128,128,12,12,11,12,0,0,1
VUE020,LEGACY_SEEDED_TEACHER_B128,30,64,2,7,58,128,12,12,10,12,2,0,1
VUE020,STANDALONE_DIRECT_SEED_B128,63,64,7,7,128,128,12,12,10,12,0,0,1
VUE021,LEGACY_SEEDED_TEACHER_B128,64,64,7,7,128,128,12,12,11,12,21,0,1
VUE021,STANDALONE_DIRECT_SEED_B128,63,64,7,7,128,128,12,12,12,12,0,0,1
VUE022,LEGACY_SEEDED_TEACHER_B128,32,64,5,7,128,128,12,12,10,12,6,0,1
VUE022,STANDALONE_DIRECT_SEED_B128,29,64,7,7,128,128,12,12,11,12,0,0,1
VUE023,LEGACY_SEEDED_TEACHER_B128,30,64,2,7,58,128,12,12,6,12,2,0,1
VUE023,STANDALONE_DIRECT_SEED_B128,62,64,7,7,128,128,12,12,10,12,0,0,1
VUE024,LEGACY_SEEDED_TEACHER_B128,30,64,2,7,58,128,12,12,11,12,2,0,1
VUE024,STANDALONE_DIRECT_SEED_B128,62,64,7,7,128,128,12,12,11,12,0,0,1
VUE025,LEGACY_SEEDED_TEACHER_B128,64,64,7,7,128,128,12,12,10,12,20,0,1
VUE025,STANDALONE_DIRECT_SEED_B128,61,64,7,7,128,128,12,12,10,12,0,0,1
VUE026,LEGACY_SEEDED_TEACHER_B128,28,64,6,7,128,128,12,12,12,12,7,0,1
VUE026,STANDALONE_DIRECT_SEED_B128,62,64,7,7,128,128,12,12,9,12,0,0,1
VUE027,LEGACY_SEEDED_TEACHER_B128,38,64,7,7,128,128,12,12,9,12,30,0,1
VUE027,STANDALONE_DIRECT_SEED_B128,62,64,7,7,128,128,12,12,8,12,0,0,1
VUE028,LEGACY_SEEDED_TEACHER_B128,40,64,7,7,128,128,12,12,11,12,9,0,1
VUE028,STANDALONE_DIRECT_SEED_B128,64,64,7,7,128,128,12,12,10,12,0,0,1
VUE029,LEGACY_SEEDED_TEACHER_B128,37,64,6,7,128,128,12,12,11,12,7,0,1
VUE029,STANDALONE_DIRECT_SEED_B128,63,64,7,7,128,128,12,12,10,12,0,0,1
VUE030,LEGACY_SEEDED_TEACHER_B128,38,64,7,7,128,128,12,12,11,12,9,0,1
VUE030,STANDALONE_DIRECT_SEED_B128,62,64,7,7,128,128,12,12,10,12,0,0,1
VUE031,LEGACY_SEEDED_TEACHER_B128,21,64,6,7,126,128,12,12,10,12,7,0,1
VUE031,STANDALONE_DIRECT_SEED_B128,32,64,7,7,128,128,12,12,10,12,0,0,1
VUE032,LEGACY_SEEDED_TEACHER_B128,32,64,7,7,128,128,12,12,11,12,12,0,1
VUE032,STANDALONE_DIRECT_SEED_B128,31,64,7,7,128,128,12,12,11,12,0,0,1
VUE033,LEGACY_SEEDED_TEACHER_B128,31,64,2,7,60,128,12,12,10,12,2,0,1
VUE033,STANDALONE_DIRECT_SEED_B128,62,64,7,7,128,128,12,12,11,12,0,0,1
VUE034,LEGACY_SEEDED_TEACHER_B128,31,64,2,7,60,128,12,12,10,12,2,0,1
VUE034,STANDALONE_DIRECT_SEED_B128,62,64,7,7,128,128,12,12,11,12,0,0,1
VUE035,LEGACY_SEEDED_TEACHER_B128,41,64,2,7,80,128,12,12,11,12,3,0,1
VUE035,STANDALONE_DIRECT_SEED_B128,62,64,7,7,128,128,12,12,11,12,0,0,1
VUE036,LEGACY_SEEDED_TEACHER_B128,40,64,2,7,78,128,12,12,12,12,3,0,1
VUE036,STANDALONE_DIRECT_SEED_B128,61,64,7,7,128,128,12,12,10,12,0,0,1
VUE037,LEGACY_SEEDED_TEACHER_B128,64,64,7,7,128,128,12,12,12,12,17,0,1
VUE037,STANDALONE_DIRECT_SEED_B128,64,64,7,7,128,128,12,12,12,12,0,0,1
SCE001,LEGACY_SEEDED_TEACHER_B128,31,64,6,7,128,128,12,12,11,12,6,0,1
SCE001,STANDALONE_DIRECT_SEED_B128,63,64,7,7,128,128,12,12,12,12,0,0,1
SCE002,LEGACY_SEEDED_TEACHER_B128,30,64,2,7,58,128,12,12,11,12,2,0,1
SCE002,STANDALONE_DIRECT_SEED_B128,62,64,7,7,128,128,12,12,11,12,0,0,1
SCE003,LEGACY_SEEDED_TEACHER_B128,41,64,6,7,128,128,12,12,10,12,10,0,1
SCE003,STANDALONE_DIRECT_SEED_B128,62,64,7,7,128,128,12,12,12,12,0,0,1
SCE004,LEGACY_SEEDED_TEACHER_B128,32,64,3,7,92,128,12,12,10,12,4,0,1
SCE004,STANDALONE_DIRECT_SEED_B128,31,64,7,7,128,128,12,12,11,12,0,0,1
SCE005,LEGACY_SEEDED_TEACHER_B128,21,64,6,7,126,128,12,12,11,12,6,0,1
SCE005,STANDALONE_DIRECT_SEED_B128,31,64,7,7,128,128,12,12,12,12,0,0,1
SCE006,LEGACY_SEEDED_TEACHER_B128,64,64,5,7,128,128,12,12,12,12,9,0,1
SCE006,STANDALONE_DIRECT_SEED_B128,64,64,7,7,128,128,12,12,12,12,0,0,1
SCE007,LEGACY_SEEDED_TEACHER_B128,41,64,6,7,128,128,12,12,12,12,12,0,1
SCE007,STANDALONE_DIRECT_SEED_B128,62,64,7,7,128,128,12,12,12,12,0,0,1
SCE008,LEGACY_SEEDED_TEACHER_B128,23,64,2,7,44,128,12,12,10,12,2,0,1
SCE008,STANDALONE_DIRECT_SEED_B128,32,64,7,7,128,128,12,12,10,12,0,0,1
SCE009,LEGACY_SEEDED_TEACHER_B128,32,64,3,7,92,128,12,12,10,12,4,0,1
SCE009,STANDALONE_DIRECT_SEED_B128,32,64,7,7,128,128,12,12,11,12,0,0,1
SCE010,LEGACY_SEEDED_TEACHER_B128,64,64,7,7,128,128,12,12,11,12,15,0,1
SCE010,STANDALONE_DIRECT_SEED_B128,64,64,7,7,128,128,12,12,11,12,0,0,1
SCE011,LEGACY_SEEDED_TEACHER_B128,32,64,3,7,92,128,12,12,11,12,4,0,1
SCE011,STANDALONE_DIRECT_SEED_B128,32,64,7,7,128,128,12,12,11,12,0,0,1
SCE012,LEGACY_SEEDED_TEACHER_B128,64,64,7,7,128,128,12,12,11,12,15,0,1
SCE012,STANDALONE_DIRECT_SEED_B128,64,64,7,7,128,128,12,12,11,12,0,0,1
SCE013,LEGACY_SEEDED_TEACHER_B128,43,64,6,7,128,128,12,12,10,12,12,0,1
SCE013,STANDALONE_DIRECT_SEED_B128,63,64,7,7,128,128,12,12,10,12,0,0,1
SCE014,LEGACY_SEEDED_TEACHER_B128,22,64,6,7,128,128,12,12,12,12,6,0,1
SCE014,STANDALONE_DIRECT_SEED_B128,32,64,7,7,128,128,12,12,12,12,0,0,1
SCE015,LEGACY_SEEDED_TEACHER_B128,42,64,6,7,128,128,12,12,10,12,12,0,1
SCE015,STANDALONE_DIRECT_SEED_B128,62,64,7,7,128,128,12,12,11,12,0,0,1
SCE016,LEGACY_SEEDED_TEACHER_B128,32,64,7,7,128,128,12,12,11,12,10,0,1
SCE016,STANDALONE_DIRECT_SEED_B128,31,64,7,7,128,128,12,12,11,12,0,0,1
SCE017,LEGACY_SEEDED_TEACHER_B128,32,64,6,7,128,128,12,12,12,12,6,0,1
SCE017,STANDALONE_DIRECT_SEED_B128,64,64,7,7,128,128,12,12,11,12,0,0,1
SCE018,LEGACY_SEEDED_TEACHER_B128,43,64,6,7,128,128,12,12,12,12,12,0,1
SCE018,STANDALONE_DIRECT_SEED_B128,63,64,7,7,128,128,12,12,12,12,0,0,1
