event_id,phase,gate,side,d_target,d_mid,entry_scale,exit_scale,index,s_m,d_m,x_m,y_m,psi_rad,kappa_radpm,vx_mps,ax_mps2
V2E02,DIAGNOSIS,STRICT,LEFT,0.15000000000000002,0.1603125,1.310934367577036,6.6307072494084043,0,14.546371178003771,0.057461968260051198,0.83255972311700632,0.27328939570588462,0.26788198571618177,0.082608573198685448,1.1516807020950872,3.4234787824162707
V2E02,DIAGNOSIS,STRICT,LEFT,0.15000000000000002,0.1603125,1.310934367577036,6.6307072494084043,1,14.797220405260116,0.16030039516225519,1.0922738373593752,0.3510689285286499,0.094736435288986037,-0.53216622695321747,1.7839990810746491,3.6965825482999377
V2E02,DIAGNOSIS,STRICT,LEFT,0.15000000000000002,0.1603125,1.310934367577036,6.6307072494084043,2,15.048069632516462,0.14951144702277067,1.3408608945952794,0.31576721197186775,-0.15551972195919619,-0.3826006271518797,2.2447576713249364,3.6999884155038023
V2E02,DIAGNOSIS,STRICT,LEFT,0.15000000000000002,0.1603125,1.310934367577036,6.6307072494084043,3,15.29891885977281,0.14888372625271915,1.5904429986335413,0.29057788501964654,-0.096784798094512861,0.048889652941692452,2.6258753368484808,3.6999959187951879
V2E02,DIAGNOSIS,STRICT,LEFT,0.15000000000000002,0.1603125,1.310934367577036,6.6307072494084043,4,15.549768087029154,0.14851114460610759,1.8400500873867074,0.26564247091926785,-0.099080390681325889,0.003811395809991425,2.9582943677676954,3.6999994810191925
V2E02,DIAGNOSIS,STRICT,LEFT,0.15000000000000002,0.1603125,1.310934367577036,6.6307072494084043,5,15.800617314285502,0.14837828205261608,2.0896806508352466,0.24094562375348727,-0.098154960178152728,0.0035727273167022178,3.2569602159165285,3.6999997520291479
V2E02,DIAGNOSIS,STRICT,LEFT,0.15000000000000002,0.1603125,1.310934367577036,6.6307072494084043,6,16.051466541541846,0.14847012106950822,2.3393332183755096,0.21647239817807806,-0.097288599698633044,0.0033403775829224159,3.5304495648231522,3.6999973200106107
V2E02,DIAGNOSIS,STRICT,LEFT,0.15000000000000002,0.1603125,1.310934367577036,6.6307072494084043,7,16.302315768798191,0.14877204231692812,2.5890063583962539,0.19220824511791268,-0.096479731726070994,0.0031142810036808915,3.7842249419738443,3.6999927152223431
V2E02,DIAGNOSIS,STRICT,LEFT,0.15000000000000002,0.1603125,1.310934367577036,6.6307072494084043,8,16.553164996054537,0.14926982031319752,2.8386986778551284,0.16813900746304641,-0.095726795521884553,0.0028943713496017392,4.0220197280910872,3.6949218947301694
V2E02,DIAGNOSIS,STRICT,LEFT,0.15000000000000002,0.1603125,1.310934367577036,6.6307072494084043,9,16.804014223310883,0.14994961911011281,3.0884088218551788,0.14425091576479973,-0.095028247222072051,0.0026805818528723904,4.2462202138176819,3.6433485148684066
V2E02,DIAGNOSIS,STRICT,LEFT,0.15000000000000002,0.1603125,1.310934367577036,6.6307072494084043,10,17.054863450567229,0.15079798796824209,3.3381354732213455,0.12053058393184139,-0.094382559920070511,0.0024728452845647862,4.456260638333462,3.5950312659754342
V2E02,DIAGNOSIS,STRICT,LEFT,0.15000000000000002,0.1603125,1.310934367577036,6.6307072494084043,11,17.305712677823575,0.15180185703222218,3.5878773520769651,0.096965004926271192,-0.093788223737409665,0.0022710940240158409,4.6542340883675513,3.5494890754280375
V2E02,DIAGNOSIS,STRICT,LEFT,0.15000000000000002,0.1603125,1.310934367577036,6.6307072494084043,12,17.556561905079921,0.15294853300605574,3.8376332154202699,0.07354154645970272,-0.093243745883414525,0.0020752601208437263,4.8417648371109561,3.5063486422029162
V2E02,DIAGNOSIS,STRICT,LEFT,0.15000000000000002,0.1603125,1.310934367577036,6.6307072494084043,13,17.807411132336266,0.15422569482840823,4.0874018567008861,0.050247946689345568,-0.092747650705178097,0.0018852753501212678,5.020143347801679,0.26389742610062811
V2E02,DIAGNOSIS,STRICT,LEFT,0.15000000000000002,0.1603125,1.310934367577036,6.6307072494084043,14,18.058260359592612,0.15562138934790495,4.3371821053963329,0.027072309914089737,-0.092298479728843169,0.0017010712613340021,5.0333128466820733,-1.999964118440501
V2E02,DIAGNOSIS,STRICT,LEFT,0.15000000000000002,0.1603125,1.310934367577036,6.6307072494084043,15,18.309109586848958,0.15712402699842828,4.5869728265885241,0.0040031022705868946,-0.091894791693260508,0.0015225792215069478,4.9326302621977876,-1.9999594019409825
V2E02,DIAGNOSIS,STRICT,LEFT,0.15000000000000002,0.1603125,1.310934367577036,6.6307072494084043,16,18.559958814105304,0.15872237747441445,4.8367729205402714,-0.018970852570666386,-0.091536393413003264,0.0013665701585915038,4.8298493138527654,-1.9999549779757684
V2E02,DIAGNOSIS,STRICT,LEFT,0.15000000000000002,0.1603125,1.310934367577036,6.6307072494084043,17,18.81080804136165,0.16040556540615081,5.0865813222717771,-0.041860377709245666,-0.092009150670082807,0.012272850131388275,4.724833064299589,-2.0061867227391197
V2E02,DIAGNOSIS,STRICT,LEFT,0.15000000000000002,0.1603125,1.310934367577036,6.6307072494084043,18,19.061657268617999,0.16216306603507272,5.335620828180538,-0.064601456535751611,-0.086798384019845756,0.027229860424748668,4.617429000696518,-2.0121289313026409
V2E02,DIAGNOSIS,STRICT,LEFT,0.15000000000000002,0.1603125,1.310934367577036,6.6307072494084043,19,19.312472444487227,0.1639844497087537,5.5841035133871628,-0.084812416336840779,-0.07081309839620388,-0.038141261581183611,4.507481544387768,-1.967113763842214
V2E02,DIAGNOSIS,STRICT,LEFT,0.15000000000000002,0.1603125,1.310934367577036,6.6307072494084043,20,19.563185348303023,0.16585934307956945,5.8383404392876326,-0.10324610264949038,-0.10131511575557865,-0.084729938928088944,4.3948308565555916,-1.9648276126600956
V2E02,DIAGNOSIS,STRICT,LEFT,0.15000000000000002,0.1603125,1.310934367577036,6.6307072494084043,21,19.814031682528206,0.16778002483634258,6.091488807465482,-0.13660404305641649,-0.1384583786600736,0.018440584227123639,4.2791532948507962,-2.0446792896148849
V2E02,DIAGNOSIS,STRICT,LEFT,0.15000000000000002,0.1603125,1.310934367577036,6.6307072494084043,22,20.064815395087713,0.16973585318327072,6.334850259224039,-0.16741177333802279,-0.1026612997392813,0.21768197159029329,4.1602906233332302,-2.1036724204818995
V2E02,DIAGNOSIS,STRICT,LEFT,0.15000000000000002,0.1603125,1.310934367577036,6.6307072494084043,23,20.31551294216365,0.17171778766392709,6.572672342934931,-0.18315751866022192,-0.02716178948732411,0.35659363045091275,4.0379732394223034,-2.1412211030028021
V2E02,DIAGNOSIS,STRICT,LEFT,0.15000000000000002,0.1603125,1.310934367577036,6.6307072494084043,24,20.566117604973336,0.17371725433708485,6.8067052324062276,-0.17864450475911375,0.069764577947493481,0.4479242579489785,3.9118805236167313,-2.1713354886839995
V2E02,DIAGNOSIS,STRICT,LEFT,0.15000000000000002,0.1603125,1.310934367577036,6.6307072494084043,25,20.81660908725603,0.17572590614644168,7.0356091400750174,-0.14970727447458268,0.18516101551625613,0.49864280733103206,3.7816455812147622,-0.33846635086156129
V2E02,DIAGNOSIS,STRICT,LEFT,0.15000000000000002,0.1603125,1.310934367577036,6.6307072494084043,26,21.067109982392363,0.177736875202371,7.258232857853721,-0.093739903883999831,0.305510231059263,0.50499433872331501,3.7610440992357965,1.2740870624000289
V2E02,DIAGNOSIS,STRICT,LEFT,0.15000000000000002,0.1603125,1.310934367577036,6.6307072494084043,27,21.317621333261748,0.17974263583132846,7.4732016875067089,-0.01196428688981363,0.42077191010859882,0.48176268874514289,3.8381670613087495,1.6448726108486704
V2E02,DIAGNOSIS,STRICT,LEFT,0.15000000000000002,0.1603125,1.310934367577036,6.6307072494084043,28,21.568176109172274,0.18173621906760962,7.6784621877234107,0.093868879632189817,0.52930743264306312,0.45435080682313772,3.9358931387073763,1.1893736435135613
V2E02,DIAGNOSIS,STRICT,LEFT,0.15000000000000002,0.1603125,1.310934367577036,6.6307072494084043,29,21.818757377290499,0.18371055282656198,7.8723344909529027,0.22105647218639063,0.63094442380913285,0.43633247938091246,4.005347943214737,-0.37801897730199535
V2E02,DIAGNOSIS,STRICT,LEFT,0.15000000000000002,0.1603125,1.310934367577036,6.6307072494084043,30,22.069344613654412,0.18565883564100688,8.0526501603434308,0.36707049983987183,0.73041222780951387,0.44178429447138046,3.9833899273498381,-1.5122683504770333
V2E02,DIAGNOSIS,STRICT,LEFT,0.15000000000000002,0.1603125,1.310934367577036,6.6307072494084043,31,22.31989679798706,0.18757441158754237,8.2166844836574349,0.52979054022703631,0.83438826729898563,0.46564634770830765,3.8946848102348048,-1.0697715741641423
V2E02,DIAGNOSIS,STRICT,LEFT,0.15000000000000002,0.1603125,1.310934367577036,6.6307072494084043,32,22.570387761739322,0.18945104990048647,8.3612587380645369,0.70808261665561789,0.94633741345906075,0.48382575751910234,3.831116494389359,0.32010822043515408
V2E02,DIAGNOSIS,STRICT,LEFT,0.15000000000000002,0.1603125,1.310934367577036,6.6307072494084043,33,22.820882212972169,0.19128348486936167,8.4842943703581888,0.90126810354045994,1.0600325624514515,0.47826730071991913,3.8502061604515658,1.2290535741099033
V2E02,DIAGNOSIS,STRICT,LEFT,0.15000000000000002,0.1603125,1.310934367577036,6.6307072494084043,34,23.07140517347375,0.19306640643013634,8.5854221462931228,1.1075272632866358,1.1682022971481925,0.45788562191714777,3.9228503968721977,0.77865958747000374
V2E02,DIAGNOSIS,STRICT,LEFT,0.15000000000000002,0.1603125,1.310934367577036,6.6307072494084043,35,23.321966497353319,0.1947946538595092,8.6646376846160074,1.3239732430751794,1.2708360989364957,0.44571586575318578,3.9683366880101412,-0.20498741069698759
V2E02,DIAGNOSIS,STRICT,LEFT,0.15000000000000002,0.1603125,1.310934367577036,6.6307072494084043,36,23.572507086240048,0.1964628742052715,8.7214982922884605,1.5472794129719352,1.3728952894428419,0.44886281664990363,3.9564156592993021,-0.95843291094074112
V2E02,DIAGNOSIS,STRICT,LEFT,0.15000000000000002,0.1603125,1.310934367577036,6.6307072494084043,37,23.823046637283529,0.19806653423029974,8.754881248177421,1.7746613113670349,1.4774455019282364,0.46407256266640234,3.9003451060029635,-1.2601507877158173
V2E02,DIAGNOSIS,STRICT,LEFT,0.15000000000000002,0.1603125,1.310934367577036,6.6307072494084043,38,24.073539933266733,0.19960095511073384,8.7639684355375707,2.0033056184699713,1.5859814252661297,0.4854186433546227,3.8257005114306284,-1.7270818779538439
V2E02,DIAGNOSIS,STRICT,LEFT,0.15000000000000002,0.1603125,1.310934367577036,6.6307072494084043,39,24.324016367525605,0.20106219491582963,8.7476649532656445,2.2303387756623865,1.6994199794842637,0.51748816433061207,3.7215259350450354,-1.9449259743481033
V2E02,DIAGNOSIS,STRICT,LEFT,0.15000000000000002,0.1603125,1.310934367577036,6.6307072494084043,40,24.574426107607078,0.20244610789350248,8.7054769520916544,2.4521993395068447,1.8206875635932664,0.55808340668346834,3.6015672075319181,-1.3500873761814074
V2E02,DIAGNOSIS,STRICT,LEFT,0.15000000000000002,0.1603125,1.310934367577036,6.6307072494084043,41,24.824745833459506,0.20374899864270277,8.6362334246340318,2.6648954837418222,1.9525927765737956,0.58945513391838733,3.5167174701281687,-0.26295141730395549
V2E02,DIAGNOSIS,STRICT,LEFT,0.15000000000000002,0.1603125,1.310934367577036,6.6307072494084043,42,25.07503491083617,0.20496784274311336,8.5393593967205117,2.8654210197463632,2.0883663236223398,0.59590815883365122,3.5000262092892012,-0.061696579329949375
V2E02,DIAGNOSIS,STRICT,LEFT,0.15000000000000002,0.1603125,1.310934367577036,6.6307072494084043,43,25.325363597423198,0.20609982653505426,8.4163318310245074,3.0513482712706814,2.2207294759576159,0.59744241498994777,3.4960940359613555,-0.98279224163433165
V2E02,DIAGNOSIS,STRICT,LEFT,0.15000000000000002,0.1603125,1.310934367577036,6.6307072494084043,44,25.575683556354839,0.20714180022996739,8.2703440199577418,3.2192314112020664,2.35390246776217,0.62282386563047054,3.4329828112789356,-1.7605159929873291
V2E02,DIAGNOSIS,STRICT,LEFT,0.15000000000000002,0.1603125,1.310934367577036,6.6307072494084043,45,25.825900137344934,0.20809074911166303,8.1042766466396365,3.364227417444301,2.4964415208174215,0.67300517017663308,3.3180005189206137,-1.1602938589253182
V2E02,DIAGNOSIS,STRICT,LEFT,0.15000000000000002,0.1603125,1.310934367577036,6.6307072494084043,46,26.076027894214945,0.20894438384679981,7.920735462792436,3.4816518776988175,2.6521570145569338,0.70980695451971998,3.240909680204247,0.45767121008788936
V2E02,DIAGNOSIS,STRICT,LEFT,0.15000000000000002,0.1603125,1.310934367577036,6.6307072494084043,47,26.326031801077068,0.20970048071803987,7.7217945573510383,3.5677753244741988,2.8131606458259979,0.69493772870800308,3.2713798222723907,1.9823385687615191
V2E02,DIAGNOSIS,STRICT,LEFT,0.15000000000000002,0.1603125,1.310934367577036,6.6307072494084043,48,26.576222053852508,0.21035793281314269,7.5096861735328408,3.6222452904635172,2.9621673765821321,0.63604206177963474,3.4014928365390822,2.4734238806490962
V2E02,DIAGNOSIS,STRICT,LEFT,0.15000000000000002,0.1603125,1.310934367577036,6.6307072494084043,49,26.826522993042005,0.21091456795934563,7.2890379405536878,3.6470248030752974,3.0952348082565271,0.57342315439019043,3.5592876057423171,2.2372824196979955
V2E02,DIAGNOSIS,STRICT,LEFT,0.15000000000000002,0.1603125,1.310934367577036,6.6307072494084043,50,27.076906637506852,0.21136861848350319,7.0648237601692792,3.6434513076010053,-3.0647884797596436,0.52527139677004586,3.6975554846790866,2.3503330495177606
V2E02,DIAGNOSIS,STRICT,LEFT,0.15000000000000002,0.1603125,1.310934367577036,6.6307072494084043,51,27.327343852754165,0.21171856466446137,6.8407275392145666,3.6130418581241055,-2.950389959356476,0.4816317387555909,3.8386159609103081,2.4951292202359188
V2E02,DIAGNOSIS,STRICT,LEFT,0.15000000000000002,0.1603125,1.310934367577036,6.6307072494084043,52,27.577852565498254,0.21196317189238334,6.6194133419757595,3.5577783500847882,-2.8453024993734641,0.44159198242801506,3.9841308695062931,3.268525149983879
V2E02,DIAGNOSIS,STRICT,LEFT,0.15000000000000002,0.1603125,1.310934367577036,6.6307072494084043,53,27.828409029867032,0.21210135771249639,6.403185502108018,3.4799696866335905,-2.7477706828646129,0.40286559772887781,4.1683955978349072,3.9618770399980554
V2E02,DIAGNOSIS,STRICT,LEFT,0.15000000000000002,0.1603125,1.310934367577036,6.6307072494084043,54,28.078999646703046,0.21213227218835123,6.1936266063938357,3.3814152180306905,-2.6577643619170219,0.35401790866980115,4.3829762924910209,3.8629925050203568
V2E02,DIAGNOSIS,STRICT,LEFT,0.15000000000000002,0.1603125,1.310934367577036,6.6307072494084043,55,28.329658073957521,0.21205525333306002,5.9906996735066365,3.264161479290101,-2.5802177635564409,0.28119888281737454,4.5848877057188364,3.7466559283720251
V2E02,DIAGNOSIS,STRICT,LEFT,0.15000000000000002,0.1603125,1.310934367577036,6.6307072494084043,56,28.580392771539643,0.21186979032030961,5.7927552120376697,3.1309226475581498,-2.5224175674627562,0.1828099939399796,4.7758949193667872,-1.2777604596306731
V2E02,DIAGNOSIS,STRICT,LEFT,0.15000000000000002,0.1603125,1.310934367577036,6.6307072494084043,57,28.831207411260134,0.21157554547378987,5.5965015383277423,2.9855930760191205,-2.4911308048842429,0.067381468285222165,4.7101062340482347,-2.0028230874866733
V2E02,DIAGNOSIS,STRICT,LEFT,0.15000000000000002,0.1603125,1.310934367577036,6.6307072494084043,58,29.082056047333474,0.21117244258354523,5.397657709737655,2.8332483925447356,-2.4898046086421108,-0.052634212730825691,4.6023587639086418,-1.9523413444011255
V2E02,DIAGNOSIS,STRICT,LEFT,0.15000000000000002,0.1603125,1.310934367577036,6.6307072494084043,59,29.33288260944531,0.21066068143643032,5.1914924300415066,2.6798895946906582,-2.5199436140510483,-0.16236788060971452,4.4920373933527467,-1.9099587893197314
V2E02,DIAGNOSIS,STRICT,LEFT,0.15000000000000002,0.1603125,1.310934367577036,6.6307072494084043,60,29.583630990453408,0.21004072808258381,4.9739916739015664,2.5327973828629893,-2.5776247853477581,-0.25065973966675831,4.3789732151780685,-1.8791008147319299
V2E02,DIAGNOSIS,STRICT,LEFT,0.15000000000000002,0.1603125,1.310934367577036,6.6307072494084043,61,29.834305867523298,0.2093131200051348,4.7432948808936324,2.3987718777050704,-2.6556485014865507,-0.31665551778658935,4.262945802020873,-1.8555645507318532
V2E02,DIAGNOSIS,STRICT,LEFT,0.15000000000000002,0.1603125,1.310934367577036,6.6307072494084043,62,30.084892076842774,0.20847861619097341,4.4989287314419109,2.2837298711095415,-2.7497518094704403,-0.36992638540577355,4.1437135607676217,-1.8355762266182218
V2E02,DIAGNOSIS,STRICT,LEFT,0.15000000000000002,0.1603125,1.310934367577036,6.6307072494084043,63,30.335403969251495,0.20753803869307752,4.2414873298421254,2.1930292927561363,-2.8581137153101017,-0.41804539055393769,4.0209842705554824,-1.8165613246771333
V2E02,DIAGNOSIS,STRICT,LEFT,0.15000000000000002,0.1603125,1.310934367577036,6.6307072494084043,64,30.585819980508742,0.2064924923483632,3.9726322502634428,2.1319614840463657,-2.9808191252534129,-0.46338582658414301,3.8944384009797379,-1.7990382392189377
V2E02,DIAGNOSIS,STRICT,LEFT,0.15000000000000002,0.1603125,1.310934367577036,6.6307072494084043,65,30.836138333510693,0.20534316768592129,3.6955688533017756,2.1059665012340179,-3.1173439108745251,-0.50417188402958013,3.7636919436927636,-1.2007022017531315
V2E02,DIAGNOSIS,STRICT,LEFT,0.15000000000000002,0.1603125,1.310934367577036,6.6307072494084043,66,31.086369862097172,0.204091332020301,3.4154556261218834,2.1197247123514114,3.0170246723585739,-0.53336595053612446,3.6731323167109271,-0.48792443390343143
V2E02,DIAGNOSIS,STRICT,LEFT,0.15000000000000002,0.1603125,1.310934367577036,6.6307072494084043,67,31.336530269236405,0.20273834256249507,3.1396126615421984,2.1763245580692252,2.8611838422979208,-0.54616162327896955,3.6355345976090709,0.52974335902599945
V2E02,DIAGNOSIS,STRICT,LEFT,0.15000000000000002,0.1603125,1.310934367577036,6.6307072494084043,68,31.586713860960717,0.20128518979029777,2.8759736243250931,2.2751739170757994,2.703905080146789,-0.53229564401133567,3.6763327128427998,2.02191101507825
V2E02,DIAGNOSIS,STRICT,LEFT,0.15000000000000002,0.1603125,1.310934367577036,6.6307072494084043,69,31.836922897508867,0.19973343199737817,2.6325197793285264,2.4124779048884637,2.5556054610688381,-0.48504522175807457,3.8269680280582561,3.3655099241162478
V2E02,DIAGNOSIS,STRICT,LEFT,0.15000000000000002,0.1603125,1.310934367577036,6.6307072494084043,70,32.087328791004076,0.19808360288287072,2.4135882397843691,2.5793769634826567,2.4288451523234356,-0.4045274323426804,4.0618576907179609,3.4241712242521412
V2E02,DIAGNOSIS,STRICT,LEFT,0.15000000000000002,0.1603125,1.310934367577036,6.6307072494084043,71,32.337886834232755,0.19633764652020314,2.2189606461206051,2.7660808764334783,2.3305643915067944,-0.30185548633175963,4.2831866532106915,-0.43719599132303283
V2E02,DIAGNOSIS,STRICT,LEFT,0.15000000000000002,0.1603125,1.310934367577036,6.6307072494084043,72,32.58860522687727,0.19449730033811174,2.0444290655833024,2.9633774408600693,2.2652383376609579,-0.190197759639851,4.2562143232968594,-1.9482887916972951
V2E02,DIAGNOSIS,STRICT,LEFT,0.15000000000000002,0.1603125,1.310934367577036,6.6307072494084043,73,32.83941451658427,0.19256502209515866,1.8835409084386407,3.1643845624493263,2.2304901468709328,-0.076144577785906581,4.1366802157055051,-1.9925106361539053
V2E02,DIAGNOSIS,STRICT,LEFT,0.15000000000000002,0.1603125,1.310934367577036,6.6307072494084043,74,33.090259975821539,0.19054336254575704,1.7303125921645268,3.3641805694641609,2.224620843311008,0.046199809656429981,4.0135696543177461,-2.0417231137382856
V2E02,DIAGNOSIS,STRICT,LEFT,0.15000000000000002,0.1603125,1.310934367577036,6.6307072494084043,75,33.341098715333473,0.18843495496348781,1.5788953226655111,3.5576943539500596,2.2512971220566951,0.17542250148511526,3.8865648601319562,-2.0906329419601333
V2E02,DIAGNOSIS,STRICT,LEFT,0.15000000000000002,0.1603125,1.310934367577036,6.6307072494084043,76,33.591871874411126,0.18624273391574983,1.4230319221171857,3.7400659744707418,2.308241313337692,0.32079018526475339,3.7553020884746302,-2.1463210715783831
V2E02,DIAGNOSIS,STRICT,LEFT,0.15000000000000002,0.1603125,1.310934367577036,6.6307072494084043,77,33.842556015755306,0.18396947809070507,1.2589787482717374,3.9063573888935292,2.4026312114557711,0.43323217412463672,3.6193310445889302,-2.1784807828708912
V2E02,DIAGNOSIS,STRICT,LEFT,0.15000000000000002,0.1603125,1.310934367577036,6.6307072494084043,78,34.092891349078457,0.18162033701455646,1.0801514400864445,4.0507201373413055,2.5134212782465704,0.56117068699493822,3.4782489670856798,-2.2243957977605349
V2E02,DIAGNOSIS,STRICT,LEFT,0.15000000000000002,0.1603125,1.310934367577036,6.6307072494084043,79,34.342359582510092,0.17920339521386289,0.89122190178392524,4.1716210263191691,2.6531354404691867,0.6667333980420026,3.3317177166299756,-2.2539360580487822
V2E02,DIAGNOSIS,STRICT,LEFT,0.15000000000000002,0.1603125,1.310934367577036,6.6307072494084043,80,34.59104256771289,0.17672131537243557,0.68890372022556878,4.2571719822333227,2.8200752195931482,0.74105991480865241,3.1796434544655776,0.016876246959036278
V2E02,DIAGNOSIS,STRICT,LEFT,0.15000000000000002,0.1603125,1.310934367577036,6.6307072494084043,81,34.83910036844425,0.17417587352588135,0.4761854690993429,4.3097761976532398,2.9850996037406468,0.74044923108240235,3.1808062736772178,-0.22688711654871235
V2E02,DIAGNOSIS,STRICT,LEFT,0.15000000000000002,0.1603125,1.310934367577036,6.6307072494084043,82,35.087154192280202,0.17156377787360411,0.25729796611882239,4.3251985890877878,-3.1327883915801125,0.74874855047439437,3.1651156067819683,1.6418313593515708
V2E02,DIAGNOSIS,STRICT,LEFT,0.15000000000000002,0.1603125,1.310934367577036,6.6307072494084043,83,35.335835445044381,0.16888102381121978,0.03775470638272118,4.3057373344431582,-2.9628514484162589,0.69202604263206702,3.2774517006254502,3.0687903849801401
V2E02,DIAGNOSIS,STRICT,LEFT,0.15000000000000002,0.1603125,1.310934367577036,6.6307072494084043,84,35.585175089775696,0.1661297597102015,-0.1790254692282553,4.2473275563506743,-2.8138772368849581,0.60325218616350429,3.481328223579172,4.0266680471339091
V2E02,DIAGNOSIS,STRICT,LEFT,0.15000000000000002,0.1603125,1.310934367577036,6.6307072494084043,85,35.835403450009139,0.16330994033226251,-0.39210207936607555,4.1609251218839747,-2.6890013856797728,0.45749133589485613,3.7378250448645121,3.9369085543972777
V2E02,DIAGNOSIS,STRICT,LEFT,0.15000000000000002,0.1603125,1.310934367577036,6.6307072494084043,86,36.086096246611504,0.16042901725404568,-0.59775391232918429,4.0459555691971394,-2.5932841793402841,0.29980258271937188,3.9782487052563589,3.8106647910000477
V2E02,DIAGNOSIS,STRICT,LEFT,0.15000000000000002,0.1603125,1.310934367577036,6.6307072494084043,87,36.336894055527225,0.15749414155699426,-0.80251612140412054,3.9141537520860945,-2.5506530863126287,0.13139547652545003,4.2050406117955896,3.6920563347196729
V2E02,DIAGNOSIS,STRICT,LEFT,0.15000000000000002,0.1603125,1.310934367577036,6.6307072494084043,88,36.58773403230056,0.15450926579179475,-1.0072596379748291,3.7738995410406999,-2.5342604294878037,0.01994963274358318,4.4175698612602297,3.5872212248396558
V2E02,DIAGNOSIS,STRICT,LEFT,0.15000000000000002,0.1603125,1.310934367577036,6.6307072494084043,89,36.838583197258039,0.15147807601758514,-1.214428240613544,3.6303897743399665,-2.541466964785394,-0.083604740844919909,4.6176859633734457,0.34224608987952726
V2E02,DIAGNOSIS,STRICT,LEFT,0.15000000000000002,0.1603125,1.310934367577036,6.6307072494084043,90,37.089422543453892,0.14840415075462005,-1.4279737089109505,3.4889207798674198,-2.5768506397178768,-0.19086689040351607,4.6366323370720339,-1.9275186986922919
V2E02,DIAGNOSIS,STRICT,LEFT,0.15000000000000002,0.1603125,1.310934367577036,6.6307072494084043,91,37.340223470832868,0.14529123597502977,-1.6518809191093422,3.3563077963138634,-2.64158991665649,-0.29242668126114513,4.5271575761912874,-1.9016589152688697
V2E02,DIAGNOSIS,STRICT,LEFT,0.15000000000000002,0.1603125,1.310934367577036,6.6307072494084043,92,37.590966730605011,0.14214300562054169,-1.8885849836735555,3.2400573642555099,-2.7341667982622893,-0.35911832526456566,4.4149952073108301,-1.5180790691541892
V2E02,DIAGNOSIS,STRICT,LEFT,0.15000000000000002,0.1603125,1.310934367577036,6.6307072494084043,93,37.841648333509006,0.13896297226575796,-2.1371240774650215,3.1480795500081191,-2.8386362246536163,-0.37458067761696356,4.3229113996433384,2.5085708924741117
V2E02,DIAGNOSIS,STRICT,LEFT,0.15000000000000002,0.1603125,1.310934367577036,6.6307072494084043,94,38.092352492103394,0.13575353408201588,-2.3928111245158261,3.0819755318781343,-2.9369722630930659,-0.34978034332011604,4.4735399509362859,3.4301410661725984
V2E02,DIAGNOSIS,STRICT,LEFT,0.15000000000000002,0.1603125,1.310934367577036,6.6307072494084043,95,38.343084660703674,0.13251809010266705,-2.6519731651171097,3.040267526713865,-3.0247758820334116,-0.31429850106174595,4.6704776157058312,3.4082683509442413
V2E02,DIAGNOSIS,STRICT,LEFT,0.15000000000000002,0.1603125,1.310934367577036,6.6307072494084043,96,38.593848067743835,0.12926008231076916,-2.912069614227311,3.0200429434093614,-3.1016872932675983,-0.28075866191063259,4.8571256927659876,3.3837257213142311
V2E02,DIAGNOSIS,STRICT,LEFT,0.15000000000000002,0.1603125,1.310934367577036,6.6307072494084043,97,38.84463113981834,0.12598315758492937,-3.1716791374651079,3.018752985292616,3.1125502155371305,-0.25263677783926775,5.0347379798815073,3.3615027297585929
V2E02,DIAGNOSIS,STRICT,LEFT,0.15000000000000002,0.1603125,1.310934367577036,6.6307072494084043,98,39.095427247893838,0.12269090808031966,-3.4297314539956893,3.0344297829529809,3.0505605450943505,-0.22795152751295586,5.2044857684560348,3.351111842374626
V2E02,DIAGNOSIS,STRICT,LEFT,0.15000000000000002,0.1603125,1.310934367577036,6.6307072494084043,99,39.346235233786125,0.11938685737359192,-3.6854663928366276,3.065065026267888,2.9955024725005539,-0.21205046100661545,5.367766692984099,1.6970115284403404
V2E02,DIAGNOSIS,STRICT,LEFT,0.15000000000000002,0.1603125,1.310934367577036,6.6307072494084043,100,39.597051209271939,0.11607456291516655,-3.9387590291102383,3.1090913175946562,2.9433780526937596,-0.21468598914952594,5.4484392275749576,-1.9492012389968683
V2E02,DIAGNOSIS,STRICT,LEFT,0.15000000000000002,0.1603125,1.310934367577036,6.6307072494084043,101,39.847865801889661,0.11275764813703543,-4.1895879390183026,3.1666627829889951,2.886778162316411,-0.23284403770774173,5.355579487423066,-1.9453377615092924
V2E02,DIAGNOSIS,STRICT,LEFT,0.15000000000000002,0.1603125,1.310934367577036,6.6307072494084043,102,40.0986706307866,0.1094397118671627,-4.4369579004909205,3.2394355032522015,2.8231933458509557,-0.25289919728392118,5.2610847104488778,0.86530116127802281
V2E02,DIAGNOSIS,STRICT,LEFT,0.15000000000000002,0.1603125,1.310934367577036,6.6307072494084043,103,40.34946880298407,0.10612418412604485,-4.6792226097225234,3.3284552978268338,2.7540071588386974,-0.24888283173643455,5.3033653926922675,3.3407345914699844
V2E02,DIAGNOSIS,STRICT,LEFT,0.15000000000000002,0.1603125,1.310934367577036,6.6307072494084043,104,40.600264138885002,0.10281446438878639,-4.9140453905541701,3.433656475259653,2.6911337702193325,-0.22240564211395708,5.4630486895506802,3.3351701982182407
V2E02,DIAGNOSIS,STRICT,LEFT,0.15000000000000002,0.1603125,1.310934367577036,6.6307072494084043,105,40.851082253489885,0.099513640899830502,-5.1416301336551644,3.5510595938209288,2.6385265926745665,-0.17039771233995793,5.6172109823256546,-1.0861169683760428
V2E02,DIAGNOSIS,STRICT,LEFT,0.15000000000000002,0.1603125,1.310934367577036,6.6307072494084043,106,41.101906524186056,0.09622533064893618,-5.3618291317369309,3.6785534815680418,2.5996927687950331,-0.086518269749865928,5.5677953463389533,-1.9933605572810045
V2E02,DIAGNOSIS,STRICT,LEFT,0.15000000000000002,0.1603125,1.310934367577036,6.6307072494084043,107,41.352750522366577,0.092952721283260431,-5.5764513353563627,3.8100064482523397,2.5938117649537098,-0.013060200472664348,5.476948879256736,-2.0031412963330375
V2E02,DIAGNOSIS,STRICT,LEFT,0.15000000000000002,0.1603125,1.310934367577036,6.6307072494084043,108,41.603598452157357,0.089699347090155257,-5.7910571148360264,3.9391259391730076,2.6011717286696809,0.011081426440200538,5.3845684420228608,-2.0002038077661846
V2E02,DIAGNOSIS,STRICT,LEFT,0.15000000000000002,0.1603125,1.310934367577036,6.6307072494084043,109,41.85444767941371,0.086468526608092511,-6.00612646060077,4.0681906075201946,2.6012322744759082,0.0016110707419769155,5.2905746755719347,-1.999836777201341
V2E02,DIAGNOSIS,STRICT,LEFT,0.15000000000000002,0.1603125,1.310934367577036,6.6307072494084043,110,42.105296906670056,0.083263513859533692,-6.2212488566837596,4.1972563335102446,2.6012553914198908,0.00046307101425138286,5.1948805076515185,-1.9998397166534312
V2E02,DIAGNOSIS,STRICT,LEFT,0.15000000000000002,0.1603125,1.310934367577036,6.6307072494084043,111,42.356146133926401,0.080087494995096709,-6.4363858504915381,4.326297008517332,2.6013770383107673,0.0005101292248752507,5.0973901733879776,-1.9998429423352606
V2E02,DIAGNOSIS,STRICT,LEFT,0.15000000000000002,0.1603125,1.310934367577036,6.6307072494084043,112,42.606995361182754,0.07694360084907563,-6.6515390183240388,4.4553099274717889,2.6015112437408061,0.00055890775211023746,4.9979985664990849,-1.9998464387715398
V2E02,DIAGNOSIS,STRICT,LEFT,0.15000000000000002,0.1603125,1.310934367577036,6.6307072494084043,113,42.8578445884391,0.073834902614735048,-6.8667099064533543,4.5842924368343416,2.6016561500536097,0.0006260020142237633,4.8965899115304241,-1.9998501894210852
V2E02,DIAGNOSIS,STRICT,LEFT,0.15000000000000002,0.1603125,1.310934367577036,6.6307072494084043,114,43.108693815695446,0.070764407519607803,-7.0819000289463698,4.7132419383326978,2.6045577445416299,-0.036088841289063395,4.7930361831177679,-1.9911779103768459
V2E02,DIAGNOSIS,STRICT,LEFT,0.15000000000000002,0.1603125,1.310934367577036,6.6307072494084043,115,43.359543042951792,0.067735054500791106,-7.2980508657845036,4.8427138591864569,2.5808482038000591,0.015867624081090076,4.687195210747122,-2.0070234961217577
V2E02,DIAGNOSIS,STRICT,LEFT,0.15000000000000002,0.1603125,1.310934367577036,6.6307072494084043,116,43.610379513819218,0.064749860526884251,-7.5082312882451117,4.9780044028410328,2.5912121682964218,0.16041674605448014,4.5789139607750933,-2.0353702103145928
V2E02,DIAGNOSIS,STRICT,LEFT,0.15000000000000002,0.1603125,1.310934367577036,6.6307072494084043,117,43.8611773399317,0.061811908391173315,-7.7232584918255993,5.0984026479442583,2.6705460211539607,0.26756582953001329,4.4680266064260543,-2.0320530562141115
V2E02,DIAGNOSIS,STRICT,LEFT,0.15000000000000002,0.1603125,1.310934367577036,6.6307072494084043,118,44.111966144062649,0.058923544173943646,-7.9473321204565481,5.2019280260674385,2.7370297225929106,0.25441303078550126,4.3543204451679172,-2.0266580291645275
V2E02,DIAGNOSIS,STRICT,LEFT,0.15000000000000002,0.1603125,1.310934367577036,6.6307072494084043,119,44.362789309216836,0.05608689708207254,-8.1773038089804455,5.2934764346391461,2.7917413136615465,0.25884415776652159,4.2375480974958357,-2.030550299533235
V2E02,DIAGNOSIS,STRICT,LEFT,0.15000000000000002,0.1603125,1.310934367577036,6.6307072494084043,120,44.613601062870629,0.053305023472225932,-8.4120345424600256,5.3704787656809172,2.8606655869212019,0.31505874089388097,4.1174709305562081,-2.0359457440120319
V2E02,DIAGNOSIS,STRICT,LEFT,0.15000000000000002,0.1603125,1.310934367577036,6.6307072494084043,121,44.8643938165634,0.050580434623091725,-8.6513666608960467,5.4289234914745013,2.9466302876102959,0.38158250117844766,3.9937946678822036,-2.0407724396738733
V2E02,DIAGNOSIS,STRICT,LEFT,0.15000000000000002,0.1603125,1.310934367577036,6.6307072494084043,122,45.115165196160966,0.047915480562707266,-8.8945487760690458,5.4644346794049756,3.0493848392005942,0.44585669634609343,3.8661751552165944,-2.044401485965861
V2E02,DIAGNOSIS,STRICT,LEFT,0.15000000000000002,0.1603125,1.310934367577036,6.6307072494084043,123,45.365919404946403,0.045312337675718017,-9.1397111900803019,5.4728902277091018,-3.1159001009541405,0.50415931794612945,3.7342058721597433,-2.0468813579841094
V2E02,DIAGNOSIS,STRICT,LEFT,0.15000000000000002,0.1603125,1.310934367577036,6.6307072494084043,124,45.616665648372113,0.042773028512756939,-9.3837164872827774,5.4507998692952091,-2.9846762348098421,0.55956924084602189,3.5974030246789797,-1.6211976577543703
V2E02,DIAGNOSIS,STRICT,LEFT,0.15000000000000002,0.1603125,1.310934367577036,6.6307072494084043,125,45.867414994017459,0.040299455107534882,-9.6221506828271757,5.3954785807221635,-2.8388380330851017,0.60166159956178111,3.4853513917984831,-0.99077966602247913
V2E02,DIAGNOSIS,STRICT,LEFT,0.15000000000000002,0.1603125,1.310934367577036,6.6307072494084043,126,46.118180694834003,0.037893394904549432,-9.8494786051741112,5.3046302970771073,-2.6852174332108869,0.63030438341989192,3.415050654744241,-0.079703019497330635
V2E02,DIAGNOSIS,STRICT,LEFT,0.15000000000000002,0.1603125,1.310934367577036,6.6307072494084043,127,0,0.035556626781673317,-10.060355839023462,5.1798600373012498,-2.5256778219064806,0.63271782307476532,3.4093273013980174,0.24696789811952494
V2E02,DIAGNOSIS,STRICT,LEFT,0.15000000000000002,0.1603125,1.310934367577036,6.6307072494084043,128,0.25080923085033013,0.033290755831812763,-10.248565581038246,5.0223135298177422,-2.3690551956753616,0.62528066429123808,3.4270610271819932,-0.20531177302373377
V2E02,DIAGNOSIS,STRICT,LEFT,0.15000000000000002,0.1603125,1.310934367577036,6.6307072494084043,129,0.50157617424393863,0.031097915430804507,-10.411387880521724,4.8380757934955243,-2.2181383870935378,0.63146309147093804,3.4122990947262091,-1.033547488554134
V2E02,DIAGNOSIS,STRICT,LEFT,0.15000000000000002,0.1603125,1.310934367577036,6.6307072494084043,130,0.75228109006650212,0.028979627032909822,-10.543753369922655,4.630829533794004,-2.0577851083159784,0.66434661341510981,3.336984593547923,-0.51309630041185206
V2E02,DIAGNOSIS,STRICT,LEFT,0.15000000000000002,0.1603125,1.310934367577036,6.6307072494084043,131,1.0029050056371109,0.026937243495929367,-10.640095491473708,4.4045893224675003,-1.8863727731392144,0.68184682027557897,3.2989583498544182,0.60660340374364452
V2E02,DIAGNOSIS,STRICT,LEFT,0.15000000000000002,0.1603125,1.310934367577036,6.6307072494084043,132,1.2534855866645962,0.02497151566325409,-10.69583011797339,4.1648077952713969,-1.7140189396672192,0.66122258278240842,3.3439177469483572,1.8149768268978508
V2E02,DIAGNOSIS,STRICT,LEFT,0.15000000000000002,0.1603125,1.310934367577036,6.6307072494084043,133,1.5040652480150138,0.023083058541136209,-10.711006732048293,3.9185160507633539,-1.5535487630776923,0.60565777109888308,3.4752711054681686,2.921804595022353
V2E02,DIAGNOSIS,STRICT,LEFT,0.15000000000000002,0.1603125,1.310934367577036,6.6307072494084043,134,1.7546767414788009,0.021272457881246709,-10.688597989569962,3.6720808863150745,-1.4101630103962655,0.53192798778234895,3.6774340842521496,3.737289766178983
V2E02,DIAGNOSIS,STRICT,LEFT,0.15000000000000002,0.1603125,1.310934367577036,6.6307072494084043,135,2.0053437087494386,0.019540248169993585,-10.633446037948707,3.4301210488558822,-1.2875516294528664,0.45502998380391341,3.921537581334924,3.7288933896092238
V2E02,DIAGNOSIS,STRICT,LEFT,0.15000000000000002,0.1603125,1.310934367577036,6.6307072494084043,136,2.2560525108697136,0.017887075740329245,-10.551356506640822,3.1952893609322182,-1.184246457440661,0.38979929473975045,4.151349435727159,3.6878243701430713
V2E02,DIAGNOSIS,STRICT,LEFT,0.15000000000000002,0.1603125,1.310934367577036,6.6307072494084043,137,2.5067912534625374,0.016313396468144892,-10.446948637809992,2.9690162303307099,-1.0948331264892937,0.34664334146196074,4.3671171515983138,3.634061906276095
V2E02,DIAGNOSIS,STRICT,LEFT,0.15000000000000002,0.1603125,1.310934367577036,6.6307072494084043,138,2.7575368652834626,0.014819548739654492,-10.323635159247804,2.7521552722406772,-1.0126821362956842,0.31829367560372462,4.5699983978615109,3.5843248407709876
V2E02,DIAGNOSIS,STRICT,LEFT,0.15000000000000002,0.1603125,1.310934367577036,6.6307072494084043,139,3.0082994813816679,0.013405487880657874,-10.183199470527088,2.5457099513507302,-0.93602933241246511,0.30007703099299665,4.7618041688471928,3.1281176841855314
V2E02,DIAGNOSIS,STRICT,LEFT,0.15000000000000002,0.1603125,1.310934367577036,6.6307072494084043,140,3.259063232484134,0.012071140235413585,-10.027880730525485,2.350013211384502,-0.86356186960309422,0.28880448721812646,4.9231951568273162,0.84038000478772035
V2E02,DIAGNOSIS,STRICT,LEFT,0.15000000000000002,0.1603125,1.310934367577036,6.6307072494084043,141,3.5098287097924676,0.01081615176455436,-9.8587509246032692,2.1659731272945435,-0.7918374325315477,0.28388400243882439,4.9656780677748653,1.6220483175737443
V2E02,DIAGNOSIS,STRICT,LEFT,0.15000000000000002,0.1603125,1.310934367577036,6.6307072494084043,142,3.760593641471897,0.0096399973781711723,-9.676900910939251,1.9943475665688064,-0.72102549430482987,0.27484237972408471,5.0466962923266907,2.5092385894241955
V2E02,DIAGNOSIS,STRICT,LEFT,0.15000000000000002,0.1603125,1.310934367577036,6.6307072494084043,143,4.0113691765767321,0.0085419033693460433,-9.4834159279574219,1.8357707412827406,-0.6534074796750009,0.26193099385636148,5.1695837390978294,2.2961173198712244
V2E02,DIAGNOSIS,STRICT,LEFT,0.15000000000000002,0.1603125,1.310934367577036,6.6307072494084043,144,4.2621508747463999,0.0075209773672365865,-9.2799423460922981,1.6900460680256686,-0.59009797003707132,0.25113086091843834,5.2795751647660021,0.84662951022249244
V2E02,DIAGNOSIS,STRICT,LEFT,0.15000000000000002,0.1603125,1.310934367577036,6.6307072494084043,145,4.5129327996017308,0.0065761290465819189,-9.0677293369029162,1.5572309084877287,-0.52825679111216994,0.24736889353381836,5.3195693707981979,0.042810419415419278
V2E02,DIAGNOSIS,STRICT,LEFT,0.15000000000000002,0.1603125,1.310934367577036,6.6307072494084043,146,4.7637137452159521,0.0057060430804505013,-8.8476608097988247,1.4377654811822567,-0.46635469180205996,0.24718161677167461,5.3215841709153571,0.38111809358634691
V2E02,DIAGNOSIS,STRICT,LEFT,0.15000000000000002,0.1603125,1.310934367577036,6.6307072494084043,147,5.0144926302368322,0.0049091959578698441,-8.6205677202891469,1.3321476631462006,-0.40414547885432267,0.24552649020068731,5.3394907955302839,1.0937437855641916
V2E02,DIAGNOSIS,STRICT,LEFT,0.15000000000000002,0.1603125,1.310934367577036,6.6307072494084043,148,5.2652749121658733,0.0041838342724328237,-8.3873077434243299,1.240807836827666,-0.34275051885543195,0.24089635147073937,5.3905603037185292,-1.3580388376854944
V2E02,DIAGNOSIS,STRICT,LEFT,0.15000000000000002,0.1603125,1.310934367577036,6.6307072494084043,149,5.5160581613696902,0.0035280151960074835,-8.1489119402229981,1.1637022536751798,-0.28333092822282174,0.23705005813180377,5.3270642409591904,-2.0015139847278967
V2E02,DIAGNOSIS,STRICT,LEFT,0.15000000000000002,0.1603125,1.310934367577036,6.6307072494084043,150,5.7668516389960693,0.0029395479001596003,-7.9063479042161546,1.1007344903402843,-0.22568287579468077,0.25571299809458631,5.2320588219935562,2.1628039632851119
V2E02,DIAGNOSIS,STRICT,LEFT,0.15000000000000002,0.1603125,1.310934367577036,6.6307072494084043,151,6.0175776913234271,0.0024161976828858955,-7.6605221872118534,1.0523232038604644,-0.15465958078050723,0.24597472219236152,5.3346235841969909,3.4249569672222675
V2E02,DIAGNOSIS,STRICT,LEFT,0.15000000000000002,0.1603125,1.310934367577036,6.6307072494084043,152,6.2683627869023724,0.0019550749548325197,-7.411608281474833,1.0228480473745523,-0.088808813468454068,0.13174906457796134,5.4931921628754079,3.4012501320788413
V2E02,DIAGNOSIS,STRICT,LEFT,0.15000000000000002,0.1603125,1.310934367577036,6.6307072494084043,153,6.5191959058006974,0.0015533839688565698,-7.1615275954946451,1.0037191359802775,-0.084461932027094316,0.0080539671299746044,5.6463531136008234,3.3792631599228304
V2E02,DIAGNOSIS,STRICT,LEFT,0.15000000000000002,0.1603125,1.310934367577036,6.6307072494084043,154,6.7700451330570441,0.0012081048925921545,-6.9118997820591037,0.97880922331382558,-0.10129640025729279,-0.025739116554736045,5.7945490515212601,3.3587608544961953
V2E02,DIAGNOSIS,STRICT,LEFT,0.15000000000000002,0.1603125,1.310934367577036,6.6307072494084043,155,7.02089436031339,0.00091593001035231159,-6.662284819405385,0.95395382951991248,-0.099146649612875087,0.00078527766760752484,5.9381718553170373,3.3386543782513312
V2E02,DIAGNOSIS,STRICT,LEFT,0.15000000000000002,0.1603125,1.310934367577036,6.6307072494084043,156,7.2717435875697358,0.0006732783901640671,-6.4126650071442564,0.92914772096508969,-0.098956651480561833,0.00072498275633928492,6.0775721722292406,3.3044001645978791
V2E02,DIAGNOSIS,STRICT,LEFT,0.15000000000000002,0.1603125,1.310934367577036,6.6307072494084043,157,7.5225928148260817,0.00047631923508206775,-6.1630407204097555,0.90438708526431777,-0.098782472470780883,0.00066004548660625426,6.2124629958929107,1.3283856461632573
V2E02,DIAGNOSIS,STRICT,LEFT,0.15000000000000002,0.1603125,1.310934367577036,6.6307072494084043,158,7.7734420420824275,0.00032096755848506908,-5.9134123592276593,0.87966785706458928,-0.09862509044788996,0.00059099982148175809,6.2658714979497718,-1.9999997783928787
V2E02,DIAGNOSIS,STRICT,LEFT,0.15000000000000002,0.1603125,1.310934367577036,6.6307072494084043,159,8.0242912693387733,0.0002028798593680381,-5.6637803489389853,0.85498571374100751,-0.098485544606426709,0.00051777706554694859,6.1852848535693115,-1.9999998840165951
V2E02,DIAGNOSIS,STRICT,LEFT,0.15000000000000002,0.1603125,1.310934367577036,6.6307072494084043,160,8.275140496595121,0.00011744979765054842,-5.4141451406234884,0.83033607109287977,-0.098364891376108807,0.00044030851897949711,6.1036343116841909,-1.9999999471905388
V2E02,DIAGNOSIS,STRICT,LEFT,0.15000000000000002,0.1603125,1.310934367577036,6.6307072494084043,161,8.5259897238514668,5.9803869460445247e-05,-5.1645072115231683,0.80571407903978731,-0.098264204422677914,0.00035852547685651174,6.0208765891473943,-1.9999999805249473
V2E02,DIAGNOSIS,STRICT,LEFT,0.15000000000000002,0.1603125,1.310934367577036,6.6307072494084043,162,8.7768389511078126,2.4797082436994744e-05,-4.9148670654657618,0.78111461731767429,-0.098184574648751119,0.00027235922890363326,5.9369653858446716,-1.9999999949713625
V2E02,DIAGNOSIS,STRICT,LEFT,0.15000000000000002,0.1603125,1.310934367577036,6.6307072494084043,163,9.0276881783641585,7.0086310323957957e-06,-4.6652252332882469,0.75653229117493459,-0.098127110693526323,0.00018174787613242169,5.8518510818109846,-1.9999999993750277
V2E02,DIAGNOSIS,STRICT,LEFT,0.15000000000000002,0.1603125,1.310934367577036,6.6307072494084043,164,9.2785374056205043,7.3757180246714071e-07,-4.4155822732603403,0.73196142706848877,-0.098093425037360529,9.3331452097374516e-05,5.7654803940926733,-1.9999999999913545
V2E02,DIAGNOSIS,STRICT,LEFT,0.15000000000000002,0.1603125,1.310934367577036,6.6307072494084043,165,9.5293866328768519,0,-4.1659387713609863,0.70739606985394721,-0.098082668236413123,3.0148407051028094e-05,5.67779598661678,-2.0000000000000053
V2E02,DIAGNOSIS,STRICT,LEFT,0.15000000000000002,0.1603125,1.310934367577036,6.6307072494084043,166,9.780235860133196,0,-3.9162951972342928,0.6828314466662273,-0.098082791313267054,3.3489659045799135e-06,5.5887360249537856,-2.0000000000000018
V2E02,DIAGNOSIS,STRICT,LEFT,0.15000000000000002,0.1603125,1.310934367577036,6.6307072494084043,167,10.031085087389542,0,-3.666651623107597,0.65826682347850729,-0.098083036338208238,1.0240868892255703e-15,5.498233666150508,-1.9999999999999947
V2E02,DIAGNOSIS,STRICT,LEFT,0.15000000000000002,0.1603125,1.310934367577036,6.6307072494084043,168,10.281934314645889,0,-3.4170080489808994,0.63370220029078717,-0.098083036338208224,-1.5796612610839535e-15,5.4062164716708736,-2.0000000000000053
V2E02,DIAGNOSIS,STRICT,LEFT,0.15000000000000002,0.1603125,1.310934367577036,6.6307072494084043,169,10.532783541902235,0,-3.1673644748542031,0.60913757710306704,-0.098083036338208154,-3.6278350395349975e-16,5.3126057287869655,-1.9999999999999876
V2E02,DIAGNOSIS,STRICT,LEFT,0.15000000000000002,0.1603125,1.310934367577036,6.6307072494084043,170,10.783632769158581,0,-2.9177209007275065,0.58457295391534692,-0.098083036338208127,-7.8983063054196553e-16,5.2173156623415746,-2.0000000000000053
V2E02,DIAGNOSIS,STRICT,LEFT,0.15000000000000002,0.1603125,1.310934367577036,6.6307072494084043,171,11.034481996414927,0,-2.6680773266008102,0.56000833072762679,-0.098083036338205962,-1.1526141344954774e-15,5.1202525144263458,-1.9999999999999982
V2E02,DIAGNOSIS,STRICT,LEFT,0.15000000000000002,0.1603125,1.310934367577036,6.6307072494084043,172,11.285331223671273,0,-2.418433752474114,0.53544370753990678,-0.098083036338207558,4.2704712658846632e-16,5.0213134638721701,-2.0000000000000089
V2E02,DIAGNOSIS,STRICT,LEFT,0.15000000000000002,0.1603125,1.310934367577036,6.6307072494084043,173,11.536180450927619,0,-2.1687901783474182,0.51087908435218676,-0.098083036338206239,-7.8983063054196997e-16,4.9203853500959198,-1.9999999999999911
V2E02,DIAGNOSIS,STRICT,LEFT,0.15000000000000002,0.1603125,1.310934367577036,6.6307072494084043,174,11.787029678183965,0,-1.9191466042207219,0.48631446116446669,-0.098083036338206531,2.4651903288156641e-32,4.81734315618196,-2.0000000000000018
V2E02,DIAGNOSIS,STRICT,LEFT,0.15000000000000002,0.1603125,1.310934367577036,6.6307072494084043,175,12.03787890544031,0,-1.6695030300940261,0.46174983797674674,-0.098083036338207391,-1.2811413797653988e-15,4.7120481932369689,-2.0000000000000053
V2E02,DIAGNOSIS,STRICT,LEFT,0.15000000000000002,0.1603125,1.310934367577036,6.6307072494084043,176,12.288728132696656,0,-1.4198594559673299,0.43718521478902661,-0.098083036338207807,-1.2490095684479304e-15,4.6043459108067015,-2.0000000000000018
V2E02,DIAGNOSIS,STRICT,LEFT,0.15000000000000002,0.1603125,1.310934367577036,6.6307072494084043,177,12.539577359953004,0,-1.1702158818406323,0.41262059160130643,-0.098083036338206683,3.3521133900727651e-15,4.4940632346838427,-2.0000000000000107
V2E02,DIAGNOSIS,STRICT,LEFT,0.15000000000000002,0.1603125,1.310934367577036,6.6307072494084043,178,12.79042658720935,0,-0.92057230771393672,0.38805596841358636,-0.098083036338206891,2.0388401989898768e-15,4.3810053011051719,-1.9999999999999991
V2E02,DIAGNOSIS,STRICT,LEFT,0.15000000000000002,0.1603125,1.310934367577036,6.6307072494084043,179,13.041275814465694,0,-0.67092873358724237,0.36349134522586657,-0.098083036338206753,-1.1479473447648494e-15,4.264951411128413,-2.0000000000000053
V2E02,DIAGNOSIS,STRICT,LEFT,0.15000000000000002,0.1603125,1.310934367577036,6.6307072494084043,180,13.292125041722041,0,-0.42128515946054435,0.33892672203814633,-0.098083036338207349,-8.9089285422503946e-16,4.1456499647535185,-1.9999999999999969
V2E02,DIAGNOSIS,STRICT,LEFT,0.15000000000000002,0.1603125,1.310934367577036,6.6307072494084043,181,13.542974268978387,0,-0.17164158533384882,0.31436209885042626,-0.098083036338207738,2.9385309158793896e-16,4.0228120414997601,-2.000000000000008
V2E02,DIAGNOSIS,STRICT,LEFT,0.15000000000000002,0.1603125,1.310934367577036,6.6307072494084043,182,13.793823496234731,0,0.078001988792845312,0.28979747566270642,-0.098083036338206919,1.9436114624701438e-15,3.896103157285506,-2.0000000000000058
V2E02,DIAGNOSIS,STRICT,LEFT,0.15000000000000002,0.1603125,1.310934367577036,6.6307072494084043,183,14.044672723491079,0,0.32764556291954239,0.26523285247498629,-0.11656863810514673,0.24958486077376116,3.7651325213310485,-2.0000000000000053
V2E02,DIAGNOSIS,STRICT,LEFT,0.15000000000000002,0.1603125,1.310934367577036,6.6307072494084043,184,14.295521950747425,0,0.57728913704623774,0.24066822928726631,0.0027793207708388438,0.54827542122916839,3.6294387987896028,0
