event_id,generator_stage,template,side,generation_order,path_digest,mapping_source,source_cell,analytic_branch_regime,returned_by_policy,discarded_side,d_target,s_probe,d_probe,d_mid,root_index,root_type,probe_location_rule,probe_anchor_rule,entry_scale,exit_scale,z0,z1,z2,z3,z4,validator_executed,hard_valid,first_failure_reason,waypoint0,margins,rank_tuple
V2E01,M0_V1,FROZEN_V1_CURVATURE_CONTINUITY,RIGHT,0,f0066e9d9ca0626e,FROZEN_V1,ACTIVE_OUTER,SAME_SIGN_NEGATIVE__SIGN_CHANGE__SAME_SIGN_POSITIVE,False,True,-0.45687960954981943,0.15306811594111736,-0.5368796095498194,-0.536879609549819,0,ACTIVE_OUTER,CURVATURE_CORRIDOR_CRITICAL,CONTINUITY_BIASED_SAFE_ANCHOR,0.5145810930150512,0.6049868191659147,0.0858577540204079,0.14133662039656425,0.15306811594111736,0.16479961148567046,1.6824124571816943,True,False,shifted race line exceeds left control steering curvature,"{""center_track_margin_m"":0.5957158271811317,""d_m"":-0.4517841728188684,""footprint_invalid"":false,""footprint_track_margin_m"":0.3106239571121055,""s_m"":6.017577691323427,""x_m"":-7.730277570191066,""y_m"":0.6035112575963812,""yaw_rad"":-0.6944929921510757}","{""center_track_m"":0.44517266780617676,""curvature_rate_margin_radpm2"":14.494029503923567,""footprint_track_m"":0.24968450641458975,""lateral_slope_margin"":-0.15446164691840847,""obstacle_m"":1.5,""peak_curvature_rate_radpm2"":5.505970496076434,""peak_lateral_slope"":0.9544616469184085,""peak_negative_curvature_radpm"":-1.0473739322164612,""peak_positive_curvature_radpm"":1.492632666972613,""signed_curvature_margin_radpm"":-0.17636614789360205}","{""braking_deficit_m"":0,""braking_feasible"":true,""exit_reaches_next_obstacle"":false,""generation_index"":0,""global_path_deviation_m"":0.08750167431751284,""minimum_normalized_safety_slack"":-0.13398969383267842,""velocity_loss"":0.34799999164477424}"
V2E01,M0_V1,FROZEN_V1_CURVATURE_CONTINUITY,RIGHT,1,84591841b71c2b02,FROZEN_V1,ACTIVE_OUTER,SAME_SIGN_NEGATIVE__SIGN_CHANGE__SAME_SIGN_POSITIVE,False,True,-0.45687960954981943,0.15306811594111736,-0.5368796095498194,-0.536879609549819,0,ACTIVE_OUTER,CURVATURE_CORRIDOR_CRITICAL,CONTINUITY_BIASED_SAFE_ANCHOR,0.5145810930150512,3.94735730932694,0.0858577540204079,0.14133662039656425,0.15306811594111736,0.16479961148567046,10.066767669972869,True,False,footprint_track_bound,"{""center_track_margin_m"":0.5913561372093943,""d_m"":-0.45614386279060587,""footprint_invalid"":false,""footprint_track_margin_m"":0.43300671532685125,""s_m"":6.017577691323427,""x_m"":-7.73094712456266,""y_m"":0.5992032889807635,""yaw_rad"":-0.10244319646043029}","{""center_track_m"":-1.5605579904328566,""curvature_rate_margin_radpm2"":18.999035485905384,""footprint_track_m"":-1.7267270401118597,""lateral_slope_margin"":-0.056642840596008326,""obstacle_m"":1.5,""peak_curvature_rate_radpm2"":1.000964514094616,""peak_lateral_slope"":0.8566428405960084,""peak_negative_curvature_radpm"":-0.9872521779168262,""peak_positive_curvature_radpm"":0.5161367665400842,""signed_curvature_margin_radpm"":0.1568234615458468}","{""braking_deficit_m"":0,""braking_feasible"":true,""exit_reaches_next_obstacle"":false,""generation_index"":1,""global_path_deviation_m"":0.8577506959771455,""minimum_normalized_safety_slack"":-1.1403719936219043,""velocity_loss"":0.24899213394474787}"
V2E01,M0_V1,FROZEN_V1_CURVATURE_CONTINUITY,RIGHT,2,1acc119640496334,FROZEN_V1,ACTIVE_OUTER,SAME_SIGN_NEGATIVE__SIGN_CHANGE__SAME_SIGN_POSITIVE,False,True,-0.45687960954981943,0.15306811594111736,-0.5368796095498194,-0.536879609549819,0,ACTIVE_OUTER,CURVATURE_CORRIDOR_CRITICAL,CONTINUITY_BIASED_SAFE_ANCHOR,0.5145810930150512,7.397546202396385,0.0858577540204079,0.14133662039656425,0.15306811594111736,0.16479961148567046,18.7215859541444,True,False,footprint_track_bound,"{""center_track_margin_m"":0.5910109226442763,""d_m"":-0.4564890773557238,""footprint_invalid"":false,""footprint_track_margin_m"":0.43256798871321783,""s_m"":6.017577691323427,""x_m"":-7.731000142075995,""y_m"":0.5988621698824279,""yaw_rad"":-0.10277570457419202}","{""center_track_m"":-3.659822249694956,""curvature_rate_margin_radpm2"":19.0634019203458,""footprint_track_m"":-3.819800967429177,""lateral_slope_margin"":-0.09063067209898745,""obstacle_m"":1.5,""peak_curvature_rate_radpm2"":0.9365980796541991,""peak_lateral_slope"":0.8906306720989875,""peak_negative_curvature_radpm"":-0.5776337781141302,""peak_positive_curvature_radpm"":0.6189567306909051,""signed_curvature_margin_radpm"":0.5664418613485428}","{""braking_deficit_m"":0,""braking_feasible"":true,""exit_reaches_next_obstacle"":false,""generation_index"":2,""global_path_deviation_m"":1.7985566894275389,""minimum_normalized_safety_slack"":-2.5398814997966372,""velocity_loss"":0.13427664346161552}"
V2E01,M0_V1,FROZEN_V1_CURVATURE_CONTINUITY,RIGHT,3,328f505f4ea6b1bd,FROZEN_V1,ACTIVE_OUTER,SAME_SIGN_NEGATIVE__SIGN_CHANGE__SAME_SIGN_POSITIVE,False,True,-0.45687960954981943,0.15306811594111736,-0.5368796095498194,-0.5368796095498206,0,ACTIVE_OUTER,CURVATURE_CORRIDOR_CRITICAL,CONTINUITY_BIASED_SAFE_ANCHOR,1.310934367577036,0.6049868191659147,0,0.14133662039656425,0.15306811594111736,0.16479961148567046,1.6824124571816943,True,False,shifted race line exceeds left control steering curvature,"{""center_track_margin_m"":0.5957158271811316,""d_m"":-0.45178417281886846,""footprint_invalid"":false,""footprint_track_margin_m"":0.31062395711216323,""s_m"":6.017577691323427,""x_m"":-7.730277570191066,""y_m"":0.6035112575963812,""yaw_rad"":-0.69449299215066}","{""center_track_m"":0.4451726678061692,""curvature_rate_margin_radpm2"":14.494029503923453,""footprint_track_m"":0.24968450641458353,""lateral_slope_margin"":-0.15446164691841435,""obstacle_m"":1.5,""peak_curvature_rate_radpm2"":5.5059704960765465,""peak_lateral_slope"":0.9544616469184144,""peak_negative_curvature_radpm"":-1.0473739322164102,""peak_positive_curvature_radpm"":1.4926326669727152,""signed_curvature_margin_radpm"":-0.1763661478937042}","{""braking_deficit_m"":0,""braking_feasible"":true,""exit_reaches_next_obstacle"":false,""generation_index"":3,""global_path_deviation_m"":0.08750167431751432,""minimum_normalized_safety_slack"":-0.13398969383275602,""velocity_loss"":0.3479999916447701}"
V2E01,M0_V1,FROZEN_V1_CURVATURE_CONTINUITY,RIGHT,4,433683a97dc55bf2,FROZEN_V1,ACTIVE_OUTER,SAME_SIGN_NEGATIVE__SIGN_CHANGE__SAME_SIGN_POSITIVE,False,True,-0.45687960954981943,0.15306811594111736,-0.5368796095498194,-0.5368796095498206,0,ACTIVE_OUTER,CURVATURE_CORRIDOR_CRITICAL,CONTINUITY_BIASED_SAFE_ANCHOR,1.310934367577036,3.94735730932694,0,0.14133662039656425,0.15306811594111736,0.16479961148567046,10.066767669972869,True,False,footprint_track_bound,"{""center_track_margin_m"":0.5913561372093942,""d_m"":-0.4561438627906059,""footprint_invalid"":false,""footprint_track_margin_m"":0.433006715326867,""s_m"":6.017577691323427,""x_m"":-7.73094712456266,""y_m"":0.5992032889807635,""yaw_rad"":-0.10244319646037471}","{""center_track_m"":-1.560557990432904,""curvature_rate_margin_radpm2"":18.999035485905203,""footprint_track_m"":-1.7267270401119068,""lateral_slope_margin"":-0.05664284059602698,""obstacle_m"":1.5,""peak_curvature_rate_radpm2"":1.0009645140947954,""peak_lateral_slope"":0.856642840596027,""peak_negative_curvature_radpm"":-0.9872521779162652,""peak_positive_curvature_radpm"":0.516136766541213,""signed_curvature_margin_radpm"":0.1568234615464078}","{""braking_deficit_m"":0,""braking_feasible"":true,""exit_reaches_next_obstacle"":false,""generation_index"":4,""global_path_deviation_m"":0.8577506959771629,""minimum_normalized_safety_slack"":-1.140371993621936,""velocity_loss"":0.2489921339449271}"
V2E01,M0_V1,FROZEN_V1_CURVATURE_CONTINUITY,RIGHT,5,15514d2ccd825b42,FROZEN_V1,ACTIVE_OUTER,SAME_SIGN_NEGATIVE__SIGN_CHANGE__SAME_SIGN_POSITIVE,False,True,-0.45687960954981943,0.15306811594111736,-0.5368796095498194,-0.5368796095498206,0,ACTIVE_OUTER,CURVATURE_CORRIDOR_CRITICAL,CONTINUITY_BIASED_SAFE_ANCHOR,1.310934367577036,7.397546202396385,0,0.14133662039656425,0.15306811594111736,0.16479961148567046,18.7215859541444,True,False,footprint_track_bound,"{""center_track_margin_m"":0.5910109226442763,""d_m"":-0.4564890773557238,""footprint_invalid"":false,""footprint_track_margin_m"":0.4325679887132284,""s_m"":6.017577691323427,""x_m"":-7.731000142075995,""y_m"":0.5988621698824279,""yaw_rad"":-0.10277570457415418}","{""center_track_m"":-3.659822249695051,""curvature_rate_margin_radpm2"":19.063401920345793,""footprint_track_m"":-3.819800967429272,""lateral_slope_margin"":-0.09063067209900522,""obstacle_m"":1.5,""peak_curvature_rate_radpm2"":0.9365980796542067,""peak_lateral_slope"":0.8906306720990053,""peak_negative_curvature_radpm"":-0.5776337781137129,""peak_positive_curvature_radpm"":0.6189567306909051,""signed_curvature_margin_radpm"":0.5664418613489601}","{""braking_deficit_m"":0,""braking_feasible"":true,""exit_reaches_next_obstacle"":false,""generation_index"":5,""global_path_deviation_m"":1.7985566894275935,""minimum_normalized_safety_slack"":-2.5398814997967007,""velocity_loss"":0.1342766434616059}"
V2E01,M1,ZERO_BOUNDARY_SHORT,RIGHT,2000,7758f2b5e5a8ca6f,M1_BRANCH_COMPLETE_ACTIVE_SET_CLOSURE,ZERO_INTERFACE,ZERO_RIGHT__ZERO_BOTH__ZERO_LEFT,True,False,-0.4637643031506035,,,-0.4637643031506035,0,ZERO_INTERFACE,NONE,NONE,0.5145810930150512,0.4971684162574945,0.0858577540204079,0.14133662039656425,0.15306811594111736,0.16479961148567046,1.411949385801334,True,False,shifted race line exceeds left control steering curvature,"{""center_track_margin_m"":0.5839525002571115,""d_m"":-0.4635474997428885,""footprint_invalid"":false,""footprint_track_margin_m"":0.40109495762985575,""s_m"":6.017577691323427,""x_m"":-7.732084163553789,""y_m"":0.5918874853711893,""yaw_rad"":-0.19165240175680892}","{""center_track_m"":0.5839525002571115,""curvature_rate_margin_radpm2"":15.779358085571543,""footprint_track_m"":0.38184977483584664,""lateral_slope_margin"":0.14920462714514848,""obstacle_m"":1.5,""peak_curvature_rate_radpm2"":4.220641914428457,""peak_lateral_slope"":0.6507953728548516,""peak_negative_curvature_radpm"":-0.7865313488413194,""peak_positive_curvature_radpm"":1.6573016366022577,""signed_curvature_margin_radpm"":-0.34103511752324667}","{""braking_deficit_m"":0,""braking_feasible"":true,""exit_reaches_next_obstacle"":false,""generation_index"":2000,""global_path_deviation_m"":0.05200717883786277,""minimum_normalized_safety_slack"":-0.2590927540737481,""velocity_loss"":0.3053134618667127}"
V2E01,M1,ZERO_BOUNDARY_SPAN,RIGHT,2001,7758f2b5e5a8ca6f,M1_BRANCH_COMPLETE_ACTIVE_SET_CLOSURE,ZERO_INTERFACE,ZERO_RIGHT__ZERO_BOTH__ZERO_LEFT,True,False,-0.4637643031506035,,,-0.4637643031506035,0,ZERO_INTERFACE,NONE,NONE,0.7136694116555473,0.4971684162574945,0.06439331551530593,0.14133662039656425,0.15306811594111736,0.16479961148567046,1.411949385801334,True,False,shifted race line exceeds left control steering curvature,"{""center_track_margin_m"":0.5839525002571115,""d_m"":-0.4635474997428885,""footprint_invalid"":false,""footprint_track_margin_m"":0.40109495762985575,""s_m"":6.017577691323427,""x_m"":-7.732084163553789,""y_m"":0.5918874853711893,""yaw_rad"":-0.19165240175680892}","{""center_track_m"":0.5839525002571115,""curvature_rate_margin_radpm2"":15.779358085571543,""footprint_track_m"":0.38184977483584664,""lateral_slope_margin"":0.14920462714514848,""obstacle_m"":1.5,""peak_curvature_rate_radpm2"":4.220641914428457,""peak_lateral_slope"":0.6507953728548516,""peak_negative_curvature_radpm"":-0.7865313488413194,""peak_positive_curvature_radpm"":1.6573016366022577,""signed_curvature_margin_radpm"":-0.34103511752324667}","{""braking_deficit_m"":0,""braking_feasible"":true,""exit_reaches_next_obstacle"":false,""generation_index"":2001,""global_path_deviation_m"":0.05200717883786277,""minimum_normalized_safety_slack"":-0.2590927540737481,""velocity_loss"":0.3053134618667127}"
V2E01,M1,NEAR_LONG,RIGHT,2002,7001130a3b1ae5dd,M1_BRANCH_COMPLETE_ACTIVE_SET_CLOSURE,ACTIVE_OUTER,SAME_SIGN_NEGATIVE__SIGN_CHANGE__SAME_SIGN_POSITIVE,True,False,-0.45687960954981943,0.15306811594111736,-0.6771898047749099,-0.6771898047749101,0,ACTIVE_OUTER,CORRIDOR_BOTTLENECK,CORRIDOR_CENTER,1.310934367577036,7.397546202396385,0,0.14133662039656425,0.15306811594111736,0.16479961148567046,18.7215859541444,True,False,shifted race line exceeds right control steering curvature,"{""center_track_margin_m"":0.5905977074205951,""d_m"":-0.45690229257940496,""footprint_invalid"":false,""footprint_track_margin_m"":0.41309809353426247,""s_m"":6.017577691323427,""x_m"":-7.731063603024186,""y_m"":0.5984538568540579,""yaw_rad"":-0.17164660283036617}","{""center_track_m"":-11.321767703632448,""curvature_rate_margin_radpm2"":18.33505440302595,""footprint_track_m"":-11.496731409797505,""lateral_slope_margin"":-1.7102076760399039,""obstacle_m"":1.5,""peak_curvature_rate_radpm2"":1.6649455969740516,""peak_lateral_slope"":2.510207676039904,""peak_negative_curvature_radpm"":-1.2046814001264474,""peak_positive_curvature_radpm"":0.6962015226523839,""signed_curvature_margin_radpm"":-0.06060576066377443}","{""braking_deficit_m"":0,""braking_feasible"":true,""exit_reaches_next_obstacle"":false,""generation_index"":2002,""global_path_deviation_m"":4.707892841000803,""minimum_normalized_safety_slack"":-7.647845135754966,""velocity_loss"":0.21028571719495745}"
V2E02,M1,ZERO_BOUNDARY_SHORT,LEFT,2000,e0eabbc6624b9a30,M1_BRANCH_COMPLETE_ACTIVE_SET_CLOSURE,ZERO_INTERFACE,ZERO_RIGHT__ZERO_BOTH__ZERO_LEFT,True,False,0.1603125,,,0.1603125,0,ZERO_INTERFACE,NONE,NONE,0.5145810930150512,0.4971684162574945,0.11128393457660411,0.18319248385825482,0.2915671120343557,0.3999417402104566,3.471711640542247,True,False,shifted race line exceeds right control steering curvature,"{""center_track_margin_m"":0.9227878242047177,""d_m"":0.04971217579528224,""footprint_invalid"":false,""footprint_track_margin_m"":0.630875767594429,""s_m"":14.54637117800377,""x_m"":0.8318008181215146,""y_m"":0.2655768509601598,""yaw_rad"":0.5229275430599609}","{""center_track_m"":0.7637401900331254,""curvature_rate_margin_radpm2"":16.705499939420285,""footprint_track_m"":0.5303789345517054,""lateral_slope_margin"":0.3590964345487009,""obstacle_m"":0.14192527527287233,""peak_curvature_rate_radpm2"":3.294500060579715,""peak_lateral_slope"":0.44090356545129916,""peak_negative_curvature_radpm"":-1.6694802420676336,""peak_positive_curvature_radpm"":0.48820217740969346,""signed_curvature_margin_radpm"":-0.5254046026049606}","{""braking_deficit_m"":0,""braking_feasible"":true,""exit_reaches_next_obstacle"":false,""generation_index"":2000,""global_path_deviation_m"":0.03373256435683046,""minimum_normalized_safety_slack"":-0.45923939334266595,""velocity_loss"":0.2615734389721078}"
V2E02,M1,ZERO_BOUNDARY_SPAN,LEFT,2001,e0eabbc6624b9a30,M1_BRANCH_COMPLETE_ACTIVE_SET_CLOSURE,ZERO_INTERFACE,ZERO_RIGHT__ZERO_BOTH__ZERO_LEFT,True,False,0.1603125,,,0.1603125,0,ZERO_INTERFACE,NONE,NONE,0.7136694116555473,0.4971684162574945,0.0834629509324531,0.18319248385825482,0.2915671120343557,0.3999417402104566,3.471711640542247,True,False,shifted race line exceeds right control steering curvature,"{""center_track_margin_m"":0.9227878242047177,""d_m"":0.04971217579528224,""footprint_invalid"":false,""footprint_track_margin_m"":0.630875767594429,""s_m"":14.54637117800377,""x_m"":0.8318008181215146,""y_m"":0.2655768509601598,""yaw_rad"":0.5229275430599609}","{""center_track_m"":0.7637401900331254,""curvature_rate_margin_radpm2"":16.705499939420285,""footprint_track_m"":0.5303789345517054,""lateral_slope_margin"":0.3590964345487009,""obstacle_m"":0.14192527527287233,""peak_curvature_rate_radpm2"":3.294500060579715,""peak_lateral_slope"":0.44090356545129916,""peak_negative_curvature_radpm"":-1.6694802420676336,""peak_positive_curvature_radpm"":0.48820217740969346,""signed_curvature_margin_radpm"":-0.5254046026049606}","{""braking_deficit_m"":0,""braking_feasible"":true,""exit_reaches_next_obstacle"":false,""generation_index"":2001,""global_path_deviation_m"":0.03373256435683046,""minimum_normalized_safety_slack"":-0.45923939334266595,""velocity_loss"":0.2615734389721078}"
V2E02,M1,NEAR_LONG,LEFT,2002,1656fbf8ebd6905d,M1_BRANCH_COMPLETE_ACTIVE_SET_CLOSURE,ACTIVE_OUTER,SAME_SIGN_POSITIVE__SIGN_CHANGE__SAME_SIGN_NEGATIVE,True,False,0.15,0.2915671120343557,0.414193609605218,0.41419360960521834,0,ACTIVE_OUTER,CORRIDOR_BOTTLENECK,CORRIDOR_CENTER,1.310934367577036,6.630707249408404,0,0.18319248385825482,0.2915671120343557,0.3999417402104566,41.36796440739351,True,False,quintic d-offset exceeds maximum_lateral_slope,"{""center_track_margin_m"":0.9165032471741307,""d_m"":0.05599675282586922,""footprint_invalid"":false,""footprint_track_margin_m"":0.6044804208870922,""s_m"":14.54637117800377,""x_m"":0.8324162406537626,""y_m"":0.2718312225161343,""yaw_rad"":0.7362561788848903}","{""center_track_m"":-2.85134050569126,""curvature_rate_margin_radpm2"":-94.33473078518436,""footprint_track_m"":-3.010914308958067,""lateral_slope_margin"":-0.6266961076945352,""obstacle_m"":0.39549514976024375,""peak_curvature_rate_radpm2"":114.33473078518436,""peak_lateral_slope"":1.4266961076945353,""peak_negative_curvature_radpm"":-35.96777916642071,""peak_positive_curvature_radpm"":24.17400754600263,""signed_curvature_margin_radpm"":-34.82370352695804}","{""braking_deficit_m"":0,""braking_feasible"":true,""exit_reaches_next_obstacle"":false,""generation_index"":2002,""global_path_deviation_m"":1.5210027648853959,""minimum_normalized_safety_slack"":-30.43828775456958,""velocity_loss"":0.3670021475274485}"
V2E03,M0_V1,FROZEN_V1_CURVATURE_CONTINUITY,LEFT,0,68e9a4e01bb8da2d,FROZEN_V1,ACTIVE_OUTER,SAME_SIGN_POSITIVE__SIGN_CHANGE__SAME_SIGN_NEGATIVE,False,False,0.1853345144734313,0.4051217545952035,0.2653345144734313,0.2653345144734306,0,ACTIVE_OUTER,CURVATURE_CORRIDOR_CRITICAL,CONTINUITY_BIASED_SAFE_ANCHOR,0.5145810930150512,0.5928490327127602,0.21179068589148556,0.34864387167940336,0.4051217545952035,0.46159963751100364,4.1245350826795235,True,False,quintic d-offset exceeds maximum_lateral_slope,"{""center_track_margin_m"":0.4664834331869346,""d_m"":-0.08101656681306549,""footprint_invalid"":false,""footprint_track_margin_m"":0.1583908526121384,""s_m"":23.572507086240048,""x_m"":8.993190045941791,""y_m"":1.4909018360053217,""yaw_rad"":2.8550231108417083}","{""center_track_m"":0.4664834331869346,""curvature_rate_margin_radpm2"":8.88513331424073,""footprint_track_m"":0.1583908526121384,""lateral_slope_margin"":-0.5450921188222762,""obstacle_m"":0.07064769427536077,""peak_curvature_rate_radpm2"":11.11486668575927,""peak_lateral_slope"":1.3450921188222762,""peak_negative_curvature_radpm"":-2.50192682053133,""peak_positive_curvature_radpm"":0.9564376077818024,""signed_curvature_margin_radpm"":-1.357851181068657}","{""braking_deficit_m"":0,""braking_feasible"":true,""exit_reaches_next_obstacle"":false,""generation_index"":0,""global_path_deviation_m"":0.0716960864772439,""minimum_normalized_safety_slack"":-1.186854377658444,""velocity_loss"":0.1562952366013857}"
V2E03,M0_V1,FROZEN_V1_CURVATURE_CONTINUITY,LEFT,1,b6300c99fe021e4a,FROZEN_V1,ACTIVE_OUTER,SAME_SIGN_POSITIVE__SIGN_CHANGE__SAME_SIGN_NEGATIVE,False,False,0.1853345144734313,0.4051217545952035,0.2653345144734313,0.2653345144734306,0,ACTIVE_OUTER,CURVATURE_CORRIDOR_CRITICAL,CONTINUITY_BIASED_SAFE_ANCHOR,0.5145810930150512,3.5589481428259986,0.21179068589148556,0.34864387167940336,0.4051217545952035,0.46159963751100364,22.450666972618155,True,False,quintic d-offset exceeds maximum_lateral_slope,"{""center_track_margin_m"":0.4664834331869346,""d_m"":-0.08101656681306549,""footprint_invalid"":false,""footprint_track_margin_m"":0.15831198797823756,""s_m"":23.572507086240048,""x_m"":8.993190045941791,""y_m"":1.4909018360053217,""yaw_rad"":2.8540547871190447}","{""center_track_m"":-0.39629349862476326,""curvature_rate_margin_radpm2"":8.915477220248388,""footprint_track_m"":-0.5573099270369443,""lateral_slope_margin"":-0.5450921188222762,""obstacle_m"":0.07064769427536077,""peak_curvature_rate_radpm2"":11.084522779751612,""peak_lateral_slope"":1.3450921188222762,""peak_negative_curvature_radpm"":-2.6069054089530015,""peak_positive_curvature_radpm"":1.9939791760793755,""signed_curvature_margin_radpm"":-1.4628297694903285}","{""braking_deficit_m"":0,""braking_feasible"":true,""exit_reaches_next_obstacle"":false,""generation_index"":1,""global_path_deviation_m"":0.4728222208993933,""minimum_normalized_safety_slack"":-1.2786128111051833,""velocity_loss"":0.11588233370449331}"
V2E03,M0_V1,FROZEN_V1_CURVATURE_CONTINUITY,LEFT,2,b76c227a617e4eec,FROZEN_V1,ACTIVE_OUTER,SAME_SIGN_POSITIVE__SIGN_CHANGE__SAME_SIGN_NEGATIVE,False,False,0.1853345144734313,0.4051217545952035,0.2653345144734313,0.2653345144734306,0,ACTIVE_OUTER,CURVATURE_CORRIDOR_CRITICAL,CONTINUITY_BIASED_SAFE_ANCHOR,0.5145810930150512,6.620727869394503,0.21179068589148556,0.34864387167940336,0.4051217545952035,0.46159963751100364,41.367964407393515,True,False,shifted race line exceeds left control steering curvature,"{""center_track_margin_m"":0.4664834331869346,""d_m"":-0.08101656681306549,""footprint_invalid"":false,""footprint_track_margin_m"":0.19714548121232048,""s_m"":23.572507086240048,""x_m"":8.993190045941791,""y_m"":1.4909018360053217,""yaw_rad"":1.9972373612080505}","{""center_track_m"":-1.250362018830228,""curvature_rate_margin_radpm2"":-43.56509931299163,""footprint_track_m"":-1.4087596840463674,""lateral_slope_margin"":-0.5450921188222762,""obstacle_m"":0.07064769427536077,""peak_curvature_rate_radpm2"":63.56509931299163,""peak_lateral_slope"":1.3450921188222762,""peak_negative_curvature_radpm"":-16.780808958856092,""peak_positive_curvature_radpm"":20.710580289900136,""signed_curvature_margin_radpm"":-19.394313770821125}","{""braking_deficit_m"":0,""braking_feasible"":true,""exit_reaches_next_obstacle"":false,""generation_index"":2,""global_path_deviation_m"":0.9151931808011234,""minimum_normalized_safety_slack"":-14.73433646583314,""velocity_loss"":0.2235430525204215}"
V2E03,M0_V1,FROZEN_V1_CURVATURE_CONTINUITY,LEFT,3,fccc2521fcfaef39,FROZEN_V1,ACTIVE_OUTER,SAME_SIGN_POSITIVE__SIGN_CHANGE__SAME_SIGN_NEGATIVE,False,False,0.1853345144734313,0.4051217545952035,0.2653345144734313,0.2653345144734309,0,ACTIVE_OUTER,CURVATURE_CORRIDOR_CRITICAL,CONTINUITY_BIASED_SAFE_ANCHOR,1.310934367577036,0.5928490327127602,0,0.34864387167940336,0.4051217545952035,0.46159963751100364,4.1245350826795235,True,False,shifted race line exceeds right control steering curvature,"{""center_track_margin_m"":0.5235867861460285,""d_m"":-0.02391321385397148,""footprint_invalid"":false,""footprint_track_margin_m"":0.20748559515289658,""s_m"":23.572507086240048,""x_m"":8.93727775907829,""y_m"":1.5025039520564718,""yaw_rad"":2.733020854812645}","{""center_track_m"":0.5235867861460285,""curvature_rate_margin_radpm2"":9.085779163636538,""footprint_track_m"":0.20748559515289658,""lateral_slope_margin"":-0.30612921583987474,""obstacle_m"":0.06788138880519701,""peak_curvature_rate_radpm2"":10.914220836363462,""peak_lateral_slope"":1.1061292158398748,""peak_negative_curvature_radpm"":-2.5038982011754287,""peak_positive_curvature_radpm"":0.9476062422799196,""signed_curvature_margin_radpm"":-1.3598225617127557}","{""braking_deficit_m"":0,""braking_feasible"":true,""exit_reaches_next_obstacle"":false,""generation_index"":3,""global_path_deviation_m"":0.0700330404097646,""minimum_normalized_safety_slack"":-1.188577498557185,""velocity_loss"":0.15633313080348246}"
V2E03,M0_V1,FROZEN_V1_CURVATURE_CONTINUITY,LEFT,4,e04fbba351b0ccd1,FROZEN_V1,ACTIVE_OUTER,SAME_SIGN_POSITIVE__SIGN_CHANGE__SAME_SIGN_NEGATIVE,False,False,0.1853345144734313,0.4051217545952035,0.2653345144734313,0.2653345144734309,0,ACTIVE_OUTER,CURVATURE_CORRIDOR_CRITICAL,CONTINUITY_BIASED_SAFE_ANCHOR,1.310934367577036,3.5589481428259986,0,0.34864387167940336,0.4051217545952035,0.46159963751100364,22.450666972618155,True,False,shifted race line exceeds right control steering curvature,"{""center_track_margin_m"":0.5235867861460285,""d_m"":-0.02391321385397148,""footprint_invalid"":false,""footprint_track_margin_m"":0.2075312823299694,""s_m"":23.572507086240048,""x_m"":8.93727775907829,""y_m"":1.5025039520564718,""yaw_rad"":2.7340688701888585}","{""center_track_m"":-0.3962934986247659,""curvature_rate_margin_radpm2"":9.102801226274405,""footprint_track_m"":-0.557309927036946,""lateral_slope_margin"":-0.30612921583987474,""obstacle_m"":0.06788138880519701,""peak_curvature_rate_radpm2"":10.897198773725595,""peak_lateral_slope"":1.1061292158398748,""peak_negative_curvature_radpm"":-2.613286961580481,""peak_positive_curvature_radpm"":1.9939791760794194,""signed_curvature_margin_radpm"":-1.469211322117808}","{""braking_deficit_m"":0,""braking_feasible"":true,""exit_reaches_next_obstacle"":false,""generation_index"":4,""global_path_deviation_m"":0.4722779512772955,""minimum_normalized_safety_slack"":-1.2841907225713138,""velocity_loss"":0.11591699839958111}"
V2E03,M0_V1,FROZEN_V1_CURVATURE_CONTINUITY,LEFT,5,a2d14d328202a36c,FROZEN_V1,ACTIVE_OUTER,SAME_SIGN_POSITIVE__SIGN_CHANGE__SAME_SIGN_NEGATIVE,False,False,0.1853345144734313,0.4051217545952035,0.2653345144734313,0.2653345144734309,0,ACTIVE_OUTER,CURVATURE_CORRIDOR_CRITICAL,CONTINUITY_BIASED_SAFE_ANCHOR,1.310934367577036,6.620727869394503,0,0.34864387167940336,0.4051217545952035,0.46159963751100364,41.367964407393515,True,False,quintic d-offset exceeds maximum_lateral_slope,"{""center_track_margin_m"":0.5235867861460285,""d_m"":-0.02391321385397148,""footprint_invalid"":false,""footprint_track_margin_m"":0.2584805222883317,""s_m"":23.572507086240048,""x_m"":8.93727775907829,""y_m"":1.5025039520564718,""yaw_rad"":1.977004737846951}","{""center_track_m"":-1.2503620188302316,""curvature_rate_margin_radpm2"":-43.56509931299144,""footprint_track_m"":-1.4087596840463719,""lateral_slope_margin"":-0.30612921583987474,""obstacle_m"":0.06788138880519701,""peak_curvature_rate_radpm2"":63.56509931299144,""peak_lateral_slope"":1.1061292158398748,""peak_negative_curvature_radpm"":-16.780808958854802,""peak_positive_curvature_radpm"":20.710580289896818,""signed_curvature_margin_radpm"":-19.394313770817806}","{""braking_deficit_m"":0,""braking_feasible"":true,""exit_reaches_next_obstacle"":false,""generation_index"":5,""global_path_deviation_m"":0.9148695610258197,""minimum_normalized_safety_slack"":-14.73433646583062,""velocity_loss"":0.22948936549774024}"
V2E03,M1,ZERO_BOUNDARY_SHORT,LEFT,2000,9bb595a6625edbf1,M1_BRANCH_COMPLETE_ACTIVE_SET_CLOSURE,ZERO_INTERFACE,ZERO_RIGHT__ZERO_BOTH__ZERO_LEFT,True,False,0.19958710018478393,,,0.19958710018478393,0,ZERO_INTERFACE,NONE,NONE,0.5145810930150512,0.4971684162574945,0,0.3507545837473118,0.40617711062915773,0.46159963751100364,3.533369537842794,True,False,shifted race line exceeds right control steering curvature,"{""center_track_margin_m"":0.5470090631592274,""d_m"":-0.0004909368407725878,""footprint_invalid"":false,""footprint_track_margin_m"":0.2297283237826667,""s_m"":23.572507086240048,""x_m"":8.914344025707212,""y_m"":1.5072628315619185,""yaw_rad"":2.449076949658589}","{""center_track_m"":0.5470090631592274,""curvature_rate_margin_radpm2"":14.209071559719737,""footprint_track_m"":0.2297283237826667,""lateral_slope_margin"":0.0017716525453569387,""obstacle_m"":0.014162320487262098,""peak_curvature_rate_radpm2"":5.790928440280263,""peak_lateral_slope"":0.7982283474546431,""peak_negative_curvature_radpm"":-1.9215294610506206,""peak_positive_curvature_radpm"":0.7295076506694753,""signed_curvature_margin_radpm"":-0.7774538215879476}","{""braking_deficit_m"":0,""braking_feasible"":true,""exit_reaches_next_obstacle"":false,""generation_index"":2000,""global_path_deviation_m"":0.039490313294279204,""minimum_normalized_safety_slack"":-0.6795475707821966,""velocity_loss"":0.13770997266170365}"
V2E03,M1,ZERO_BOUNDARY_SPAN,LEFT,2001,9bb595a6625edbf1,M1_BRANCH_COMPLETE_ACTIVE_SET_CLOSURE,ZERO_INTERFACE,ZERO_RIGHT__ZERO_BOTH__ZERO_LEFT,True,False,0.19958710018478393,,,0.19958710018478393,0,ZERO_INTERFACE,NONE,NONE,0.7136694116555473,0.4971684162574945,0,0.3507545837473118,0.40617711062915773,0.46159963751100364,3.533369537842794,True,False,shifted race line exceeds right control steering curvature,"{""center_track_margin_m"":0.5470090631592274,""d_m"":-0.0004909368407725878,""footprint_invalid"":false,""footprint_track_margin_m"":0.2297283237826667,""s_m"":23.572507086240048,""x_m"":8.914344025707212,""y_m"":1.5072628315619185,""yaw_rad"":2.449076949658589}","{""center_track_m"":0.5470090631592274,""curvature_rate_margin_radpm2"":14.209071559719737,""footprint_track_m"":0.2297283237826667,""lateral_slope_margin"":0.0017716525453569387,""obstacle_m"":0.014162320487262098,""peak_curvature_rate_radpm2"":5.790928440280263,""peak_lateral_slope"":0.7982283474546431,""peak_negative_curvature_radpm"":-1.9215294610506206,""peak_positive_curvature_radpm"":0.7295076506694753,""signed_curvature_margin_radpm"":-0.7774538215879476}","{""braking_deficit_m"":0,""braking_feasible"":true,""exit_reaches_next_obstacle"":false,""generation_index"":2001,""global_path_deviation_m"":0.039490313294279204,""minimum_normalized_safety_slack"":-0.6795475707821966,""velocity_loss"":0.13770997266170365}"
V2E03,M1,NEAR_LONG,LEFT,2002,168e3cfc2b4be9ca,M1_BRANCH_COMPLETE_ACTIVE_SET_CLOSURE,ACTIVE_OUTER,SAME_SIGN_POSITIVE__SIGN_CHANGE__SAME_SIGN_NEGATIVE,True,False,0.1853345144734313,0.3885738629853748,0.6414172572367157,0.7399824777758148,0,ACTIVE_OUTER,CORRIDOR_BOTTLENECK,CORRIDOR_CENTER,1.310934367577036,6.620727869394503,0,0.34864387167940336,0.4051217545952035,0.46159963751100364,41.367964407393515,True,False,shifted race line exceeds left control steering curvature,"{""center_track_margin_m"":0.5784766704673393,""d_m"":0.03097667046733929,""footprint_invalid"":false,""footprint_track_margin_m"":0.2645634918555904,""s_m"":23.572507086240048,""x_m"":8.883532772154737,""y_m"":1.5136563411007062,""yaw_rad"":2.344655675653674}","{""center_track_m"":-13.11321942282796,""curvature_rate_margin_radpm2"":-41.92859084439437,""footprint_track_m"":-13.266078806572352,""lateral_slope_margin"":-1.6365038742463274,""obstacle_m"":0.45608274276328475,""peak_curvature_rate_radpm2"":61.92859084439437,""peak_lateral_slope"":2.4365038742463274,""peak_negative_curvature_radpm"":-12.348868423615619,""peak_positive_curvature_radpm"":3.163828412592041,""signed_curvature_margin_radpm"":-11.204792784152946}","{""braking_deficit_m"":0,""braking_feasible"":true,""exit_reaches_next_obstacle"":false,""generation_index"":2002,""global_path_deviation_m"":5.96537620680624,""minimum_normalized_safety_slack"":-9.793751739540047,""velocity_loss"":0.2475199860695646}"
V2E04,M0_V2,ZERO_INTERFACE_BOUNDARY_INSET,LEFT,1000,3ee5427758cb520b,FROZEN_V2_EXTENSION,ZERO_INTERFACE,ZERO_RIGHT__ZERO_BOTH__ZERO_LEFT,True,False,0.1612890625,,,0.1612890625,-1,ZERO_INTERFACE,NONE,NONE,1.310934367577036,0.5617075842538356,-1.7763568394002505e-15,12.553912975912281,12.664824110749416,12.775735245586551,16.24626232187889,True,False,footprint_track_bound,"{""center_track_margin_m"":0.22495481438677278,""d_m"":1.1225451856132274,""footprint_invalid"":false,""footprint_track_margin_m"":0.01923443372142075,""s_m"":8.525989723851467,""x_m"":-5.054586879147251,""y_m"":1.9228044750054933,""yaw_rad"":-0.09844298248857597}","{""center_track_m"":-0.04959303805741122,""curvature_rate_margin_radpm2"":19.213620828336687,""footprint_track_m"":-0.19725490680626656,""lateral_slope_margin"":0.6609005218615436,""obstacle_m"":0.12272464589263885,""peak_curvature_rate_radpm2"":0.7863791716633116,""peak_lateral_slope"":0.13909947813845644,""peak_negative_curvature_radpm"":-0.17049986900479283,""peak_positive_curvature_radpm"":0.6189567306909051,""signed_curvature_margin_radpm"":0.697309788388106}","{""braking_deficit_m"":0,""braking_feasible"":true,""exit_reaches_next_obstacle"":false,""generation_index"":1000,""global_path_deviation_m"":0.4030179049256116,""minimum_normalized_safety_slack"":-0.1330620253716074,""velocity_loss"":0.13425611094871762}"
V2E04,M0_V2,ZERO_INTERFACE_QUARTER_LONG_EXIT,LEFT,1001,f1e6982640db6428,FROZEN_V2_EXTENSION,ZERO_INTERFACE,ZERO_RIGHT__ZERO_BOTH__ZERO_LEFT,True,False,0.330625,,,0.330625,-1,ZERO_INTERFACE,NONE,NONE,1.310934367577036,4.627675168023326,-1.7763568394002505e-15,12.553912975912281,12.664824110749416,12.775735245586551,41.3679644073935,True,False,footprint_track_bound,"{""center_track_margin_m"":0.22494959114934399,""d_m"":1.1225504088506562,""footprint_invalid"":false,""footprint_track_margin_m"":0.019213365512807945,""s_m"":8.525989723851467,""x_m"":-5.054586367657298,""y_m"":1.9228096731385491,""yaw_rad"":-0.09837964544798103}","{""center_track_m"":-0.05408180134365059,""curvature_rate_margin_radpm2"":19.186010259731745,""footprint_track_m"":-0.2011485273201199,""lateral_slope_margin"":0.6854036833191282,""obstacle_m"":0.2920659281924993,""peak_curvature_rate_radpm2"":0.8139897402682541,""peak_lateral_slope"":0.11459631668087185,""peak_negative_curvature_radpm"":-0.5356771426950598,""peak_positive_curvature_radpm"":0.7650071444447443,""signed_curvature_margin_radpm"":0.5512593746342668}","{""braking_deficit_m"":0,""braking_feasible"":true,""exit_reaches_next_obstacle"":false,""generation_index"":1001,""global_path_deviation_m"":0.2987457165786194,""minimum_normalized_safety_slack"":-0.13605453422910033,""velocity_loss"":0.08482588547103963}"
V2E04,M0_V2,ZERO_INTERFACE_CENTER_LONG_EXIT,LEFT,1002,872d37b1495ce6ad,FROZEN_V2_EXTENSION,ZERO_INTERFACE,ZERO_RIGHT__ZERO_BOTH__ZERO_LEFT,True,False,0.51125,,,0.51125,-1,ZERO_INTERFACE,NONE,NONE,1.310934367577036,4.627675168023326,-1.7763568394002505e-15,12.553912975912281,12.664824110749416,12.775735245586551,41.3679644073935,True,False,footprint_track_bound,"{""center_track_margin_m"":0.2249440196960868,""d_m"":1.1225559803039133,""footprint_invalid"":false,""footprint_track_margin_m"":0.019190882613605798,""s_m"":8.525989723851467,""x_m"":-5.054585822068016,""y_m"":1.9228152178138085,""yaw_rad"":-0.09831204175211594}","{""center_track_m"":-0.0588698155156393,""curvature_rate_margin_radpm2"":19.149185610577508,""footprint_track_m"":-0.20573064900005655,""lateral_slope_margin"":0.7115403888738863,""obstacle_m"":0.47269083463540623,""peak_curvature_rate_radpm2"":0.850814389422493,""peak_lateral_slope"":0.08845961112611382,""peak_negative_curvature_radpm"":-0.5011259205917801,""peak_positive_curvature_radpm"":0.8780251961817143,""signed_curvature_margin_radpm"":0.4382413228972968}","{""braking_deficit_m"":0,""braking_feasible"":true,""exit_reaches_next_obstacle"":false,""generation_index"":1002,""global_path_deviation_m"":0.37712409935792107,""minimum_normalized_safety_slack"":-0.1392465436770928,""velocity_loss"":0.09614484409020857}"
V2E04,M0_V2,ZERO_INTERFACE_QUARTER_SCALE,LEFT,1003,9f9e41069404197a,FROZEN_V2_EXTENSION,ZERO_INTERFACE,ZERO_RIGHT__ZERO_BOTH__ZERO_LEFT,True,False,0.330625,,,0.330625,-1,ZERO_INTERFACE,NONE,NONE,0.7136694116555473,1.5297951041989524,5.719593951952622,12.553912975912281,12.664824110749416,12.775735245586551,22.227619961287132,True,False,footprint_track_bound,"{""center_track_margin_m"":0.22492516312720845,""d_m"":1.1225748368727917,""footprint_invalid"":false,""footprint_track_margin_m"":0.01911474603674934,""s_m"":8.525989723851467,""x_m"":-5.054583975522526,""y_m"":1.9228339837526238,""yaw_rad"":-0.09808303633827037}","{""center_track_m"":-0.18757483687279164,""curvature_rate_margin_radpm2"":19.168282782212696,""footprint_track_m"":-0.3358568035237397,""lateral_slope_margin"":0.5897620891985061,""obstacle_m"":0.2920645445218153,""peak_curvature_rate_radpm2"":0.8317172177873026,""peak_lateral_slope"":0.21023791080149393,""peak_negative_curvature_radpm"":-0.6131796408151022,""peak_positive_curvature_radpm"":0.6901552838024979,""signed_curvature_margin_radpm"":0.5308959986475708}","{""braking_deficit_m"":0,""braking_feasible"":true,""exit_reaches_next_obstacle"":false,""generation_index"":1003,""global_path_deviation_m"":0.47945606310185745,""minimum_normalized_safety_slack"":-0.2250498912485277,""velocity_loss"":0.12801306526478218}"
V2E04,M1,ZERO_BOUNDARY_SHORT,LEFT,2000,ffa2a121a3e1f80a,M1_BRANCH_COMPLETE_ACTIVE_SET_CLOSURE,ZERO_INTERFACE,ZERO_RIGHT__ZERO_BOTH__ZERO_LEFT,True,False,0.1612890625,,,0.1612890625,0,ZERO_INTERFACE,NONE,NONE,0.5145810930150512,0.4971684162574945,7.6261252692701635,12.553912975912281,12.664824110749416,12.775735245586551,15.84750514591834,True,False,footprint_track_bound,"{""center_track_margin_m"":0.22492516312720845,""d_m"":1.1225748368727917,""footprint_invalid"":false,""footprint_track_margin_m"":0.01911474603674934,""s_m"":8.525989723851467,""x_m"":-5.054583975522526,""y_m"":1.9228339837526238,""yaw_rad"":-0.09808303633827037}","{""center_track_m"":-0.21257483687279166,""curvature_rate_margin_radpm2"":19.138489034940196,""footprint_track_m"":-0.36641631372091765,""lateral_slope_margin"":0.44656141019505413,""obstacle_m"":0.12272314901559,""peak_curvature_rate_radpm2"":0.8615109650598052,""peak_lateral_slope"":0.3534385898049459,""peak_negative_curvature_radpm"":-0.19863596514081794,""peak_positive_curvature_radpm"":0.6189567306909051,""signed_curvature_margin_radpm"":0.697309788388106}","{""braking_deficit_m"":0,""braking_feasible"":true,""exit_reaches_next_obstacle"":false,""generation_index"":2000,""global_path_deviation_m"":0.5765626251734743,""minimum_normalized_safety_slack"":-0.24171655791519445,""velocity_loss"":0.162022567216131}"
V2E04,M1,ZERO_BOUNDARY_SPAN,LEFT,2001,366cc4e6c67827ad,M1_BRANCH_COMPLETE_ACTIVE_SET_CLOSURE,ZERO_INTERFACE,ZERO_RIGHT__ZERO_BOTH__ZERO_LEFT,True,False,0.1612890625,,,0.1612890625,0,ZERO_INTERFACE,NONE,NONE,0.7136694116555473,0.4971684162574945,5.719593951952622,12.553912975912281,12.664824110749416,12.775735245586551,15.84750514591834,True,False,footprint_track_bound,"{""center_track_margin_m"":0.22492516312720845,""d_m"":1.1225748368727917,""footprint_invalid"":false,""footprint_track_margin_m"":0.01911474603674934,""s_m"":8.525989723851467,""x_m"":-5.054583975522526,""y_m"":1.9228339837526238,""yaw_rad"":-0.09808303633827037}","{""center_track_m"":-0.18757483687279164,""curvature_rate_margin_radpm2"":19.21084401600169,""footprint_track_m"":-0.3358563953519197,""lateral_slope_margin"":0.5448086943418432,""obstacle_m"":0.12272314901559,""peak_curvature_rate_radpm2"":0.7891559839983091,""peak_lateral_slope"":0.25519130565815684,""peak_negative_curvature_radpm"":-0.10710599604383222,""peak_positive_curvature_radpm"":0.6189567306909051,""signed_curvature_margin_radpm"":0.697309788388106}","{""braking_deficit_m"":0,""braking_feasible"":true,""exit_reaches_next_obstacle"":false,""generation_index"":2001,""global_path_deviation_m"":0.5340156946462883,""minimum_normalized_safety_slack"":-0.2250498912485277,""velocity_loss"":0.14692666945717722}"
V2E05,M1,ZERO_BOUNDARY_SHORT,RIGHT,2000,8d51c4ba64ba39da,M1_BRANCH_COMPLETE_ACTIVE_SET_CLOSURE,ZERO_INTERFACE,ZERO_RIGHT__ZERO_BOTH__ZERO_LEFT,True,False,-0.162265625,,,-0.162265625,0,ZERO_INTERFACE,NONE,NONE,0.5145810930150512,0.4971684162574945,0,0.8202084691235908,0.9148635985669324,1.0095187280102742,2.2566685023259376,True,False,quintic d-offset exceeds maximum_lateral_slope,"{""center_track_margin_m"":0.36138726725042697,""d_m"":-0.7736127327495731,""footprint_invalid"":false,""footprint_track_margin_m"":0.028934894684715474,""s_m"":2.2560525108697136,""x_m"":-11.283195230860743,""y_m"":2.893819580404037,""yaw_rad"":-0.43162070239213374}","{""center_track_m"":0.36138726725042697,""curvature_rate_margin_radpm2"":16.512674617968162,""footprint_track_m"":0.028934894684715474,""lateral_slope_margin"":-0.37705669582517265,""obstacle_m"":0.03217158786468685,""peak_curvature_rate_radpm2"":3.487325382031839,""peak_lateral_slope"":1.1770566958251727,""peak_negative_curvature_radpm"":-0.9561927029483729,""peak_positive_curvature_radpm"":0.7337970382659024,""signed_curvature_margin_radpm"":0.1878829365143001}","{""braking_deficit_m"":0,""braking_feasible"":true,""exit_reaches_next_obstacle"":false,""generation_index"":2000,""global_path_deviation_m"":0.06793515791589398,""minimum_normalized_safety_slack"":0.021447725243124566,""velocity_loss"":0.2560819108033416}"
V2E05,M1,ZERO_BOUNDARY_SPAN,RIGHT,2001,8d51c4ba64ba39da,M1_BRANCH_COMPLETE_ACTIVE_SET_CLOSURE,ZERO_INTERFACE,ZERO_RIGHT__ZERO_BOTH__ZERO_LEFT,True,False,-0.162265625,,,-0.162265625,0,ZERO_INTERFACE,NONE,NONE,0.7136694116555473,0.4971684162574945,0,0.8202084691235908,0.9148635985669324,1.0095187280102742,2.2566685023259376,True,False,quintic d-offset exceeds maximum_lateral_slope,"{""center_track_margin_m"":0.36138726725042697,""d_m"":-0.7736127327495731,""footprint_invalid"":false,""footprint_track_margin_m"":0.028934894684715474,""s_m"":2.2560525108697136,""x_m"":-11.283195230860743,""y_m"":2.893819580404037,""yaw_rad"":-0.43162070239213374}","{""center_track_m"":0.36138726725042697,""curvature_rate_margin_radpm2"":16.512674617968162,""footprint_track_m"":0.028934894684715474,""lateral_slope_margin"":-0.37705669582517265,""obstacle_m"":0.03217158786468685,""peak_curvature_rate_radpm2"":3.487325382031839,""peak_lateral_slope"":1.1770566958251727,""peak_negative_curvature_radpm"":-0.9561927029483729,""peak_positive_curvature_radpm"":0.7337970382659024,""signed_curvature_margin_radpm"":0.1878829365143001}","{""braking_deficit_m"":0,""braking_feasible"":true,""exit_reaches_next_obstacle"":false,""generation_index"":2001,""global_path_deviation_m"":0.06793515791589398,""minimum_normalized_safety_slack"":0.021447725243124566,""velocity_loss"":0.2560819108033416}"
V2E06,M0_V1,FROZEN_V1_CURVATURE_CONTINUITY,LEFT,0,594c2e441123b62f,FROZEN_V1,ACTIVE_OUTER,SAME_SIGN_POSITIVE__SIGN_CHANGE__SAME_SIGN_NEGATIVE,False,True,0.15,4.6183629292740775,0.20161712406991794,0.20641617084234887,0,ACTIVE_OUTER,CURVATURE_CORRIDOR_CRITICAL,CONTINUITY_BIASED_SAFE_ANCHOR,0.5145810930150512,0.6049868191659147,2.800499798602605,4.61010401997784,4.616943058840128,4.623782097702417,6.141394943398441,True,False,d-offset intersects an inflated static-obstacle box,"{""center_track_margin_m"":0.7050131219675538,""d_m"":-0.4799868780324462,""footprint_invalid"":false,""footprint_track_margin_m"":0.41969483221533016,""s_m"":34.34235958251009,""x_m"":1.1916184052663565,""y_m"":4.758386530620567,""yaw_rad"":2.666328895860294}","{""center_track_m"":0.1925131219675538,""curvature_rate_margin_radpm2"":13.670232927902134,""footprint_track_m"":0.028384048831931387,""lateral_slope_margin"":-0.3520096092309426,""obstacle_m"":-0.08434410752326282,""peak_curvature_rate_radpm2"":6.329767072097866,""peak_lateral_slope"":1.1520096092309426,""peak_negative_curvature_radpm"":-1.6726232176506504,""peak_positive_curvature_radpm"":1.0322863992688656,""signed_curvature_margin_radpm"":-0.5285475781879774}","{""braking_deficit_m"":0,""braking_feasible"":true,""exit_reaches_next_obstacle"":false,""generation_index"":0,""global_path_deviation_m"":0.20203082939226522,""minimum_normalized_safety_slack"":-0.4619865679827037,""velocity_loss"":0.36121530853501016}"
V2E06,M0_V1,FROZEN_V1_CURVATURE_CONTINUITY,LEFT,1,dea64f3ebaa64ed3,FROZEN_V1,ACTIVE_OUTER,SAME_SIGN_POSITIVE__SIGN_CHANGE__SAME_SIGN_NEGATIVE,False,True,0.15,4.6183629292740775,0.20161712406991794,0.20643253100607828,0,ACTIVE_OUTER,CURVATURE_CORRIDOR_CRITICAL,CONTINUITY_BIASED_SAFE_ANCHOR,0.5145810930150512,3.94735730932694,2.800499798602605,4.61010401997784,4.616943058840128,4.623782097702417,14.525750156189615,True,False,d-offset intersects an inflated static-obstacle box,"{""center_track_margin_m"":0.7050131219675538,""d_m"":-0.4799868780324462,""footprint_invalid"":false,""footprint_track_margin_m"":0.41969483221533016,""s_m"":34.34235958251009,""x_m"":1.1916184052663565,""y_m"":4.758386530620567,""yaw_rad"":2.666328895860294}","{""center_track_m"":-2.066259551335566,""curvature_rate_margin_radpm2"":15.695182376223883,""footprint_track_m"":-2.2387337364925055,""lateral_slope_margin"":-0.35223730917041784,""obstacle_m"":-0.08434410752326282,""peak_curvature_rate_radpm2"":4.304817623776117,""peak_lateral_slope"":1.152237309170418,""peak_negative_curvature_radpm"":-1.6728140521307524,""peak_positive_curvature_radpm"":1.2900225286537297,""signed_curvature_margin_radpm"":-0.5287384126680794}","{""braking_deficit_m"":0,""braking_feasible"":true,""exit_reaches_next_obstacle"":false,""generation_index"":1,""global_path_deviation_m"":0.8138404291923118,""minimum_normalized_safety_slack"":-1.4775063675570437,""velocity_loss"":0.3338749746528217}"
V2E06,M0_V1,FROZEN_V1_CURVATURE_CONTINUITY,LEFT,2,c9a3a3c8de927106,FROZEN_V1,ACTIVE_OUTER,SAME_SIGN_POSITIVE__SIGN_CHANGE__SAME_SIGN_NEGATIVE,False,True,0.15,4.6183629292740775,0.20161712406991794,0.20643390869366857,0,ACTIVE_OUTER,CURVATURE_CORRIDOR_CRITICAL,CONTINUITY_BIASED_SAFE_ANCHOR,0.5145810930150512,7.397546202396385,2.800499798602605,4.61010401997784,4.616943058840128,4.623782097702417,23.180568440361146,True,False,d-offset intersects an inflated static-obstacle box,"{""center_track_margin_m"":0.7050131219675538,""d_m"":-0.4799868780324462,""footprint_invalid"":false,""footprint_track_margin_m"":0.41969483221533016,""s_m"":34.34235958251009,""x_m"":1.1916184052663565,""y_m"":4.758386530620567,""yaw_rad"":2.666328895860294}","{""center_track_m"":-4.384302652647983,""curvature_rate_margin_radpm2"":11.795596626720418,""footprint_track_m"":-4.362452780929369,""lateral_slope_margin"":-0.35225648375751906,""obstacle_m"":-0.08434410752326282,""peak_curvature_rate_radpm2"":8.204403373279582,""peak_lateral_slope"":1.152256483757519,""peak_negative_curvature_radpm"":-1.6728301174515512,""peak_positive_curvature_radpm"":2.81252906435381,""signed_curvature_margin_radpm"":-1.4962625452747988}","{""braking_deficit_m"":0,""braking_feasible"":true,""exit_reaches_next_obstacle"":false,""generation_index"":2,""global_path_deviation_m"":1.7904196920308177,""minimum_normalized_safety_slack"":-3.022868435098655,""velocity_loss"":0.3210048839423295}"
V2E06,M0_V1,FROZEN_V1_CURVATURE_CONTINUITY,LEFT,3,87e4ee941ce3ad42,FROZEN_V1,ACTIVE_OUTER,SAME_SIGN_POSITIVE__SIGN_CHANGE__SAME_SIGN_NEGATIVE,False,True,0.15,4.6183629292740775,0.20161712406991794,0.20641617084234887,0,ACTIVE_OUTER,CURVATURE_CORRIDOR_CRITICAL,CONTINUITY_BIASED_SAFE_ANCHOR,1.310934367577036,0.6049868191659147,-8.881784197001252e-16,4.61010401997784,4.616943058840128,4.623782097702417,6.141394943398441,True,False,d-offset intersects an inflated static-obstacle box,"{""center_track_margin_m"":0.7056380954460045,""d_m"":-0.4793619045539955,""footprint_invalid"":false,""footprint_track_margin_m"":0.4160690611294778,""s_m"":34.34235958251009,""x_m"":1.1913336015377285,""y_m"":4.757830222536025,""yaw_rad"":2.6422165895738257}","{""center_track_m"":-0.21222108756539437,""curvature_rate_margin_radpm2"":13.93570142295723,""footprint_track_m"":-0.3918795672349774,""lateral_slope_margin"":-0.15275736011056473,""obstacle_m"":-0.4413441236717556,""peak_curvature_rate_radpm2"":6.06429857704277,""peak_lateral_slope"":0.9527573601105648,""peak_negative_curvature_radpm"":-1.5682472266357665,""peak_positive_curvature_radpm"":1.1378080961915475,""signed_curvature_margin_radpm"":-0.42417158717309356}","{""braking_deficit_m"":0,""braking_feasible"":true,""exit_reaches_next_obstacle"":false,""generation_index"":3,""global_path_deviation_m"":0.27706934751941464,""minimum_normalized_safety_slack"":-0.3707548456956134,""velocity_loss"":0.3826219442050031}"
V2E06,M0_V1,FROZEN_V1_CURVATURE_CONTINUITY,LEFT,4,695b11a220c74c41,FROZEN_V1,ACTIVE_OUTER,SAME_SIGN_POSITIVE__SIGN_CHANGE__SAME_SIGN_NEGATIVE,False,True,0.15,4.6183629292740775,0.20161712406991794,0.20643253100607828,0,ACTIVE_OUTER,CURVATURE_CORRIDOR_CRITICAL,CONTINUITY_BIASED_SAFE_ANCHOR,1.310934367577036,3.94735730932694,-8.881784197001252e-16,4.61010401997784,4.616943058840128,4.623782097702417,14.525750156189615,True,False,d-offset intersects an inflated static-obstacle box,"{""center_track_margin_m"":0.7056382625449003,""d_m"":-0.4793617374550998,""footprint_invalid"":false,""footprint_track_margin_m"":0.41606746289321334,""s_m"":34.34235958251009,""x_m"":1.1913335253898756,""y_m"":4.757830073796167,""yaw_rad"":2.6422063324921194}","{""center_track_m"":-2.066259551335566,""curvature_rate_margin_radpm2"":15.885516962651096,""footprint_track_m"":-2.2387337364925055,""lateral_slope_margin"":-0.29309338140605234,""obstacle_m"":-0.44109685361465945,""peak_curvature_rate_radpm2"":4.114483037348904,""peak_lateral_slope"":1.0930933814060524,""peak_negative_curvature_radpm"":-1.434565973446886,""peak_positive_curvature_radpm"":1.2900225286537297,""signed_curvature_margin_radpm"":-0.2904903339842131}","{""braking_deficit_m"":0,""braking_feasible"":true,""exit_reaches_next_obstacle"":false,""generation_index"":4,""global_path_deviation_m"":0.8571663888996849,""minimum_normalized_safety_slack"":-1.4775063675570437,""velocity_loss"":0.3438557170969357}"
V2E06,M0_V1,FROZEN_V1_CURVATURE_CONTINUITY,LEFT,5,70b69e38cb4b95ed,FROZEN_V1,ACTIVE_OUTER,SAME_SIGN_POSITIVE__SIGN_CHANGE__SAME_SIGN_NEGATIVE,False,True,0.15,4.6183629292740775,0.20161712406991794,0.20643390869366857,0,ACTIVE_OUTER,CURVATURE_CORRIDOR_CRITICAL,CONTINUITY_BIASED_SAFE_ANCHOR,1.310934367577036,7.397546202396385,-8.881784197001252e-16,4.61010401997784,4.616943058840128,4.623782097702417,23.180568440361146,True,False,d-offset intersects an inflated static-obstacle box,"{""center_track_margin_m"":0.7056382766162799,""d_m"":-0.4793617233837202,""footprint_invalid"":false,""footprint_track_margin_m"":0.41606732829620646,""s_m"":34.34235958251009,""x_m"":1.1913335189774732,""y_m"":4.7578300612708,""yaw_rad"":2.642205468679025}","{""center_track_m"":-4.384302652647983,""curvature_rate_margin_radpm2"":11.795596626720418,""footprint_track_m"":-4.362452780929368,""lateral_slope_margin"":-0.307060269495945,""obstacle_m"":-0.4410760310302989,""peak_curvature_rate_radpm2"":8.204403373279582,""peak_lateral_slope"":1.107060269495945,""peak_negative_curvature_radpm"":-0.9489898454169438,""peak_positive_curvature_radpm"":2.81252906435381,""signed_curvature_margin_radpm"":-1.4962625452747988}","{""braking_deficit_m"":0,""braking_feasible"":true,""exit_reaches_next_obstacle"":false,""generation_index"":5,""global_path_deviation_m"":1.8205951519556827,""minimum_normalized_safety_slack"":-3.022868435098655,""velocity_loss"":0.3284395485758521}"
V2E06,M0_V2,ZERO_INTERFACE_BOUNDARY_INSET,RIGHT,1000,243d327815554682,FROZEN_V2_EXTENSION,ZERO_INTERFACE,ZERO_RIGHT__ZERO_BOTH__ZERO_LEFT,True,False,-0.3551168431795204,,,-0.3551168431795204,-1,ZERO_INTERFACE,NONE,NONE,1.310934367577036,0.5823232114382496,-8.881784197001252e-16,4.61010401997784,4.616943058840128,4.623782097702417,8.221683441930447,True,False,d-offset intersects an inflated static-obstacle box,"{""center_track_margin_m"":0.7050304243596635,""d_m"":-0.4799695756403366,""footprint_invalid"":false,""footprint_track_margin_m"":0.41965223978982297,""s_m"":34.34235958251009,""x_m"":1.1916105204745102,""y_m"":4.758371129230037,""yaw_rad"":2.665998292743859}","{""center_track_m"":0.2299792220970733,""curvature_rate_margin_radpm2"":19.427468605548412,""footprint_track_m"":0.06351905424653972,""lateral_slope_margin"":0.622375699246532,""obstacle_m"":-0.08436140991537244,""peak_curvature_rate_radpm2"":0.572531394451589,""peak_lateral_slope"":0.17762430075346802,""peak_negative_curvature_radpm"":-0.5027436593521449,""peak_positive_curvature_radpm"":0.7030731120297833,""signed_curvature_margin_radpm"":0.6131934070492278}","{""braking_deficit_m"":0,""braking_feasible"":true,""exit_reaches_next_obstacle"":false,""generation_index"":1000,""global_path_deviation_m"":0.19312835955020308,""minimum_normalized_safety_slack"":-0.056240939943581626,""velocity_loss"":0.17781259500156504}"
V2E06,M0_V2,ZERO_INTERFACE_QUARTER_LONG_EXIT,RIGHT,1001,e105ef9e54c8e171,FROZEN_V2_EXTENSION,ZERO_INTERFACE,ZERO_RIGHT__ZERO_BOTH__ZERO_LEFT,True,False,-0.4098509281367775,,,-0.4098509281367775,-1,ZERO_INTERFACE,NONE,NONE,1.310934367577036,5.947075307825819,-8.881784197001252e-16,4.61010401997784,4.616943058840128,4.623782097702417,41.36796440739351,True,False,d-offset intersects an inflated static-obstacle box,"{""center_track_margin_m"":0.7050228402294851,""d_m"":-0.47997715977051486,""footprint_invalid"":false,""footprint_track_margin_m"":0.4196710074568512,""s_m"":34.34235958251009,""x_m"":1.1916139766028544,""y_m"":4.758377880097198,""yaw_rad"":2.666143777906548}","{""center_track_m"":0.21355676566129558,""curvature_rate_margin_radpm2"":19.222748118396442,""footprint_track_m"":0.04807429755552987,""lateral_slope_margin"":0.7724956571909724,""obstacle_m"":-0.08435382578519418,""peak_curvature_rate_radpm2"":0.777251881603558,""peak_lateral_slope"":0.027504342809027704,""peak_negative_curvature_radpm"":-0.613179640815108,""peak_positive_curvature_radpm"":0.6171249358698379,""signed_curvature_margin_radpm"":0.530895998647565}","{""braking_deficit_m"":0,""braking_feasible"":true,""exit_reaches_next_obstacle"":false,""generation_index"":1001,""global_path_deviation_m"":0.20154651862983544,""minimum_normalized_safety_slack"":-0.05623588385679612,""velocity_loss"":0.08058846520085562}"
V2E06,M0_V2,ZERO_INTERFACE_CENTER_LONG_EXIT,RIGHT,1002,b8aaddd2fce2d55a,FROZEN_V2_EXTENSION,ZERO_INTERFACE,ZERO_RIGHT__ZERO_BOTH__ZERO_LEFT,True,False,-0.46823395209118496,,,-0.46823395209118496,-1,ZERO_INTERFACE,NONE,NONE,1.310934367577036,5.947075307825819,-8.881784197001252e-16,4.61010401997784,4.616943058840128,4.623782097702417,41.36796440739351,True,False,d-offset intersects an inflated static-obstacle box,"{""center_track_margin_m"":0.7050147504906283,""d_m"":-0.4799852495093717,""footprint_invalid"":false,""footprint_track_margin_m"":0.4196908540086964,""s_m"":34.34235958251009,""x_m"":1.1916176631397548,""y_m"":4.758385081022171,""yaw_rad"":2.666297958468379}","{""center_track_m"":0.19603947879646602,""curvature_rate_margin_radpm2"":19.222956501251858,""footprint_track_m"":0.03167565773729079,""lateral_slope_margin"":0.7768448895240697,""obstacle_m"":-0.08434573604633733,""peak_curvature_rate_radpm2"":0.7770434987481406,""peak_lateral_slope"":0.023155110475930323,""peak_negative_curvature_radpm"":-0.613179640815108,""peak_positive_curvature_radpm"":0.6168647148370501,""signed_curvature_margin_radpm"":0.530895998647565}","{""braking_deficit_m"":0,""braking_feasible"":true,""exit_reaches_next_obstacle"":false,""generation_index"":1002,""global_path_deviation_m"":0.22671643089318685,""minimum_normalized_safety_slack"":-0.05623049069755822,""velocity_loss"":0.07890972894708512}"
V2E06,M0_V2,ZERO_INTERFACE_QUARTER_SCALE,RIGHT,1003,97e24822693d5bb3,FROZEN_V2_EXTENSION,ZERO_INTERFACE,ZERO_RIGHT__ZERO_BOTH__ZERO_LEFT,True,False,-0.4098509281367775,,,-0.4098509281367775,-1,ZERO_INTERFACE,NONE,NONE,0.7136694116555473,1.8596451391495756,2.100374848951953,4.61010401997784,4.616943058840128,4.623782097702417,16.113655100374032,True,False,d-offset intersects an inflated static-obstacle box,"{""center_track_margin_m"":0.7050131219675538,""d_m"":-0.4799868780324462,""footprint_invalid"":false,""footprint_track_margin_m"":0.41969483221533016,""s_m"":34.34235958251009,""x_m"":1.1916184052663565,""y_m"":4.758386530620567,""yaw_rad"":2.666328895860294}","{""center_track_m"":0.1925131219675538,""curvature_rate_margin_radpm2"":19.376890925921966,""footprint_track_m"":0.02838404600030301,""lateral_slope_margin"":0.7352408334488965,""obstacle_m"":-0.08434410752326282,""peak_curvature_rate_radpm2"":0.6231090740780338,""peak_lateral_slope"":0.06475916655110359,""peak_negative_curvature_radpm"":-0.509758431301712,""peak_positive_curvature_radpm"":0.6350912475851842,""signed_curvature_margin_radpm"":0.634317208160961}","{""braking_deficit_m"":0,""braking_feasible"":true,""exit_reaches_next_obstacle"":false,""generation_index"":1003,""global_path_deviation_m"":0.20978546282181373,""minimum_normalized_safety_slack"":-0.05622940501550855,""velocity_loss"":0.11955328767354317}"
V2E06,M0_V2,ZERO_INTERFACE_BOUNDARY_INSET,LEFT,1004,28d2ca3d9eb9f770,FROZEN_V2_EXTENSION,ZERO_INTERFACE,ZERO_RIGHT__ZERO_BOTH__ZERO_LEFT,True,False,0.1608984375,,,0.1608984375,-1,ZERO_INTERFACE,NONE,NONE,1.310934367577036,0.6049868191659147,-8.881784197001252e-16,4.61010401997784,4.616943058840128,4.623782097702417,6.141394943398441,True,False,d-offset intersects an inflated static-obstacle box,"{""center_track_margin_m"":0.7051019250902542,""d_m"":-0.47989807490974584,""footprint_invalid"":false,""footprint_track_margin_m"":0.4194593217928891,""s_m"":34.34235958251009,""x_m"":1.1915779372123816,""y_m"":4.7583074842341295,""yaw_rad"":2.6645352677154306}","{""center_track_m"":0.3557494848215665,""curvature_rate_margin_radpm2"":19.205941246649182,""footprint_track_m"":0.18121327891837927,""lateral_slope_margin"":0.54867197997749,""obstacle_m"":-0.0844329106459632,""peak_curvature_rate_radpm2"":0.7940587533508167,""peak_lateral_slope"":0.25132802002251003,""peak_negative_curvature_radpm"":-0.5221202617742006,""peak_positive_curvature_radpm"":0.6010646909933564,""signed_curvature_margin_radpm"":0.6219553776884724}","{""braking_deficit_m"":0,""braking_feasible"":true,""exit_reaches_next_obstacle"":false,""generation_index"":1004,""global_path_deviation_m"":0.1117153879718121,""minimum_normalized_safety_slack"":-0.0562886070973088,""velocity_loss"":0.313962408174796}"
V2E06,M0_V2,ZERO_INTERFACE_QUARTER_LONG_EXIT,LEFT,1005,8b729b441d8b651b,FROZEN_V2_EXTENSION,ZERO_INTERFACE,ZERO_RIGHT__ZERO_BOTH__ZERO_LEFT,True,False,0.324375,,,0.324375,-1,ZERO_INTERFACE,NONE,NONE,1.310934367577036,7.397546202396385,-8.881784197001252e-16,4.61010401997784,4.616943058840128,4.623782097702417,23.180568440361146,True,False,d-offset intersects an inflated static-obstacle box,"{""center_track_margin_m"":0.705124576926529,""d_m"":-0.4798754230734711,""footprint_invalid"":false,""footprint_track_margin_m"":0.4193884259638034,""s_m"":34.34235958251009,""x_m"":1.191567614650459,""y_m"":4.75828732113908,""yaw_rad"":2.6640161059043264}","{""center_track_m"":0.38294472988368383,""curvature_rate_margin_radpm2"":19.307584586594764,""footprint_track_m"":0.20009828708270797,""lateral_slope_margin"":0.48456341050734025,""obstacle_m"":-0.20882715612085123,""peak_curvature_rate_radpm2"":0.6924154134052358,""peak_lateral_slope"":0.3154365894926598,""peak_negative_curvature_radpm"":-0.51884068773743,""peak_positive_curvature_radpm"":0.7579743675374896,""signed_curvature_margin_radpm"":0.5582921515415215}","{""braking_deficit_m"":0,""braking_feasible"":true,""exit_reaches_next_obstacle"":false,""generation_index"":1005,""global_path_deviation_m"":0.14990414086492407,""minimum_normalized_safety_slack"":-0.13921810408056748,""velocity_loss"":0.1666240871659283}"
V2E06,M0_V2,ZERO_INTERFACE_CENTER_LONG_EXIT,LEFT,1006,a02f09e387d60609,FROZEN_V2_EXTENSION,ZERO_INTERFACE,ZERO_RIGHT__ZERO_BOTH__ZERO_LEFT,True,False,0.4987500000000001,,,0.4987500000000001,-1,ZERO_INTERFACE,NONE,NONE,1.310934367577036,7.397546202396385,-8.881784197001252e-16,4.61010401997784,4.616943058840128,4.623782097702417,23.180568440361146,True,False,d-offset intersects an inflated static-obstacle box,"{""center_track_margin_m"":0.705148738885222,""d_m"":-0.47985126111477805,""footprint_invalid"":false,""footprint_track_margin_m"":0.419305284673079,""s_m"":34.34235958251009,""x_m"":1.1915566039177414,""y_m"":4.758265813837694,""yaw_rad"":2.6634195628049313}","{""center_track_m"":0.33818545941758904,""curvature_rate_margin_radpm2"":19.25307286579551,""footprint_track_m"":0.17932752942953778,""lateral_slope_margin"":0.4161809364058458,""obstacle_m"":-0.36695551633642765,""peak_curvature_rate_radpm2"":0.7469271342044892,""peak_lateral_slope"":0.38381906359415424,""peak_negative_curvature_radpm"":-0.5125619249254909,""peak_positive_curvature_radpm"":0.8174148685781353,""signed_curvature_margin_radpm"":0.49885165050087577}","{""braking_deficit_m"":0,""braking_feasible"":true,""exit_reaches_next_obstacle"":false,""generation_index"":1006,""global_path_deviation_m"":0.21413644626654132,""minimum_normalized_safety_slack"":-0.24463701089095177,""velocity_loss"":0.17875119042671736}"
V2E06,M0_V2,ZERO_INTERFACE_QUARTER_SCALE,LEFT,1007,31e9ed7038febf67,FROZEN_V2_EXTENSION,ZERO_INTERFACE,ZERO_RIGHT__ZERO_BOTH__ZERO_LEFT,True,False,0.324375,,,0.324375,-1,ZERO_INTERFACE,NONE,NONE,0.7136694116555473,2.222262862792217,2.100374848951953,4.61010401997784,4.616943058840128,4.623782097702417,10.198341014103846,True,False,d-offset intersects an inflated static-obstacle box,"{""center_track_margin_m"":0.7050131219675538,""d_m"":-0.4799868780324462,""footprint_invalid"":false,""footprint_track_margin_m"":0.41969483221533016,""s_m"":34.34235958251009,""x_m"":1.1916184052663565,""y_m"":4.758386530620567,""yaw_rad"":2.666328895860294}","{""center_track_m"":0.1925131219675538,""curvature_rate_margin_radpm2"":18.646026392311676,""footprint_track_m"":0.02838401635710478,""lateral_slope_margin"":0.22653686111903748,""obstacle_m"":-0.08434410752326282,""peak_curvature_rate_radpm2"":1.3539736076883229,""peak_lateral_slope"":0.5734631388809626,""peak_negative_curvature_radpm"":-0.768619537132611,""peak_positive_curvature_radpm"":0.6682344430914202,""signed_curvature_margin_radpm"":0.375456102330062}","{""braking_deficit_m"":0,""braking_feasible"":true,""exit_reaches_next_obstacle"":false,""generation_index"":1007,""global_path_deviation_m"":0.16996920876320645,""minimum_normalized_safety_slack"":-0.05622940501550855,""velocity_loss"":0.25565109137357106}"
V2E06,M0_V2,BRANCH_AWARE_ANALYTIC_ROOT,LEFT,1008,91ba4380a2ba1f7b,FROZEN_V2_EXTENSION,ACTIVE_OUTER,SAME_SIGN_POSITIVE__SIGN_CHANGE__SAME_SIGN_NEGATIVE,True,False,0.15,4.616943058840128,0.48455856203495906,0.4845585620349592,0,ACTIVE_OUTER,CORRIDOR_BOTTLENECK,CORRIDOR_CENTER,0.7136694116555473,2.222262862792217,2.100374848951953,4.61010401997784,4.616943058840128,4.623782097702417,10.198341014103846,True,False,d-offset intersects an inflated static-obstacle box,"{""center_track_margin_m"":0.7050131219675538,""d_m"":-0.4799868780324462,""footprint_invalid"":false,""footprint_track_margin_m"":0.41969483221533016,""s_m"":34.34235958251009,""x_m"":1.1916184052663565,""y_m"":4.758386530620567,""yaw_rad"":2.666328895860294}","{""center_track_m"":-8.594252734976724,""curvature_rate_margin_radpm2"":7.252605305931384,""footprint_track_m"":-8.794236248626468,""lateral_slope_margin"":-5.754026959008106,""obstacle_m"":-0.15849710205761225,""peak_curvature_rate_radpm2"":12.747394694068616,""peak_lateral_slope"":6.554026959008106,""peak_negative_curvature_radpm"":-1.308568015329078,""peak_positive_curvature_radpm"":3.291815341228486,""signed_curvature_margin_radpm"":-1.975548822149475}","{""braking_deficit_m"":0,""braking_feasible"":true,""exit_reaches_next_obstacle"":false,""generation_index"":1008,""global_path_deviation_m"":2.062925722410737,""minimum_normalized_safety_slack"":-5.829501823317816,""velocity_loss"":0.3912658138471469}"
V2E06,M1,ZERO_BOUNDARY_SHORT,RIGHT,2000,dd50d91b90e7c3ba,M1_BRANCH_COMPLETE_ACTIVE_SET_CLOSURE,ZERO_INTERFACE,ZERO_RIGHT__ZERO_BOTH__ZERO_LEFT,True,False,-0.3551168431795204,,,-0.3551168431795204,0,ZERO_INTERFACE,NONE,NONE,0.5145810930150512,0.4971684162574945,2.800499798602605,4.61010401997784,4.616943058840128,4.623782097702417,7.695551998034207,True,False,d-offset intersects an inflated static-obstacle box,"{""center_track_margin_m"":0.7050131219675538,""d_m"":-0.4799868780324462,""footprint_invalid"":false,""footprint_track_margin_m"":0.41969483221533016,""s_m"":34.34235958251009,""x_m"":1.1916184052663565,""y_m"":4.758386530620567,""yaw_rad"":2.666328895860294}","{""center_track_m"":0.1925131219675538,""curvature_rate_margin_radpm2"":19.225464055462208,""footprint_track_m"":0.028384048831931387,""lateral_slope_margin"":0.5926130557195844,""obstacle_m"":-0.08434410752326282,""peak_curvature_rate_radpm2"":0.7745359445377928,""peak_lateral_slope"":0.20738694428041557,""peak_negative_curvature_radpm"":-0.5719155263204277,""peak_positive_curvature_radpm"":0.6293416034587483,""signed_curvature_margin_radpm"":0.5721601131422452}","{""braking_deficit_m"":0,""braking_feasible"":true,""exit_reaches_next_obstacle"":false,""generation_index"":2000,""global_path_deviation_m"":0.20686339302229612,""minimum_normalized_safety_slack"":-0.05622940501550855,""velocity_loss"":0.18637257465097917}"
V2E06,M1,ZERO_BOUNDARY_SHORT,LEFT,2001,53f9b80d312b3dd2,M1_BRANCH_COMPLETE_ACTIVE_SET_CLOSURE,ZERO_INTERFACE,ZERO_RIGHT__ZERO_BOTH__ZERO_LEFT,True,False,0.1608984375,,,0.1608984375,0,ZERO_INTERFACE,NONE,NONE,0.5145810930150512,0.4971684162574945,2.800499798602605,4.61010401997784,4.616943058840128,4.623782097702417,5.8709318720180805,True,False,d-offset intersects an inflated static-obstacle box,"{""center_track_margin_m"":0.7050131219675538,""d_m"":-0.4799868780324462,""footprint_invalid"":false,""footprint_track_margin_m"":0.41969483221533016,""s_m"":34.34235958251009,""x_m"":1.1916184052663565,""y_m"":4.758386530620567,""yaw_rad"":2.666328895860294}","{""center_track_m"":0.1925131219675538,""curvature_rate_margin_radpm2"":17.937438617213004,""footprint_track_m"":0.028384048831931387,""lateral_slope_margin"":0.16403269680392085,""obstacle_m"":-0.08434410752326282,""peak_curvature_rate_radpm2"":2.0625613827869946,""peak_lateral_slope"":0.6359673031960792,""peak_negative_curvature_radpm"":-0.9526609884793242,""peak_positive_curvature_radpm"":0.5188657951587953,""signed_curvature_margin_radpm"":0.19141465098334876}","{""braking_deficit_m"":0,""braking_feasible"":true,""exit_reaches_next_obstacle"":false,""generation_index"":2001,""global_path_deviation_m"":0.1761939885456598,""minimum_normalized_safety_slack"":-0.05622940501550855,""velocity_loss"":0.2502368383714532}"
V2E06,M1,ZERO_BOUNDARY_SPAN,RIGHT,2002,881c3a77dae2eb76,M1_BRANCH_COMPLETE_ACTIVE_SET_CLOSURE,ZERO_INTERFACE,ZERO_RIGHT__ZERO_BOTH__ZERO_LEFT,True,False,-0.3551168431795204,,,-0.3551168431795204,0,ZERO_INTERFACE,NONE,NONE,0.7136694116555473,0.4971684162574945,2.100374848951953,4.61010401997784,4.616943058840128,4.623782097702417,7.695551998034207,True,False,d-offset intersects an inflated static-obstacle box,"{""center_track_margin_m"":0.7050131219675538,""d_m"":-0.4799868780324462,""footprint_invalid"":false,""footprint_track_margin_m"":0.41969483221533016,""s_m"":34.34235958251009,""x_m"":1.1916184052663565,""y_m"":4.758386530620567,""yaw_rad"":2.666328895860294}","{""center_track_m"":0.1925131219675538,""curvature_rate_margin_radpm2"":19.324616597007374,""footprint_track_m"":0.02838404379050289,""lateral_slope_margin"":0.5926130557195844,""obstacle_m"":-0.08434410752326282,""peak_curvature_rate_radpm2"":0.6753834029926252,""peak_lateral_slope"":0.20738694428041557,""peak_negative_curvature_radpm"":-0.5378508508231149,""peak_positive_curvature_radpm"":0.6293416034587483,""signed_curvature_margin_radpm"":0.6062247886395581}","{""braking_deficit_m"":0,""braking_feasible"":true,""exit_reaches_next_obstacle"":false,""generation_index"":2002,""global_path_deviation_m"":0.20355843537143944,""minimum_normalized_safety_slack"":-0.05622940501550855,""velocity_loss"":0.18429768089237017}"
V2E06,M1,ZERO_BOUNDARY_SPAN,LEFT,2003,cd2432c70bc45a46,M1_BRANCH_COMPLETE_ACTIVE_SET_CLOSURE,ZERO_INTERFACE,ZERO_RIGHT__ZERO_BOTH__ZERO_LEFT,True,False,0.1608984375,,,0.1608984375,0,ZERO_INTERFACE,NONE,NONE,0.7136694116555473,0.4971684162574945,2.100374848951953,4.61010401997784,4.616943058840128,4.623782097702417,5.8709318720180805,True,False,d-offset intersects an inflated static-obstacle box,"{""center_track_margin_m"":0.7050131219675538,""d_m"":-0.4799868780324462,""footprint_invalid"":false,""footprint_track_margin_m"":0.41969483221533016,""s_m"":34.34235958251009,""x_m"":1.1916184052663565,""y_m"":4.758386530620567,""yaw_rad"":2.666328895860294}","{""center_track_m"":0.1925131219675538,""curvature_rate_margin_radpm2"":18.68629462863513,""footprint_track_m"":0.028384022957209244,""lateral_slope_margin"":0.34308612237199165,""obstacle_m"":-0.08434410752326282,""peak_curvature_rate_radpm2"":1.3137053713648679,""peak_lateral_slope"":0.4569138776280084,""peak_negative_curvature_radpm"":-0.7407982055540822,""peak_positive_curvature_radpm"":0.5188657951587953,""signed_curvature_margin_radpm"":0.40327743390859083}","{""braking_deficit_m"":0,""braking_feasible"":true,""exit_reaches_next_obstacle"":false,""generation_index"":2003,""global_path_deviation_m"":0.16086199270654247,""minimum_normalized_safety_slack"":-0.05622940501550855,""velocity_loss"":0.22327423946513114}"
V2E06,M1,NEAR_LONG,LEFT,2004,b231f29acfd9985f,M1_BRANCH_COMPLETE_ACTIVE_SET_CLOSURE,ACTIVE_OUTER,SAME_SIGN_POSITIVE__SIGN_CHANGE__SAME_SIGN_NEGATIVE,True,False,0.15,4.616943058840128,0.48455856203495906,0.4845585620349585,0,ACTIVE_OUTER,CORRIDOR_BOTTLENECK,CORRIDOR_CENTER,1.310934367577036,7.397546202396385,-8.881784197001252e-16,4.61010401997784,4.616943058840128,4.623782097702417,23.180568440361146,True,False,d-offset intersects an inflated static-obstacle box,"{""center_track_margin_m"":0.7084789808235026,""d_m"":-0.4765210191764975,""footprint_invalid"":false,""footprint_track_margin_m"":0.46442433563966284,""s_m"":34.34235958251009,""x_m"":1.1900389950047892,""y_m"":4.755301463225028,""yaw_rad"":2.854392402317435}","{""center_track_m"":-30.436565340279188,""curvature_rate_margin_radpm2"":11.559419826526264,""footprint_track_m"":-29.73092330279712,""lateral_slope_margin"":-5.815944679943264,""obstacle_m"":-0.08780996637921157,""peak_curvature_rate_radpm2"":8.440580173473736,""peak_lateral_slope"":6.615944679943264,""peak_negative_curvature_radpm"":-1.0838891383110694,""peak_positive_curvature_radpm"":2.8766912505215787,""signed_curvature_margin_radpm"":-1.5604247314425677}","{""braking_deficit_m"":0,""braking_feasible"":true,""exit_reaches_next_obstacle"":false,""generation_index"":2004,""global_path_deviation_m"":10.62722103826384,""minimum_normalized_safety_slack"":-20.391043560186123,""velocity_loss"":0.21313488195392621}"
V2E06,M1,FAR_SPAN,RIGHT,2005,93932beae8e196c9,M1_BRANCH_COMPLETE_ACTIVE_SET_CLOSURE,ALL_INACTIVE,SIGN_CHANGE__SIGN_CHANGE__SIGN_CHANGE,True,False,-0.585,4.616943058840128,-0.46823395209118496,-0.468233952091188,0,ALL_INACTIVE,CORRIDOR_BOTTLENECK,CORRIDOR_CENTER,0.7136694116555473,0.4971684162574945,2.100374848951953,4.61010401997784,4.616943058840128,4.623782097702417,7.695551998034207,True,False,d-offset intersects an inflated static-obstacle box,"{""center_track_margin_m"":0.7050131219675538,""d_m"":-0.4799868780324462,""footprint_invalid"":false,""footprint_track_margin_m"":0.41969483221533016,""s_m"":34.34235958251009,""x_m"":1.1916184052663565,""y_m"":4.758386530620567,""yaw_rad"":2.666328895860294}","{""center_track_m"":-0.6001634025981359,""curvature_rate_margin_radpm2"":11.46791353623197,""footprint_track_m"":-0.7983216148478286,""lateral_slope_margin"":-1.5123269197623113,""obstacle_m"":-0.46178365709964864,""peak_curvature_rate_radpm2"":8.53208646376803,""peak_lateral_slope"":2.3123269197623113,""peak_negative_curvature_radpm"":-1.6972297999227821,""peak_positive_curvature_radpm"":2.252997993799083,""signed_curvature_margin_radpm"":-0.9367314747200721}","{""braking_deficit_m"":0,""braking_feasible"":true,""exit_reaches_next_obstacle"":false,""generation_index"":2005,""global_path_deviation_m"":0.3384713040801072,""minimum_normalized_safety_slack"":-0.7116579060109355,""velocity_loss"":0.40035163577962135}"
V2E06,M1,FAR_SPAN,LEFT,2006,0973c4cda44dc134,M1_BRANCH_COMPLETE_ACTIVE_SET_CLOSURE,ALL_INACTIVE,SIGN_CHANGE__SIGN_CHANGE__SIGN_CHANGE,True,False,0.8475000000000001,4.616943058840128,0.48455856203495906,0.4845585620349594,0,ALL_INACTIVE,CORRIDOR_BOTTLENECK,CORRIDOR_CENTER,0.7136694116555473,0.4971684162574945,2.100374848951953,4.61010401997784,4.616943058840128,4.623782097702417,5.8709318720180805,True,False,d-offset intersects an inflated static-obstacle box,"{""center_track_margin_m"":0.7050131219675538,""d_m"":-0.4799868780324462,""footprint_invalid"":false,""footprint_track_margin_m"":0.41969483221533016,""s_m"":34.34235958251009,""x_m"":1.1916184052663565,""y_m"":4.758386530620567,""yaw_rad"":2.666328895860294}","{""center_track_m"":-3.391153934056345,""curvature_rate_margin_radpm2"":-6.991070986529312,""footprint_track_m"":-3.7314553573283815,""lateral_slope_margin"":-6.487818911764393,""obstacle_m"":-0.08434410752326282,""peak_curvature_rate_radpm2"":26.991070986529312,""peak_lateral_slope"":7.287818911764393,""peak_negative_curvature_radpm"":-5.789001918287082,""peak_positive_curvature_radpm"":6.757046687044543,""signed_curvature_margin_radpm"":-5.440780167965531}","{""braking_deficit_m"":0,""braking_feasible"":true,""exit_reaches_next_obstacle"":false,""generation_index"":2006,""global_path_deviation_m"":0.6823065047576772,""minimum_normalized_safety_slack"":-4.133494310690539,""velocity_loss"":0.41370550860379063}"
V2E07,M1,ZERO_BOUNDARY_SHORT,LEFT,2000,bf1881e5069b10b5,M1_BRANCH_COMPLETE_ACTIVE_SET_CLOSURE,ZERO_INTERFACE,ZERO_RIGHT__ZERO_BOTH__ZERO_LEFT,True,False,0.3207636288168947,,,0.3207636288168947,0,ZERO_INTERFACE,NONE,NONE,0.5145810930150512,0.4971684162574945,0,0.38813325101321877,0.5312771365723478,0.6744210221314768,3.746190922463267,True,False,shifted race line exceeds right control steering curvature,"{""center_track_margin_m"":1.0272675087210548,""d_m"":0.017267508721054682,""footprint_invalid"":false,""footprint_track_margin_m"":0.6741798756689402,""s_m"":0.7522810900665021,""x_m"":-10.554158038534824,""y_m"":4.636206948267694,""yaw_rad"":-0.660045877876166}","{""center_track_m"":0.69489030370617,""curvature_rate_margin_radpm2"":14.374414368662663,""footprint_track_m"":0.527762696463169,""lateral_slope_margin"":-0.31037231302101587,""obstacle_m"":-0.11141627767742765,""peak_curvature_rate_radpm2"":5.625585631337336,""peak_lateral_slope"":1.110372313021016,""peak_negative_curvature_radpm"":-1.7587338192196045,""peak_positive_curvature_radpm"":0.44395452541730707,""signed_curvature_margin_radpm"":-0.6146581797569315}","{""braking_deficit_m"":0,""braking_feasible"":true,""exit_reaches_next_obstacle"":true,""generation_index"":2000,""global_path_deviation_m"":0.07215763669855964,""minimum_normalized_safety_slack"":-0.5372530963473815,""velocity_loss"":0.3946375246930938}"
V2E07,M1,ZERO_BOUNDARY_SPAN,LEFT,2001,bf1881e5069b10b5,M1_BRANCH_COMPLETE_ACTIVE_SET_CLOSURE,ZERO_INTERFACE,ZERO_RIGHT__ZERO_BOTH__ZERO_LEFT,True,False,0.3207636288168947,,,0.3207636288168947,0,ZERO_INTERFACE,NONE,NONE,0.7136694116555473,0.4971684162574945,0,0.38813325101321877,0.5312771365723478,0.6744210221314768,3.746190922463267,True,False,shifted race line exceeds right control steering curvature,"{""center_track_margin_m"":1.0272675087210548,""d_m"":0.017267508721054682,""footprint_invalid"":false,""footprint_track_margin_m"":0.6741798756689402,""s_m"":0.7522810900665021,""x_m"":-10.554158038534824,""y_m"":4.636206948267694,""yaw_rad"":-0.660045877876166}","{""center_track_m"":0.69489030370617,""curvature_rate_margin_radpm2"":14.374414368662663,""footprint_track_m"":0.527762696463169,""lateral_slope_margin"":-0.31037231302101587,""obstacle_m"":-0.11141627767742765,""peak_curvature_rate_radpm2"":5.625585631337336,""peak_lateral_slope"":1.110372313021016,""peak_negative_curvature_radpm"":-1.7587338192196045,""peak_positive_curvature_radpm"":0.44395452541730707,""signed_curvature_margin_radpm"":-0.6146581797569315}","{""braking_deficit_m"":0,""braking_feasible"":true,""exit_reaches_next_obstacle"":true,""generation_index"":2001,""global_path_deviation_m"":0.07215763669855964,""minimum_normalized_safety_slack"":-0.5372530963473815,""velocity_loss"":0.3946375246930938}"
V2E08,M0_V1,FROZEN_V1_CURVATURE_CONTINUITY,RIGHT,0,9ceee95e3093c0fe,FROZEN_V1,ACTIVE_OUTER,SAME_SIGN_NEGATIVE__SIGN_CHANGE__SAME_SIGN_POSITIVE,False,False,-0.15000000000000002,0.3512738198587826,-0.15000000000000002,-0.15000230995126754,0,ACTIVE_OUTER,CURVATURE_CORRIDOR_CRITICAL,CONTINUITY_BIASED_SAFE_ANCHOR,0.5145810930150512,0.6049868191659147,0,0.2506430508507757,0.32000762449136455,0.38937219813195334,1.9069850438279772,True,False,shifted race line exceeds left control steering curvature,"{""center_track_margin_m"":0.8717763700059414,""d_m"":-0.05072362999405853,""footprint_invalid"":false,""footprint_track_margin_m"":0.5782192994661771,""s_m"":14.797220405260116,""x_m"":1.0716091308413698,""y_m"":0.14105914519059387,""yaw_rad"":-0.6740114390890589}","{""center_track_m"":0.7474999999999944,""curvature_rate_margin_radpm2"":17.204259490005448,""footprint_track_m"":0.5562582763483891,""lateral_slope_margin"":0.4042388844814127,""obstacle_m"":0.04848733691720645,""peak_curvature_rate_radpm2"":2.7957405099945536,""peak_lateral_slope"":0.39576111551858734,""peak_negative_curvature_radpm"":-0.23543975294078387,""peak_positive_curvature_radpm"":1.6044898726276877,""signed_curvature_margin_radpm"":-0.2882233535486767}","{""braking_deficit_m"":0,""braking_feasible"":true,""exit_reaches_next_obstacle"":false,""generation_index"":0,""global_path_deviation_m"":0.020964942398145586,""minimum_normalized_safety_slack"":-0.21897036000759632,""velocity_loss"":0.2779311050731078}"
V2E08,M0_V1,FROZEN_V1_CURVATURE_CONTINUITY,RIGHT,1,0f53114eac3d0091,FROZEN_V1,ACTIVE_OUTER,SAME_SIGN_NEGATIVE__SIGN_CHANGE__SAME_SIGN_POSITIVE,False,False,-0.15000000000000002,0.3512738198587826,-0.15000000000000002,-0.15000001026299115,0,ACTIVE_OUTER,CURVATURE_CORRIDOR_CRITICAL,CONTINUITY_BIASED_SAFE_ANCHOR,0.5145810930150512,3.94735730932694,0,0.2506430508507757,0.32000762449136455,0.38937219813195334,10.29134025661915,True,False,shifted race line exceeds left control steering curvature,"{""center_track_margin_m"":0.8717723862420479,""d_m"":-0.05072761375795212,""footprint_invalid"":false,""footprint_track_margin_m"":0.5796817490252173,""s_m"":14.797220405260116,""x_m"":1.0716087407279142,""y_m"":0.14105518057380892,""yaw_rad"":-0.662473421711133}","{""center_track_m"":0.520657506708847,""curvature_rate_margin_radpm2"":16.900294710741818,""footprint_track_m"":0.35465737719237983,""lateral_slope_margin"":0.4042547655914119,""obstacle_m"":0.04849132068110004,""peak_curvature_rate_radpm2"":3.0997052892581825,""peak_lateral_slope"":0.39574523440858816,""peak_negative_curvature_radpm"":-0.3821197467059802,""peak_positive_curvature_radpm"":1.596975724235575,""signed_curvature_margin_radpm"":-0.28070920515656406}","{""braking_deficit_m"":0,""braking_feasible"":true,""exit_reaches_next_obstacle"":false,""generation_index"":1,""global_path_deviation_m"":0.04935691125904648,""minimum_normalized_safety_slack"":-0.21326167693832682,""velocity_loss"":0.13212705607644773}"
V2E08,M0_V1,FROZEN_V1_CURVATURE_CONTINUITY,RIGHT,2,ca3f4b51eb4dc64c,FROZEN_V1,ACTIVE_OUTER,SAME_SIGN_NEGATIVE__SIGN_CHANGE__SAME_SIGN_POSITIVE,False,False,-0.15000000000000002,0.3512738198587826,-0.15000000000000002,-0.15000000158945753,0,ACTIVE_OUTER,CURVATURE_CORRIDOR_CRITICAL,CONTINUITY_BIASED_SAFE_ANCHOR,0.5145810930150512,7.397546202396385,0,0.2506430508507757,0.32000762449136455,0.38937219813195334,18.946158540790684,True,False,shifted race line exceeds left control steering curvature,"{""center_track_margin_m"":0.8717723712135218,""d_m"":-0.0507276287864782,""footprint_invalid"":false,""footprint_track_margin_m"":0.5796839393929203,""s_m"":14.797220405260116,""x_m"":1.071608739256233,""y_m"":0.14105516561751424,""yaw_rad"":-0.6624562972339697}","{""center_track_m"":0.44423950365659065,""curvature_rate_margin_radpm2"":16.894253521476095,""footprint_track_m"":0.27902241747186146,""lateral_slope_margin"":0.4042548254995216,""obstacle_m"":0.04849133570962612,""peak_curvature_rate_radpm2"":3.105746478523903,""peak_lateral_slope"":0.39574517450047847,""peak_negative_curvature_radpm"":-0.6159131675739509,""peak_positive_curvature_radpm"":1.5974571088687899,""signed_curvature_margin_radpm"":-0.28119058978977884}","{""braking_deficit_m"":0,""braking_feasible"":true,""exit_reaches_next_obstacle"":false,""generation_index"":2,""global_path_deviation_m"":0.0574515999638022,""minimum_normalized_safety_slack"":-0.21362739666623695,""velocity_loss"":0.08964757264784279}"
V2E08,M0_V1,FROZEN_V1_CURVATURE_CONTINUITY,RIGHT,3,9ceee95e3093c0fe,FROZEN_V1,ACTIVE_OUTER,SAME_SIGN_NEGATIVE__SIGN_CHANGE__SAME_SIGN_POSITIVE,False,False,-0.15000000000000002,0.3512738198587826,-0.15000000000000002,-0.15000230995126754,0,ACTIVE_OUTER,CURVATURE_CORRIDOR_CRITICAL,CONTINUITY_BIASED_SAFE_ANCHOR,1.310934367577036,0.6049868191659147,0,0.2506430508507757,0.32000762449136455,0.38937219813195334,1.9069850438279772,True,False,shifted race line exceeds left control steering curvature,"{""center_track_margin_m"":0.8717763700059414,""d_m"":-0.05072362999405853,""footprint_invalid"":false,""footprint_track_margin_m"":0.5782192994661771,""s_m"":14.797220405260116,""x_m"":1.0716091308413698,""y_m"":0.14105914519059387,""yaw_rad"":-0.6740114390890589}","{""center_track_m"":0.7474999999999944,""curvature_rate_margin_radpm2"":17.204259490005448,""footprint_track_m"":0.5562582763483891,""lateral_slope_margin"":0.4042388844814127,""obstacle_m"":0.04848733691720645,""peak_curvature_rate_radpm2"":2.7957405099945536,""peak_lateral_slope"":0.39576111551858734,""peak_negative_curvature_radpm"":-0.23543975294078387,""peak_positive_curvature_radpm"":1.6044898726276877,""signed_curvature_margin_radpm"":-0.2882233535486767}","{""braking_deficit_m"":0,""braking_feasible"":true,""exit_reaches_next_obstacle"":false,""generation_index"":3,""global_path_deviation_m"":0.020964942398145586,""minimum_normalized_safety_slack"":-0.21897036000759632,""velocity_loss"":0.2779311050731078}"
V2E08,M0_V1,FROZEN_V1_CURVATURE_CONTINUITY,RIGHT,4,0f53114eac3d0091,FROZEN_V1,ACTIVE_OUTER,SAME_SIGN_NEGATIVE__SIGN_CHANGE__SAME_SIGN_POSITIVE,False,False,-0.15000000000000002,0.3512738198587826,-0.15000000000000002,-0.15000001026299115,0,ACTIVE_OUTER,CURVATURE_CORRIDOR_CRITICAL,CONTINUITY_BIASED_SAFE_ANCHOR,1.310934367577036,3.94735730932694,0,0.2506430508507757,0.32000762449136455,0.38937219813195334,10.29134025661915,True,False,shifted race line exceeds left control steering curvature,"{""center_track_margin_m"":0.8717723862420479,""d_m"":-0.05072761375795212,""footprint_invalid"":false,""footprint_track_margin_m"":0.5796817490252173,""s_m"":14.797220405260116,""x_m"":1.0716087407279142,""y_m"":0.14105518057380892,""yaw_rad"":-0.662473421711133}","{""center_track_m"":0.520657506708847,""curvature_rate_margin_radpm2"":16.900294710741818,""footprint_track_m"":0.35465737719237983,""lateral_slope_margin"":0.4042547655914119,""obstacle_m"":0.04849132068110004,""peak_curvature_rate_radpm2"":3.0997052892581825,""peak_lateral_slope"":0.39574523440858816,""peak_negative_curvature_radpm"":-0.3821197467059802,""peak_positive_curvature_radpm"":1.596975724235575,""signed_curvature_margin_radpm"":-0.28070920515656406}","{""braking_deficit_m"":0,""braking_feasible"":true,""exit_reaches_next_obstacle"":false,""generation_index"":4,""global_path_deviation_m"":0.04935691125904648,""minimum_normalized_safety_slack"":-0.21326167693832682,""velocity_loss"":0.13212705607644773}"
V2E08,M0_V1,FROZEN_V1_CURVATURE_CONTINUITY,RIGHT,5,ca3f4b51eb4dc64c,FROZEN_V1,ACTIVE_OUTER,SAME_SIGN_NEGATIVE__SIGN_CHANGE__SAME_SIGN_POSITIVE,False,False,-0.15000000000000002,0.3512738198587826,-0.15000000000000002,-0.15000000158945753,0,ACTIVE_OUTER,CURVATURE_CORRIDOR_CRITICAL,CONTINUITY_BIASED_SAFE_ANCHOR,1.310934367577036,7.397546202396385,0,0.2506430508507757,0.32000762449136455,0.38937219813195334,18.946158540790684,True,False,shifted race line exceeds left control steering curvature,"{""center_track_margin_m"":0.8717723712135218,""d_m"":-0.0507276287864782,""footprint_invalid"":false,""footprint_track_margin_m"":0.5796839393929203,""s_m"":14.797220405260116,""x_m"":1.071608739256233,""y_m"":0.14105516561751424,""yaw_rad"":-0.6624562972339697}","{""center_track_m"":0.44423950365659065,""curvature_rate_margin_radpm2"":16.894253521476095,""footprint_track_m"":0.27902241747186146,""lateral_slope_margin"":0.4042548254995216,""obstacle_m"":0.04849133570962612,""peak_curvature_rate_radpm2"":3.105746478523903,""peak_lateral_slope"":0.39574517450047847,""peak_negative_curvature_radpm"":-0.6159131675739509,""peak_positive_curvature_radpm"":1.5974571088687899,""signed_curvature_margin_radpm"":-0.28119058978977884}","{""braking_deficit_m"":0,""braking_feasible"":true,""exit_reaches_next_obstacle"":false,""generation_index"":5,""global_path_deviation_m"":0.0574515999638022,""minimum_normalized_safety_slack"":-0.21362739666623695,""velocity_loss"":0.08964757264784279}"
V2E08,M1,ZERO_BOUNDARY_SHORT,RIGHT,2000,3991ea21a72979c5,M1_BRANCH_COMPLETE_ACTIVE_SET_CLOSURE,ZERO_INTERFACE,ZERO_RIGHT__ZERO_BOTH__ZERO_LEFT,True,False,-0.1593359375,,,-0.1593359375,0,ZERO_INTERFACE,NONE,NONE,0.5145810930150512,0.4971684162574945,0,0.2506430508507757,0.32000762449136455,0.38937219813195334,1.6365219724476168,True,False,shifted race line exceeds left control steering curvature,"{""center_track_margin_m"":0.8689669332660477,""d_m"":-0.05353306673395226,""footprint_invalid"":false,""footprint_track_margin_m"":0.569763957993068,""s_m"":14.797220405260116,""x_m"":1.0713340143674621,""y_m"":0.13826321140717746,""yaw_rad"":-0.721713708296155}","{""center_track_m"":0.7381769626410316,""curvature_rate_margin_radpm2"":16.891531190309355,""footprint_track_m"":0.5474193350540728,""lateral_slope_margin"":0.37827268681633996,""obstacle_m"":0.05129677365710018,""peak_curvature_rate_radpm2"":3.108468809690644,""peak_lateral_slope"":0.4217273131836601,""peak_negative_curvature_radpm"":-0.3201045419938369,""peak_positive_curvature_radpm"":1.68618393485134,""signed_curvature_margin_radpm"":-0.36991741577232906}","{""braking_deficit_m"":0,""braking_feasible"":true,""exit_reaches_next_obstacle"":false,""generation_index"":2000,""global_path_deviation_m"":0.02003237846731067,""minimum_normalized_safety_slack"":-0.281035345357838,""velocity_loss"":0.29203250833554906}"
V2E08,M1,ZERO_BOUNDARY_SPAN,RIGHT,2001,3991ea21a72979c5,M1_BRANCH_COMPLETE_ACTIVE_SET_CLOSURE,ZERO_INTERFACE,ZERO_RIGHT__ZERO_BOTH__ZERO_LEFT,True,False,-0.1593359375,,,-0.1593359375,0,ZERO_INTERFACE,NONE,NONE,0.7136694116555473,0.4971684162574945,0,0.2506430508507757,0.32000762449136455,0.38937219813195334,1.6365219724476168,True,False,shifted race line exceeds left control steering curvature,"{""center_track_margin_m"":0.8689669332660477,""d_m"":-0.05353306673395226,""footprint_invalid"":false,""footprint_track_margin_m"":0.569763957993068,""s_m"":14.797220405260116,""x_m"":1.0713340143674621,""y_m"":0.13826321140717746,""yaw_rad"":-0.721713708296155}","{""center_track_m"":0.7381769626410316,""curvature_rate_margin_radpm2"":16.891531190309355,""footprint_track_m"":0.5474193350540728,""lateral_slope_margin"":0.37827268681633996,""obstacle_m"":0.05129677365710018,""peak_curvature_rate_radpm2"":3.108468809690644,""peak_lateral_slope"":0.4217273131836601,""peak_negative_curvature_radpm"":-0.3201045419938369,""peak_positive_curvature_radpm"":1.68618393485134,""signed_curvature_margin_radpm"":-0.36991741577232906}","{""braking_deficit_m"":0,""braking_feasible"":true,""exit_reaches_next_obstacle"":false,""generation_index"":2001,""global_path_deviation_m"":0.02003237846731067,""minimum_normalized_safety_slack"":-0.281035345357838,""velocity_loss"":0.29203250833554906}"
V2E08,M1,NEAR_LONG,RIGHT,2002,bd60924f8c276b32,M1_BRANCH_COMPLETE_ACTIVE_SET_CLOSURE,ACTIVE_OUTER,SAME_SIGN_NEGATIVE__SIGN_CHANGE__SAME_SIGN_POSITIVE,True,False,-0.15,0.3512738198587826,-0.37486814653842604,-0.5527232921213392,0,ACTIVE_OUTER,CORRIDOR_BOTTLENECK,CORRIDOR_CENTER,1.310934367577036,7.397546202396385,0,0.2506430508507757,0.32000762449136455,0.38937219813195334,18.946158540790684,True,False,quintic d-offset exceeds maximum_lateral_slope,"{""center_track_margin_m"":0.8644692045493572,""d_m"":-0.05803079545064279,""footprint_invalid"":false,""footprint_track_margin_m"":0.5549218154612722,""s_m"":14.797220405260116,""x_m"":1.0708935704708056,""y_m"":0.1337871000610601,""yaw_rad"":-1.4033874630894931}","{""center_track_m"":-3.0988835030330026,""curvature_rate_margin_radpm2"":-1.8007980161179376,""footprint_track_m"":-3.266916935341591,""lateral_slope_margin"":-0.46305890814646,""obstacle_m"":0.05579450237379071,""peak_curvature_rate_radpm2"":21.800798016117938,""peak_lateral_slope"":1.26305890814646,""peak_negative_curvature_radpm"":-0.968570194329579,""peak_positive_curvature_radpm"":4.742697426362023,""signed_curvature_margin_radpm"":-3.4264309072830117}","{""braking_deficit_m"":0,""braking_feasible"":true,""exit_reaches_next_obstacle"":false,""generation_index"":2002,""global_path_deviation_m"":1.4284935103664147,""minimum_normalized_safety_slack"":-2.6031437080694557,""velocity_loss"":0.1381349220028885}"
V2E09,M1,ZERO_BOUNDARY_SHORT,RIGHT,2000,cb6fee59ad6653be,M1_BRANCH_COMPLETE_ACTIVE_SET_CLOSURE,ZERO_INTERFACE,ZERO_RIGHT__ZERO_BOTH__ZERO_LEFT,True,False,-0.1597265625,,,-0.1597265625,0,ZERO_INTERFACE,NONE,NONE,0.5145810930150512,0.4971684162574945,0.17038149568398814,0.28047722716299717,0.3824225684355014,0.4843679097080056,1.731517684023669,True,False,shifted race line exceeds left control steering curvature,"{""center_track_margin_m"":0.8507032962739173,""d_m"":0.021796703726082802,""footprint_invalid"":false,""footprint_track_margin_m"":0.5303812848660122,""s_m"":43.8611773399317,""x_m"":-7.7055002077135875,""y_m"":5.1342615373552,""yaw_rad"":1.7901790518594007}","{""center_track_m"":0.5968621388657995,""curvature_rate_margin_radpm2"":15.715571824544284,""footprint_track_m"":0.427673998669135,""lateral_slope_margin"":0.08335243470432263,""obstacle_m"":0.1250806476062331,""peak_curvature_rate_radpm2"":4.284428175455716,""peak_lateral_slope"":0.7166475652956774,""peak_negative_curvature_radpm"":0,""peak_positive_curvature_radpm"":2.0748928653582395,""signed_curvature_margin_radpm"":-0.7586263462792284}","{""braking_deficit_m"":0,""braking_feasible"":true,""exit_reaches_next_obstacle"":false,""generation_index"":2000,""global_path_deviation_m"":0.02225254517282789,""minimum_normalized_safety_slack"":-0.5763470659498638,""velocity_loss"":0.16864102832812133}"
V2E09,M1,ZERO_BOUNDARY_SPAN,RIGHT,2001,6b0c7ff405185312,M1_BRANCH_COMPLETE_ACTIVE_SET_CLOSURE,ZERO_INTERFACE,ZERO_RIGHT__ZERO_BOTH__ZERO_LEFT,True,False,-0.1597265625,,,-0.1597265625,0,ZERO_INTERFACE,NONE,NONE,0.7136694116555473,0.4971684162574945,0.12778612176299112,0.28047722716299717,0.3824225684355014,0.4843679097080056,1.731517684023669,True,False,shifted race line exceeds left control steering curvature,"{""center_track_margin_m"":0.8507032962739173,""d_m"":0.021796703726082802,""footprint_invalid"":false,""footprint_track_margin_m"":0.530304915855272,""s_m"":43.8611773399317,""x_m"":-7.7055002077135875,""y_m"":5.1342615373552,""yaw_rad"":1.787048554018283}","{""center_track_m"":0.5968621388657995,""curvature_rate_margin_radpm2"":15.668231006939042,""footprint_track_m"":0.427673998669135,""lateral_slope_margin"":0.08049076289087254,""obstacle_m"":0.1257983228581435,""peak_curvature_rate_radpm2"":4.331768993060957,""peak_lateral_slope"":0.7195092371091275,""peak_negative_curvature_radpm"":0,""peak_positive_curvature_radpm"":2.0851867576176053,""signed_curvature_margin_radpm"":-0.7689202385385943}","{""braking_deficit_m"":0,""braking_feasible"":true,""exit_reaches_next_obstacle"":false,""generation_index"":2001,""global_path_deviation_m"":0.022279125737713464,""minimum_normalized_safety_slack"":-0.5841675887012656,""velocity_loss"":0.16893909628705042}"
