phase,dataset_role,resource,access
DEVELOPMENT_BASELINE,PILOT_SEEN_DEVELOPMENT_DATA,planning_study/p3_oracle_pilot_v2/oracle_summary.csv,READ
DEVELOPMENT_BASELINE,PILOT_SEEN_DEVELOPMENT_DATA,planning_study/p3_oracle_pilot_v2/lineage_parity.csv,READ
DEVELOPMENT_BASELINE,PILOT_SEEN_DEVELOPMENT_DATA,planning_study/p3_oracle_pilot_v2/inputs/V2E01.event,HARNESS_INPUT
DEVELOPMENT_BASELINE,PILOT_SEEN_DEVELOPMENT_DATA,planning_study/p3_oracle_pilot_v2/inputs/V2E02.event,HARNESS_INPUT
DEVELOPMENT_BASELINE,PILOT_SEEN_DEVELOPMENT_DATA,planning_study/p3_oracle_pilot_v2/inputs/V2E03.event,HARNESS_INPUT
DEVELOPMENT_BASELINE,PILOT_SEEN_DEVELOPMENT_DATA,planning_study/p3_oracle_pilot_v2/inputs/V2E04.event,HARNESS_INPUT
DEVELOPMENT_BASELINE,PILOT_SEEN_DEVELOPMENT_DATA,planning_study/p3_oracle_pilot_v2/inputs/V2E05.event,HARNESS_INPUT
DEVELOPMENT_BASELINE,PILOT_SEEN_DEVELOPMENT_DATA,planning_study/p3_oracle_pilot_v2/inputs/V2E06.event,HARNESS_INPUT
DEVELOPMENT_BASELINE,PILOT_SEEN_DEVELOPMENT_DATA,planning_study/p3_oracle_pilot_v2/inputs/V2E07.event,HARNESS_INPUT
DEVELOPMENT_BASELINE,PILOT_SEEN_DEVELOPMENT_DATA,planning_study/p3_oracle_pilot_v2/inputs/V2E08.event,HARNESS_INPUT
DEVELOPMENT_BASELINE,PILOT_SEEN_DEVELOPMENT_DATA,planning_study/p3_oracle_pilot_v2/inputs/V2E09.event,HARNESS_INPUT
DEVELOPMENT_BASELINE,DEVELOPMENT,planning_study/p3_mapping_research_corpus_v1/raw_oracle/oracle_summary.csv,READ
DEVELOPMENT_BASELINE,DEVELOPMENT,planning_study/p3_mapping_research_corpus_v1/raw_oracle/lineage_parity.csv,READ
DEVELOPMENT_BASELINE,DEVELOPMENT,planning_study/p3_mapping_research_corpus_v1/raw_oracle/inputs/DVE001.event,HARNESS_INPUT
DEVELOPMENT_BASELINE,DEVELOPMENT,planning_study/p3_mapping_research_corpus_v1/raw_oracle/inputs/DVE002.event,HARNESS_INPUT
DEVELOPMENT_BASELINE,DEVELOPMENT,planning_study/p3_mapping_research_corpus_v1/raw_oracle/inputs/DVE003.event,HARNESS_INPUT
DEVELOPMENT_BASELINE,DEVELOPMENT,planning_study/p3_mapping_research_corpus_v1/raw_oracle/inputs/DVE004.event,HARNESS_INPUT
DEVELOPMENT_BASELINE,DEVELOPMENT,planning_study/p3_mapping_research_corpus_v1/raw_oracle/inputs/DVE005.event,HARNESS_INPUT
DEVELOPMENT_BASELINE,DEVELOPMENT,planning_study/p3_mapping_research_corpus_v1/raw_oracle/inputs/DVE006.event,HARNESS_INPUT
DEVELOPMENT_BASELINE,DEVELOPMENT,planning_study/p3_mapping_research_corpus_v1/raw_oracle/inputs/DVE007.event,HARNESS_INPUT
DEVELOPMENT_BASELINE,DEVELOPMENT,planning_study/p3_mapping_research_corpus_v1/raw_oracle/inputs/DVE008.event,HARNESS_INPUT
DEVELOPMENT_BASELINE,DEVELOPMENT,planning_study/p3_mapping_research_corpus_v1/raw_oracle/inputs/DVE009.event,HARNESS_INPUT
DEVELOPMENT_BASELINE,DEVELOPMENT,planning_study/p3_mapping_research_corpus_v1/raw_oracle/inputs/DVE010.event,HARNESS_INPUT
DEVELOPMENT_BASELINE,DEVELOPMENT,planning_study/p3_mapping_research_corpus_v1/raw_oracle/inputs/DVE011.event,HARNESS_INPUT
DEVELOPMENT_BASELINE,DEVELOPMENT,planning_study/p3_mapping_research_corpus_v1/raw_oracle/inputs/DVE012.event,HARNESS_INPUT
DEVELOPMENT_BASELINE,DEVELOPMENT,planning_study/p3_mapping_research_corpus_v1/raw_oracle/inputs/DVE013.event,HARNESS_INPUT
DEVELOPMENT_BASELINE,DEVELOPMENT,planning_study/p3_mapping_research_corpus_v1/raw_oracle/inputs/DVE014.event,HARNESS_INPUT
DEVELOPMENT_BASELINE,DEVELOPMENT,planning_study/p3_mapping_research_corpus_v1/raw_oracle/inputs/DVE015.event,HARNESS_INPUT
DEVELOPMENT_BASELINE,DEVELOPMENT,planning_study/p3_mapping_research_corpus_v1/raw_oracle/inputs/DVE016.event,HARNESS_INPUT
DEVELOPMENT_BASELINE,DEVELOPMENT,planning_study/p3_mapping_research_corpus_v1/raw_oracle/inputs/DVE017.event,HARNESS_INPUT
DEVELOPMENT_BASELINE,DEVELOPMENT,planning_study/p3_mapping_research_corpus_v1/raw_oracle/inputs/DVE018.event,HARNESS_INPUT
DEVELOPMENT_BASELINE,DEVELOPMENT,planning_study/p3_mapping_research_corpus_v1/raw_oracle/inputs/DVE019.event,HARNESS_INPUT
DEVELOPMENT_BASELINE,DEVELOPMENT,planning_study/p3_mapping_research_corpus_v1/raw_oracle/inputs/DVE020.event,HARNESS_INPUT
DEVELOPMENT_BASELINE,DEVELOPMENT,planning_study/p3_mapping_research_corpus_v1/raw_oracle/inputs/DVE021.event,HARNESS_INPUT
DEVELOPMENT_BASELINE,DEVELOPMENT,planning_study/p3_mapping_research_corpus_v1/raw_oracle/inputs/DVE022.event,HARNESS_INPUT
DEVELOPMENT_BASELINE,DEVELOPMENT,planning_study/p3_mapping_research_corpus_v1/raw_oracle/inputs/DVE023.event,HARNESS_INPUT
DEVELOPMENT_BASELINE,DEVELOPMENT,planning_study/p3_mapping_research_corpus_v1/raw_oracle/inputs/DVE024.event,HARNESS_INPUT
DEVELOPMENT_BASELINE,DEVELOPMENT,planning_study/p3_mapping_research_corpus_v1/raw_oracle/inputs/DVE025.event,HARNESS_INPUT
DEVELOPMENT_BASELINE,DEVELOPMENT,planning_study/p3_mapping_research_corpus_v1/raw_oracle/inputs/DVE026.event,HARNESS_INPUT
DEVELOPMENT_BASELINE,DEVELOPMENT,planning_study/p3_mapping_research_corpus_v1/raw_oracle/inputs/DVE027.event,HARNESS_INPUT
DEVELOPMENT_BASELINE,DEVELOPMENT,planning_study/p3_mapping_research_corpus_v1/raw_oracle/inputs/DVE028.event,HARNESS_INPUT
DEVELOPMENT_BASELINE,DEVELOPMENT,planning_study/p3_mapping_research_corpus_v1/raw_oracle/inputs/DVE029.event,HARNESS_INPUT
DEVELOPMENT_BASELINE,DEVELOPMENT,planning_study/p3_mapping_research_corpus_v1/raw_oracle/inputs/DVE030.event,HARNESS_INPUT
DEVELOPMENT_BASELINE,DEVELOPMENT,planning_study/p3_mapping_research_corpus_v1/raw_oracle/inputs/DVE031.event,HARNESS_INPUT
DEVELOPMENT_BASELINE,DEVELOPMENT,planning_study/p3_mapping_research_corpus_v1/raw_oracle/inputs/DVE032.event,HARNESS_INPUT
DEVELOPMENT_BASELINE,DEVELOPMENT,planning_study/p3_mapping_research_corpus_v1/raw_oracle/inputs/DVE033.event,HARNESS_INPUT
DEVELOPMENT_BASELINE,DEVELOPMENT,planning_study/p3_mapping_research_corpus_v1/raw_oracle/inputs/DVE034.event,HARNESS_INPUT
DEVELOPMENT_BASELINE,DEVELOPMENT,planning_study/p3_mapping_research_corpus_v1/raw_oracle/inputs/DVE035.event,HARNESS_INPUT
DEVELOPMENT_BASELINE,DEVELOPMENT,planning_study/p3_mapping_research_corpus_v1/raw_oracle/inputs/DVE036.event,HARNESS_INPUT
DEVELOPMENT_BASELINE,DEVELOPMENT,planning_study/p3_mapping_research_corpus_v1/raw_oracle/inputs/DVE037.event,HARNESS_INPUT
DEVELOPMENT_BASELINE,DEVELOPMENT,planning_study/p3_mapping_research_corpus_v1/raw_oracle/inputs/DVE038.event,HARNESS_INPUT
DEVELOPMENT_BASELINE,DEVELOPMENT,planning_study/p3_mapping_research_corpus_v1/raw_oracle/inputs/DVE039.event,HARNESS_INPUT
DEVELOPMENT_BASELINE,DEVELOPMENT,planning_study/p3_mapping_research_corpus_v1/raw_oracle/inputs/DVE040.event,HARNESS_INPUT
DEVELOPMENT_BASELINE,DEVELOPMENT_49,planning_study/gqsc_standalone_coverage_repair_v2/diversity_policy_ablation.csv,READ_DEVELOPMENT_ABLATION
DEVELOPMENT_POLICY_COMPARISON,DEVELOPMENT_49,49 frozen DEVELOPMENT event inputs,FOUR_PREDECLARED_POLICIES_PLUS_SELECTED_RUNTIME
POST_LOCK_ONE_SHOT,VALIDATION_SEEN_AFTER_V1,planning_study/p3_geometry_conditioned_validation_v1/validation_oracle_summary.csv,READ_ONCE
POST_LOCK_ONE_SHOT,VALIDATION_SEEN_AFTER_V1,planning_study/p3_geometry_conditioned_validation_v1/raw_oracle/lineage_parity.csv,READ_ONCE
POST_LOCK_ONE_SHOT,SUCCESS_CONTROL_18,planning_study/p3_geometry_conditioned_method_v1/success_control_manifest.csv,READ_ONCE
POST_LOCK_METADATA_FINALIZATION,SUCCESS_CONTROL_18,planning_study/p3_r3_k12_integration_v1/production_success_noninterference.csv,READ_FROZEN_BASELINE_DIGESTS_NO_EVALUATOR
POST_LOCK_DOCUMENTATION_AUDIT,DEVELOPMENT_49,49 frozen DEVELOPMENT event inputs,READ_GEOMETRY_TRACE_NO_POLICY_CHANGE
