event_id,dataset_role,bag,legacy_selected_stage,legacy_hard_valid,legacy_usable_valid,legacy_digest,legacy_d_target,legacy_d_mid,legacy_entry_scale,legacy_exit_scale,legacy_safety_slack,legacy_track_margin_m,legacy_obstacle_margin_m,legacy_curvature_margin,legacy_curvature_rate_margin,legacy_slope_margin,legacy_braking_deficit_m,legacy_velocity_loss,legacy_constructed_actual,legacy_validators_actual,legacy_wall_p50_ms,gqsc_hard_valid,gqsc_selected_usable_valid,gqsc_usable_valid_exists,gqsc_digest,gqsc_d_target,gqsc_d_mid,gqsc_entry_scale,gqsc_exit_scale,gqsc_safety_slack,gqsc_track_margin_m,gqsc_obstacle_margin_m,gqsc_curvature_margin,gqsc_curvature_rate_margin,gqsc_slope_margin,gqsc_braking_deficit_m,gqsc_velocity_loss,gqsc_constructions,gqsc_validators,gqsc_seeded_wall_p50_ms,gqsc_core_p50_ms,selected_digest_exact,selected_parameter_linf_distance,track_margin_delta_m,obstacle_margin_delta_m
SCE001,PILOT_SEEN_DEVELOPMENT_DATA_SUCCESS_CONTROL_AUXILIARY,rosbag2_2026_08_24-19_00_30,M0_V1,1,1,d9d23404d663942d,0.15,0.22695282259450358,1.310934367577036,3.3842202479584516,0.017483366486120217,0.005189512818077814,0.026225049729180328,0.5086515252478068,18.353038180808795,0.3705966688608148,0.0,0.09574849383926398,6,6,5.7615055,1,1,1,3179118708318950,-0.5633127515808236,-0.5580510485546251,1.310934367577036,3.3842202479584516,0.03742092837915153,0.006389740486901475,0.16712551575059698,0.8160175086453675,19.510852054091266,0.6822798097933748,0.0,0.05652202745136923,12,11,18.2939035,12.3387795,0,0.7850038711491286,0.0012002276688236613,0.14090046602141665
SCE002,PILOT_SEEN_DEVELOPMENT_DATA_SUCCESS_CONTROL_AUXILIARY,rosbag2_2026_08_24-19_00_30,M1,1,1,d8755f76f270feba,0.1603125,0.1603125,0.5145810930150512,0.4971684162574945,0.010550143915425617,0.530378934551757,0.015825215873138426,0.8280643416674032,19.221138130789868,0.7055115308104908,0.0,0.21511533060604038,2,2,1.1560489999999999,1,1,1,ab2a6e55926ea336,0.2203125,0.2003125,0.7136694116555473,0.4971684162574945,0.03724589758183102,0.530378934551757,0.05586884637274653,0.5963156551795024,19.221138130789868,0.6762246661090302,0.0,0.21511533060604038,12,11,5.7049815,4.3532475,0,0.19908831864049614,0.0,0.0400436304996081
SCE003,PILOT_SEEN_DEVELOPMENT_DATA_SUCCESS_CONTROL_AUXILIARY,rosbag2_2026_08_24-19_00_30,M0_V1,1,0,ca12d99729f10d84,-0.5371544799026151,-0.5930832368914567,1.310934367577036,3.94735730932694,0.01613603753823571,0.013631181326625143,0.055172760048693315,0.4994475374421118,18.73395424610461,0.494060866449138,0.024368023371953762,0.06656671115127812,10,10,6.928077,1,1,1,a5071d76383f35ea,-0.5471544799026151,-0.5471544799026151,1.310934367577036,3.94735730932694,0.006666635019827671,0.031086417251649325,0.009999952529741507,0.6696533573149378,19.525807033987004,0.4811345388253607,0.0,0.04390452311676416,12,10,23.854654500000002,16.793796,0,0.04592875698884158,0.017455235925024182,-0.04517280751895181
SCE004,PILOT_SEEN_DEVELOPMENT_DATA_SUCCESS_CONTROL_AUXILIARY,rosbag2_2026_08_24-19_00_30,M0_V2,1,1,6f083f28fdccfd41,-0.26125,-0.26125,1.310934367577036,7.397546202396385,0.07417140848229054,0.005862025807701822,0.15746860744726177,0.4629091947099354,19.043146049257256,0.10346189855026144,0.0,0.1140682801059527,4,4,3.139087,1,1,1,b51475b220a6aee7,-0.27125,-0.27125,1.310934367577036,7.397546202396385,0.06750492332052811,0.00584554137519392,0.16746856710492752,0.45999524140150716,19.05436678663495,0.11175140228176517,0.0,0.11386261155327473,12,10,12.6046445,9.2919545,0,0.010000000000000009,-1.648443250790166e-05,0.009999959657665758
SCE005,PILOT_SEEN_DEVELOPMENT_DATA_SUCCESS_CONTROL_AUXILIARY,rosbag2_2026_08_24-19_00_30,M0_V1,1,1,3d31c4c5eac6c042,0.15828320265731108,0.26420277646044976,1.310934367577036,3.335197943455616,0.01828328240435619,0.2264083070877254,0.027424923606534285,0.5412553366506431,17.81008962960332,0.4791137540436157,0.0,0.1306891374460224,6,6,6.6062735,1,1,1,bf76993f313b9901,0.1682832026573111,0.15828320265731108,1.310934367577036,3.335197943455616,0.0016406198204990303,0.4243704708610193,0.0024609297307485456,0.5401222968585135,19.208727587470175,0.7518603240077169,0.0,0.1006261506838418,12,11,25.0344185,18.172720499999997,0,0.10591957380313868,0.1979621637732939,-0.02496399387578574
SCE006,PILOT_SEEN_DEVELOPMENT_DATA_SUCCESS_CONTROL_AUXILIARY,rosbag2_2026_08_24-19_00_30,M0_V2,1,1,d96df603ea031f4c,-0.4166707362433715,-0.4166707362433715,1.310934367577036,7.397546202396385,0.07055268502762913,0.09211331732904507,0.10582902754144369,0.697309788388106,19.219809824893563,0.5970329112303033,0.0,0.10561989293364976,9,9,9.602767,1,1,1,744a3652ee2346e7,-0.4266707362433715,-0.4266707362433715,1.310934367577036,7.397546202396385,0.0639515864218914,0.08202763223181056,0.11582902187233463,0.697309788388106,19.219776828344365,0.5913616404727411,0.0,0.10517936623522531,12,12,25.681734,15.7014005,0,0.010000000000000009,-0.010085685097234509,0.009999994330890938
SCE007,PILOT_SEEN_DEVELOPMENT_DATA_SUCCESS_CONTROL_AUXILIARY,rosbag2_2026_08_24-19_24_17,M0_V1,1,1,9a31c3bebb8cb06a,0.16974513453712126,0.2507782326637334,0.5145810930150512,3.4300741279633424,0.020498415191532986,0.09584503584947501,0.07999999999999996,0.026981377610795443,14.165842660017958,0.0763453237311077,0.0,0.11456971171675065,12,12,8.9408665,1,1,1,7571137ff3479ae5,-0.524633016920255,-0.5330934533627391,1.310934367577036,3.94735730932694,0.005575605754658763,0.10212040763601463,0.008363408631988145,0.6187441674115142,19.29375113311738,0.5474694770828157,0.0,0.05738355798725944,12,12,22.816477499999998,13.508011,0,0.7963532745619848,0.006275371786539613,-0.07163659136801181
SCE008,PILOT_SEEN_DEVELOPMENT_DATA_SUCCESS_CONTROL_AUXILIARY,rosbag2_2026_08_24-19_24_17,M1,1,0,4f6c3c15a0d151a0,0.1628515625,0.1628515625,0.5145810930150512,0.4971684162574945,-0.12715483191099108,0.5224179408375218,-0.19073224786648663,0.47756030759458,18.101361647274484,0.5503695384601512,0.0,0.37185786094405193,2,2,3.666626,1,0,0,ab2b34f3f403f802,0.1753125,0.1753125,0.5145810930150512,0.4971684162574945,-0.1266348748660033,0.5219202970024686,-0.18995231229900494,0.33648717675364526,17.885412793297817,0.5276895104277014,0.0,0.37185786094405193,12,10,8.3456405,4.401259,0,0.012460937500000019,-0.0004976438350532408,0.0007799355674816821
SCE009,PILOT_SEEN_DEVELOPMENT_DATA_SUCCESS_CONTROL_AUXILIARY,rosbag2_2026_08_24-19_24_17,M0_V2,1,1,88bc845606133104,0.274375,0.274375,0.7136694116555473,1.7212425278096128,0.16402430036450155,0.3694473700987303,0.24603645054675233,0.5491136117997052,19.284620177268454,0.7531085397323056,0.0,0.0960713389027642,4,4,6.2951524999999995,1,1,1,f03004c2439562e9,0.15,0.15,0.7136694116555473,1.7212425278096128,0.08110763640492329,0.42018486555258433,0.12166145460738492,0.5491136117997052,19.284620177268454,0.7483854277193143,0.0,0.09080658075449706,12,10,25.759932,19.1253355,0,0.12437499999999999,0.05073749545385403,-0.1243749959393674
SCE010,PILOT_SEEN_DEVELOPMENT_DATA_SUCCESS_CONTROL_AUXILIARY,rosbag2_2026_08_24-19_24_17,M0_V2,1,1,1d495bf3a3b40011,-0.16583532250962685,-0.16583532250962685,1.310934367577036,0.5863116168761787,0.00708877686785601,0.03418686776548463,0.010633165301784014,0.18453125482001287,18.485128102080427,0.056855669178035306,0.0,0.18600618683667502,15,15,13.010836999999999,1,1,1,2f45445205943557,-0.1550152482637479,-0.16501524826374792,1.310934367577036,7.397546202396385,0.0034932826099604943,0.0365895138670127,0.005239923914940742,0.32425529979240986,18.797053422487966,0.11650867945108456,0.0,0.08325396226000989,12,11,32.176732,18.619800499999997,0,6.811234585520206,0.002402646101528072,-0.005393241386843273
SCE011,PILOT_SEEN_DEVELOPMENT_DATA_SUCCESS_CONTROL_AUXILIARY,rosbag2_2026_08_24-19_24_17,M0_V2,1,1,6fe2f85a25f7122c,0.274375,0.274375,0.7136694116555473,1.7237373326470635,0.16402429935966092,0.3694474912786592,0.2460364490394914,0.5584102707240306,19.135407870346164,0.7531770471778235,0.0,0.09152102020135104,4,4,6.2631,1,1,1,f238e433d073e122,0.15,0.15,0.7136694116555473,1.7237373326470635,0.08110777191068053,0.4138063185546716,0.12166165786602079,0.5987296797945996,19.135407870346164,0.7455742606014807,0.0,0.08635260691586857,12,11,26.855909000000004,20.1015085,0,0.12437499999999999,0.04435882727601237,-0.12437479117347061
SCE012,PILOT_SEEN_DEVELOPMENT_DATA_SUCCESS_CONTROL_AUXILIARY,rosbag2_2026_08_24-19_24_17,M0_V2,1,1,f66f519b83d696c3,-0.16583532250962685,-0.16583532250962685,1.310934367577036,0.5863492922175375,0.007086062974076508,0.02227053784734867,0.010629094461114763,0.16043280246131475,18.468029949549432,0.04459855987089967,0.0,0.18895677996695256,15,15,12.848192000000001,1,1,1,3fdf143bb6ca3303,-0.1550152482637479,-0.16501524826374792,1.310934367577036,7.397546202396385,0.003493704077215628,0.024640942650346886,0.0052405561158234415,0.302165948279869,18.791621146242594,0.10509138371880888,0.0,0.08398999985859609,12,11,32.02729,18.328392,0,6.811196910178848,0.002370404802998216,-0.005388538345291322
SCE013,PILOT_SEEN_DEVELOPMENT_DATA_SUCCESS_CONTROL_AUXILIARY,rosbag2_2026_08_25-09_59_22,M0_V1,1,0,aed80d485d7984de,-0.5146523950339973,-0.568576197516999,1.310934367577036,0.5805443983650909,0.05002359120223362,0.09002846801787137,1.5,0.6480320759875908,19.251948157377505,0.5330619614481619,0.1441076654380501,0.1170527304110331,12,12,9.653919000000002,1,0,0,4610831d1ce14f42,-0.5146523950339973,-0.5146523950339973,1.310934367577036,7.397546202396385,0.029716097046385486,0.030870744508120253,1.5,0.5229118074823073,19.229176682101933,0.618476946266572,0.1441076654380501,0.050138212934760264,12,10,24.7229615,14.7857695,0,6.817001804031294,-0.05915772350975112,0.0
SCE014,PILOT_SEEN_DEVELOPMENT_DATA_SUCCESS_CONTROL_AUXILIARY,rosbag2_2026_08_25-09_59_22,M0_V1,1,1,a314c4416281ed3c,0.15,0.15079706479745622,0.5145810930150512,6.1357290627552885,0.07429406629604268,0.34527306634531507,0.11144109944406402,0.5683582968053299,18.71553470712002,0.6530352321438114,0.0,0.053225047094913845,6,6,7.372114,1,1,1,4e61dff796ee01f5,0.15,0.15,1.310934367577036,6.1357290627552885,0.07421936271122782,0.32197893693605906,0.11132904406684174,0.576418160611297,18.667642184570724,0.740010578254064,0.0,0.054360290024022935,12,12,25.626101,18.161537000000003,0,0.7963532745619848,-0.023294129409256015,-0.00011205537722228098
SCE015,PILOT_SEEN_DEVELOPMENT_DATA_SUCCESS_CONTROL_AUXILIARY,rosbag2_2026_08_25-09_59_22,M0_V1,1,1,ca65eca6c9dede70,0.15,0.17158014515235043,0.5145810930150512,7.397546202396385,0.049343208646707104,0.38753811538611804,0.07401481297006066,0.5308959986475708,19.213061009583278,0.7357490600453864,0.0,0.087869949957557,12,12,10.170407,1,1,1,9b0526fbf1543c59,0.15,0.15,0.5145810930150512,7.397546202396385,0.03894566138410164,0.36922309169331213,0.05841849207615246,0.5308959986475708,19.21782543133903,0.7828682081807642,0.0,0.08541720497749535,12,10,24.4928825,14.294136,0,0.021580145152350433,-0.01831502369280591,-0.015596320893908194
SCE016,PILOT_SEEN_DEVELOPMENT_DATA_SUCCESS_CONTROL_AUXILIARY,rosbag2_2026_08_25-09_59_22,M0_V2,1,1,4414e2c129a6650a,-0.4292088576928546,-0.4292088576928546,0.7136694116555473,2.0227246912409185,0.01068723082136103,0.20529679143981397,0.03990077192125563,0.014067244111826804,17.312477117839727,0.5543844881829527,0.0,0.08152048541763394,10,10,9.8056,1,1,1,169fe9355120d70a,-0.33364912572187166,-0.33364912572187166,1.310934367577036,3.5482809662243424,0.004177913045104027,0.23683945832945422,0.0062668695676560415,0.3783619834232834,19.386127476947962,0.7723432863879647,0.0,0.05155829814203944,12,11,25.031973999999998,14.594294000000001,0,1.525556274983424,0.03154266688964025,-0.03363390235359959
SCE017,PILOT_SEEN_DEVELOPMENT_DATA_SUCCESS_CONTROL_AUXILIARY,rosbag2_2026_08_25-09_59_22,M0_V1,1,0,cf72e6e5b7947ceb,-0.15000000000000002,-0.15000003246448634,1.310934367577036,3.94735730932694,0.09739462633523895,0.3778823884598543,0.14609193950285843,0.6633319984885315,19.51742494995196,0.7438036305008959,0.7593612423004648,0.039875550735504944,6,6,4.097501,1,0,0,21631e60a8447462,-0.16554687499999998,-0.16554687499999998,1.310934367577036,3.94735730932694,0.10775878813029877,0.3640474912813377,0.16163818219544815,0.6605511447709563,19.51826050959167,0.7322472264541446,0.7593612423004648,0.039875550735504944,12,12,16.357579,12.124911,0,0.01554687499999996,-0.013834897178516603,0.015546242692589723
SCE018,PILOT_SEEN_DEVELOPMENT_DATA_SUCCESS_CONTROL_AUXILIARY,rosbag2_2026_08_25-09_59_22,M0_V1,1,1,8a01d50ce464f2c3,0.15702428412572464,0.23702428412572457,1.310934367577036,0.5707484282984046,0.21175466848104998,0.3156848907066788,1.5,0.6444884124987417,19.041620848084293,0.647418970455621,0.0,0.1620693462137634,12,12,11.042162999999999,1,1,1,14e4290193b80176,0.15702428412572464,0.13702428412572465,1.310934367577036,3.94735730932694,0.26265092727502515,0.3798021928559317,1.5,0.48314065780566107,19.246790636026166,0.7563916444394592,0.0,0.07199685757752226,12,12,35.2294645,22.6953285,0,3.3766088810285355,0.06411730214925287,0.0
